raw_0,raw_1,raw_2,raw_3,raw_4,raw_5,raw_6,raw_7,raw_8,raw_9,raw_10,raw_11,raw_12,raw_13,raw_14,raw_15,raw_16,raw_17,raw_18,raw_19,raw_20,raw_21,raw_22,raw_23,raw_24,raw_25,raw_26,raw_27,raw_28,raw_29,raw_30,raw_31,raw_32,raw_33,raw_34,raw_35,raw_36,raw_37,raw_38,raw_39,raw_40,raw_41,raw_42,raw_43,raw_44,raw_45,raw_46,raw_47,raw_48,raw_49,raw_50,raw_51,raw_52,raw_53,raw_54,raw_55,raw_56,raw_57,raw_58,raw_59,raw_60,raw_61,raw_62,inv_0,inv_1,inv_2,inv_3,inv_4,inv_5,inv_6,inv_7,label
0.5376600027084351,1.0874673128128052,6.754686410204158e-07,0.4978315234184265,1.079437494277954,-0.0489380843937397,0.456842303276062,1.0465364456176758,-0.09386765956878662,0.4234474301338196,1.024283528327942,-0.1321442574262619,0.3923574984073639,1.0031768083572388,-0.17614072561264038,0.45594361424446106,0.949089527130127,-0.1274782121181488,0.42381832003593445,0.8544380068778992,-0.1820160150527954,0.4035934805870056,0.7897340059280396,-0.21362358331680298,0.3885917067527771,0.7314485907554626,-0.23512676358222961,0.5111656785011292,0.9318930506706238,-0.132285475730896,0.4954195022583008,0.8125163912773132,-0.1891801506280899,0.48582130670547485,0.7314721345901489,-0.2236858308315277,0.4778631925582886,0.6597788333892822,-0.24801230430603027,0.5628350377082825,0.9426882266998291,-0.13707990944385529,0.5611578822135925,0.8294626474380493,-0.19279180467128754,0.5585013628005981,0.7507036924362183,-0.22708794474601746,0.5555799603462219,0.6820374131202698,-0.24887271225452423,0.6109555959701538,0.9705693125724792,-0.14228931069374084,0.6236504912376404,0.8866288065910339,-0.19128857553005219,0.6284767985343933,0.8259779214859009,-0.21675574779510498,0.6296335458755493,0.771964430809021,-0.23381659388542175,1.1819798968901523,2.194707874743166,2.4183472927688827,2.3118029978859505,1.9586000477117316,1.3504019665025,0.5594454549828205,0.9190958626547279,open_hand
0.5244829654693604,1.0635294914245605,1.1512490800669184e-06,0.48663130402565,1.0713752508163452,-0.08063586056232452,0.44975546002388,1.0549031496047974,-0.14147154986858368,0.4249495267868042,1.042964220046997,-0.19025999307632446,0.3984406590461731,1.0329824686050415,-0.24412788450717926,0.44385212659835815,0.9063226580619812,-0.15027940273284912,0.41601958870887756,0.8127768635749817,-0.21366284787654877,0.3957645893096924,0.7403098940849304,-0.259173721075058,0.38197124004364014,0.6759342551231384,-0.29147759079933167,0.4994637668132782,0.8822572231292725,-0.1415131688117981,0.49231192469596863,0.76784747838974,-0.2042613923549652,0.4883098900318146,0.6833603382110596,-0.25081464648246765,0.4835166037082672,0.606220006942749,-0.2848705053329468,0.5515151619911194,0.8873090147972107,-0.13481535017490387,0.5547774434089661,0.7780075073242188,-0.19025646150112152,0.553142249584198,0.6993294954299927,-0.22942817211151123,0.5516065955162048,0.6315381526947021,-0.25674206018447876,0.5963435173034668,0.9129235744476318,-0.13195709884166718,0.6138051152229309,0.8331764936447144,-0.17693117260932922,0.6156067252159119,0.7711544036865234,-0.20285837352275848,0.6171445846557617,0.7148677110671997,-0.22238387167453766,1.1950139208225328,2.185083233761966,2.3358027172746527,2.175525637137333,1.8320348899881171,1.5586156981473505,0.5332264033922378,0.7919877621649593,open_hand
0.5029447674751282,1.0271490812301636,1.0651825732566067e-06,0.4618552029132843,1.0288708209991455,-0.06845855712890625,0.42765340209007263,1.0116156339645386,-0.11920417845249176,0.39973947405815125,1.0025931596755981,-0.16034476459026337,0.3722940683364868,1.003183126449585,-0.20502232015132904,0.42764195799827576,0.8469281196594238,-0.1123507171869278,0.3991692364215851,0.7508529424667358,-0.16143876314163208,0.3801468014717102,0.6811767816543579,-0.19862236082553864,0.36690932512283325,0.6199510097503662,-0.2244490534067154,0.4823671281337738,0.8230319023132324,-0.10382089018821716,0.47679316997528076,0.715613603591919,-0.14845886826515198,0.47390854358673096,0.636210024356842,-0.1838550865650177,0.4703289568424225,0.5680223703384399,-0.20912586152553558,0.5332011580467224,0.8301095962524414,-0.09817498177289963,0.5404711365699768,0.7206257581710815,-0.13882943987846375,0.5422778129577637,0.6417908072471619,-0.16914156079292297,0.5425786375999451,0.5736733675003052,-0.1892969161272049,0.5778452157974243,0.8576412200927734,-0.09615234285593033,0.5990460515022278,0.7759862542152405,-0.129717156291008,0.6048707365989685,0.712570071220398,-0.14696615934371948,0.6086512207984924,0.653721809387207,-0.15838715434074402,1.0624732047376875,2.106976022972833,2.1987971328206912,2.1441342578377625,1.823078364282489,1.6690553889017832,0.507702156287411,0.7413030370800309,open_hand
0.5034654140472412,0.9967001676559448,8.209489692490024e-07,0.4315617084503174,0.9904240965843201,-0.04441776126623154,0.3719775676727295,0.9582903981208801,-0.07724614441394806,0.3226320743560791,0.9236141443252563,-0.10403022915124893,0.28279438614845276,0.8866485953330994,-0.13178426027297974,0.4167799949645996,0.7946549654006958,-0.06795357167720795,0.38557901978492737,0.6948601007461548,-0.10051774978637695,0.3692643344402313,0.6262576580047607,-0.12509669363498688,0.35886049270629883,0.5673321485519409,-0.14190641045570374,0.4709851145744324,0.7731364369392395,-0.06687741726636887,0.46458375453948975,0.6577411890029907,-0.09414437413215637,0.45977509021759033,0.5800197124481201,-0.11615408211946487,0.4561598300933838,0.5147151947021484,-0.13160383701324463,0.5208117365837097,0.7816515564918518,-0.06880173832178116,0.5295926928520203,0.6671536564826965,-0.09632549434900284,0.5322646498680115,0.5922232866287231,-0.11688140779733658,0.531825065612793,0.5282864570617676,-0.1302603781223297,0.5657031536102295,0.812362790107727,-0.0731058418750763,0.587369978427887,0.7239560484886169,-0.09998870640993118,0.5952548980712891,0.6635628938674927,-0.11188872158527374,0.59821617603302,0.6076312065124512,-0.1177743449807167,1.1867272791847066,2.01511887425656,2.130122101712878,2.067098346572101,1.7716255941965715,1.393900789352222,0.47152948748743795,0.7228572527867185,open_hand
0.474498450756073,1.0244024991989136,7.153356591516058e-07,0.393934965133667,1.0000123977661133,-0.042048707604408264,0.3284367322921753,0.9386467337608337,-0.0683910995721817,0.27602314949035645,0.8804230093955994,-0.08972284942865372,0.23060180246829987,0.8296302556991577,-0.11109470576047897,0.3917316794395447,0.766545832157135,-0.04465951398015022,0.3634006977081299,0.6589745283126831,-0.07054280489683151,0.3476807177066803,0.5893113613128662,-0.09253303706645966,0.3388107717037201,0.5277873277664185,-0.10915802419185638,0.4503209590911865,0.7436559200286865,-0.04526931047439575,0.4459953308105469,0.6113093495368958,-0.06607462465763092,0.44326671957969666,0.527069091796875,-0.08573685586452484,0.4431176781654358,0.45738455653190613,-0.10122297704219818,0.5031251311302185,0.7519659399986267,-0.05051877722144127,0.5109723806381226,0.6272141933441162,-0.07420859485864639,0.5130634307861328,0.5501253008842468,-0.09134070575237274,0.5130606293678284,0.48305997252464294,-0.10389777272939682,0.5524514317512512,0.7823804020881653,-0.058937009423971176,0.5701813101768494,0.6886277794837952,-0.08228560537099838,0.5792181491851807,0.6276829838752747,-0.09196098893880844,0.5839706659317017,0.5711479187011719,-0.09806670993566513,1.1608498222713832,1.8439512801746376,2.0211512431142413,1.9361251905687171,1.669545768650916,1.1235419448747195,0.44181156745899286,0.6344940909728446,open_hand
0.45512592792510986,1.0231283903121948,6.505831606773427e-07,0.3760380446910858,0.9962357878684998,-0.04249129816889763,0.3062993884086609,0.9309825897216797,-0.06914181262254715,0.25112390518188477,0.8713604211807251,-0.09135023504495621,0.20677973330020905,0.8190129995346069,-0.11367271095514297,0.36909300088882446,0.7534023523330688,-0.04500285163521767,0.3413087725639343,0.6383013725280762,-0.07449670881032944,0.3252949118614197,0.5639541149139404,-0.0987003743648529,0.31606853008270264,0.5009931325912476,-0.11624299734830856,0.4262751638889313,0.7289690375328064,-0.04608423262834549,0.4251370131969452,0.5904192924499512,-0.07000324875116348,0.4235081672668457,0.503300666809082,-0.0907360091805458,0.4246075749397278,0.43285971879959106,-0.10618522018194199,0.47889572381973267,0.7350491285324097,-0.05223074555397034,0.485420286655426,0.6037948131561279,-0.07648075371980667,0.48649847507476807,0.5249857902526855,-0.09373412281274796,0.4871133863925934,0.4585263729095459,-0.10612571239471436,0.5287580490112305,0.7653954029083252,-0.06202247366309166,0.5467233061790466,0.6689842939376831,-0.08507812023162842,0.5567842721939087,0.6052944660186768,-0.09505640715360641,0.5635793805122375,0.5482856631278992,-0.10114705562591553,1.1398230256257078,1.8476040231514392,2.0074673244535286,1.923426184949767,1.6629580619905788,1.1241599515045089,0.42971390908007545,0.6041441574762632,open_hand
0.4444127380847931,1.0360417366027832,6.049236276339798e-07,0.3611024022102356,1.0084375143051147,-0.04151787608861923,0.28941452503204346,0.9417647123336792,-0.06710850447416306,0.23000659048557281,0.8806341290473938,-0.0895356833934784,0.18044787645339966,0.8281159400939941,-0.11222813278436661,0.3510400056838989,0.7593424916267395,-0.036031220108270645,0.32040444016456604,0.6417713165283203,-0.06494943797588348,0.302192747592926,0.5668184161186218,-0.08988784998655319,0.29183799028396606,0.5022568702697754,-0.10830726474523544,0.40698355436325073,0.732921302318573,-0.03883000835776329,0.40336909890174866,0.5910621881484985,-0.06202221289277077,0.39856794476509094,0.5022530555725098,-0.08377891778945923,0.3969344198703766,0.4310080409049988,-0.10030553489923477,0.4596019983291626,0.7364760637283325,-0.04761910066008568,0.4637763500213623,0.6013696193695068,-0.0714709609746933,0.4611123502254486,0.5196772813796997,-0.08964657038450241,0.45849937200546265,0.44968998432159424,-0.10314127057790756,0.5098080039024353,0.7643476128578186,-0.06036307290196419,0.524552047252655,0.6651773452758789,-0.08279730379581451,0.5316356420516968,0.6001105308532715,-0.09305649250745773,0.5363978147506714,0.5418360233306885,-0.09998936951160431,1.1506615961636877,1.8371605049183397,1.9979306776005612,1.934249739146288,1.664732345417539,1.1185907800449841,0.4132197826126092,0.5785901307500773,open_hand
0.4224229156970978,1.0579614639282227,3.6338875020192063e-07,0.3408755362033844,1.0240877866744995,-0.0348256416618824,0.2726552486419678,0.9465078115463257,-0.051575012505054474,0.21634991466999054,0.8765974044799805,-0.06624286621809006,0.17003150284290314,0.8201395869255066,-0.08036807924509048,0.33447545766830444,0.7707992196083069,-0.010177403688430786,0.30549314618110657,0.6580266356468201,-0.029747216030955315,0.2870206832885742,0.5884643793106079,-0.0516229011118412,0.2743387222290039,0.5288096070289612,-0.0689530000090599,0.3871980905532837,0.7477911710739136,-0.013062206096947193,0.37329044938087463,0.6184606552124023,-0.02742728590965271,0.36394253373146057,0.5402310490608215,-0.047087058424949646,0.35889652371406555,0.47539854049682617,-0.0632350966334343,0.43797415494918823,0.7508583068847656,-0.022413700819015503,0.4336143136024475,0.6259787082672119,-0.03917203098535538,0.4304605722427368,0.5495378971099854,-0.05279180780053139,0.42727941274642944,0.4812721908092499,-0.06417135894298553,0.48786264657974243,0.7749888896942139,-0.03577670827507973,0.49552619457244873,0.680427610874176,-0.051545802503824234,0.5022242665290833,0.622734785079956,-0.056491922587156296,0.508152186870575,0.5704171657562256,-0.06044779345393181,1.1393521641758402,1.7724835467062143,1.8865112617670503,1.8572278438171133,1.5961594260395189,0.9910775949289681,0.3206301955061526,0.5663723543243402,open_hand
0.3840390741825104,1.083960771560669,-8.420727795055427e-07,0.31690773367881775,1.023332118988037,-0.027913503348827362,0.2592473030090332,0.9194284081459045,-0.039152905344963074,0.2154403030872345,0.8456369042396545,-0.05453210696578026,0.19146284461021423,0.7809779644012451,-0.0652245432138443,0.32728108763694763,0.755082368850708,0.015781383961439133,0.31213241815567017,0.6891817450523376,-0.02847556583583355,0.2974633574485779,0.735703706741333,-0.0566757507622242,0.29351806640625,0.783644437789917,-0.06841322034597397,0.3797551393508911,0.7431721687316895,0.009754830971360207,0.357560396194458,0.674179196357727,-0.044468753039836884,0.33428794145584106,0.7814145684242249,-0.062065239995718,0.33650335669517517,0.8459010720252991,-0.055967580527067184,0.43426692485809326,0.7565050721168518,-0.006276579108089209,0.4152649939060211,0.7216141223907471,-0.057906970381736755,0.38566139340400696,0.8163260221481323,-0.05573074519634247,0.385193407535553,0.8626022934913635,-0.03608308359980583,0.48633190989494324,0.7904031872749329,-0.025332823395729065,0.47299516201019287,0.7608588337898254,-0.05108731985092163,0.4398858845233917,0.8201878070831299,-0.042395688593387604,0.43249785900115967,0.8556182980537415,-0.02511146478354931,1.0701706470241663,0.9415761212822085,0.7306721886419891,0.657805864532781,0.6885769699921386,0.299568854467663,0.22487201763456877,0.2971024745077257,open_hand
0.4241369366645813,1.0927773714065552,-1.103602130569925e-06,0.32316190004348755,0.9633651971817017,0.03725476190447807,0.28438153862953186,0.8684800863265991,0.042865168303251266,0.2643915116786957,0.7868693470954895,0.026015466079115868,0.2407762110233307,0.7086274027824402,0.01285322941839695,0.37711459398269653,0.7630149126052856,0.09158062189817429,0.3022550344467163,0.7190753221511841,0.04529939964413643,0.290197491645813,0.8082286715507507,0.012321406044065952,0.3026122450828552,0.858212947845459,-0.002378637669607997,0.41581636667251587,0.7688170671463013,0.0459403321146965,0.3289008140563965,0.7479656934738159,-0.014813682995736599,0.31901729106903076,0.8487157821655273,-0.042413871735334396,0.33528760075569153,0.8969922661781311,-0.045290756970644,0.45067182183265686,0.7860968708992004,-0.007652018219232559,0.36114639043807983,0.7843602299690247,-0.061671435832977295,0.3546232283115387,0.8842126131057739,-0.058497343212366104,0.37316450476646423,0.9243918657302856,-0.04136761650443077,0.48133260011672974,0.8074705600738525,-0.0605611577630043,0.40171754360198975,0.8257172703742981,-0.08970483392477036,0.3900614380836487,0.8946598172187805,-0.08272028714418411,0.40980222821235657,0.9208030104637146,-0.06759564578533173,1.3011001608655726,0.8071477999768047,0.6712955105803534,0.552168046681412,0.5662448379629608,0.49671136866141175,0.20295888861878938,0.2485248383232362,open_hand
0.42016148567199707,1.0483393669128418,-8.337520966961165e-07,0.32978424429893494,0.9290164709091187,0.020617006346583366,0.2978941798210144,0.8274936676025391,0.017832603305578232,0.285762757062912,0.7480792999267578,0.0005082976422272623,0.26712101697921753,0.6741613745689392,-0.013650339096784592,0.37077444791793823,0.7246103286743164,0.04202022776007652,0.2978422939777374,0.6931292414665222,-0.0035264194011688232,0.29051193594932556,0.7742315530776978,-0.03122260421514511,0.3051351010799408,0.8173747062683105,-0.04401470348238945,0.4112170934677124,0.7340579032897949,0.006673287600278854,0.3226795792579651,0.709904670715332,-0.04632456973195076,0.3166654109954834,0.8088968396186829,-0.061285365372896194,0.3423633575439453,0.8494104146957397,-0.05885034799575806,0.448201447725296,0.7616186141967773,-0.03480721637606621,0.35553669929504395,0.7561209201812744,-0.08192767947912216,0.3534010946750641,0.8511335253715515,-0.0691046416759491,0.38194191455841064,0.8810563087463379,-0.049285851418972015,0.4799239933490753,0.8003953695297241,-0.07637002319097519,0.39832884073257446,0.8191196918487549,-0.10540638118982315,0.3952023684978485,0.879309892654419,-0.09528658539056778,0.42420291900634766,0.8931532502174377,-0.07977405935525894,1.2862347785704975,0.8323243405750479,0.7045247963801823,0.567701718814614,0.5549979134772931,0.4809577478978877,0.16314585950705093,0.30248604155709047,open_hand
0.411795437335968,1.0023880004882812,-8.206790766962513e-07,0.33367258310317993,0.8967205882072449,-0.0062698544934391975,0.3035144507884979,0.7857996225357056,-0.01493422407656908,0.2915607988834381,0.7019850015640259,-0.028834791854023933,0.275649756193161,0.6258634328842163,-0.03731705993413925,0.40350431203842163,0.6727596521377563,0.010614721104502678,0.31769299507141113,0.6585241556167603,-0.02519707940518856,0.3085349202156067,0.7379851341247559,-0.04624561592936516,0.32674285769462585,0.7709100246429443,-0.05716370791196823,0.4390341341495514,0.6938018798828125,-0.005434975493699312,0.33561810851097107,0.6975630521774292,-0.045457664877176285,0.3321514129638672,0.7795823812484741,-0.05463513731956482,0.35656630992889404,0.8075844049453735,-0.053803879767656326,0.4657345414161682,0.7333275675773621,-0.027216071262955666,0.3602244257926941,0.7366211414337158,-0.06536410003900528,0.3594667911529541,0.8139957785606384,-0.05365271493792534,0.38542720675468445,0.8394842147827148,-0.038217753171920776,0.48486533761024475,0.783573567867279,-0.050816379487514496,0.39651134610176086,0.7927477955818176,-0.07853777706623077,0.39329588413238525,0.8433898687362671,-0.07282419502735138,0.41828039288520813,0.8605995178222656,-0.06140974536538124,1.2978472794742442,0.8170402998418751,0.6761919577261262,0.5467156777655546,0.49914207448052683,0.5004533032740176,0.15295000659906863,0.2637323057359849,open_hand
0.41375797986984253,0.9488076567649841,-6.116428608038404e-07,0.3376312553882599,0.8321334719657898,0.0009886716725304723,0.310859739780426,0.732174813747406,-0.013592906296253204,0.3034237027168274,0.6515750288963318,-0.03550989180803299,0.2956879734992981,0.5729358196258545,-0.05280982702970505,0.42155617475509644,0.6410114765167236,-0.006547349039465189,0.3282146155834198,0.6181879639625549,-0.0417679101228714,0.3168768882751465,0.6843858361244202,-0.05439085140824318,0.3355521559715271,0.7151133418083191,-0.059730663895606995,0.45140254497528076,0.6706700325012207,-0.03182631731033325,0.34600532054901123,0.656543493270874,-0.07097889482975006,0.33642691373825073,0.7301052212715149,-0.07081051170825958,0.36070990562438965,0.7569376826286316,-0.06482016295194626,0.471353679895401,0.7168638706207275,-0.0614950954914093,0.36608806252479553,0.7042655348777771,-0.09795831143856049,0.35782212018966675,0.7727823257446289,-0.07827475666999817,0.3834949731826782,0.7986637949943542,-0.05995656177401543,0.48161253333091736,0.7722905278205872,-0.09263546019792557,0.39452028274536133,0.7630729675292969,-0.12022510170936584,0.3841770589351654,0.8060460090637207,-0.11190833896398544,0.40839239954948425,0.8257824182510376,-0.10018471628427505,1.4072254396403885,0.8976720186777865,0.7411520930690614,0.582286190247995,0.5619923731372026,0.5233152755069864,0.1737237639015656,0.32182110439469896,open_hand
0.4088338613510132,0.9011404514312744,-7.926735747787461e-07,0.3409641683101654,0.8001641035079956,-0.005408566445112228,0.3184492886066437,0.685799241065979,-0.009155016392469406,0.3168336749076843,0.5995715260505676,-0.016914211213588715,0.31377142667770386,0.5233486890792847,-0.020375367254018784,0.42397141456604004,0.5963397026062012,0.012742147780954838,0.3456217050552368,0.5715457797050476,-0.013670486398041248,0.3252825140953064,0.6358528137207031,-0.02991446852684021,0.3330385684967041,0.680025577545166,-0.03741626814007759,0.45568498969078064,0.6182729005813599,0.0008944160072132945,0.36221060156822205,0.6095036268234253,-0.025742873549461365,0.3405310809612274,0.6811357140541077,-0.032687991857528687,0.34777316451072693,0.7255581021308899,-0.03202836588025093,0.4764130711555481,0.6571085453033447,-0.01586444303393364,0.3800831437110901,0.6522861123085022,-0.042428452521562576,0.35992351174354553,0.7204149961471558,-0.033931974321603775,0.36751991510391235,0.7625330090522766,-0.022296138107776642,0.4876169264316559,0.7078801393508911,-0.03434547409415245,0.406120628118515,0.7033771872520447,-0.05364423990249634,0.38932186365127563,0.7481464743614197,-0.04891867935657501,0.3991842567920685,0.7779103517532349,-0.039372388273477554,1.360546143620842,0.8256053276457986,0.6578998745226737,0.5103934873378682,0.4524434178088483,0.5537535780180329,0.16796526921794774,0.2571862913486084,open_hand
0.39480435848236084,0.8447177410125732,-8.958257922131452e-07,0.34580057859420776,0.7609162330627441,-0.010138984769582748,0.33735549449920654,0.6439279317855835,-0.010499210096895695,0.33596840500831604,0.560361921787262,-0.013673484325408936,0.3303987383842468,0.48601773381233215,-0.011617335490882397,0.4402032494544983,0.5611788034439087,0.011309652589261532,0.3734634220600128,0.5260318517684937,-0.01716914214193821,0.34283173084259033,0.5974484086036682,-0.0340731181204319,0.3409911096096039,0.6501085162162781,-0.039698466658592224,0.45925670862197876,0.5703768134117126,0.004717149306088686,0.37772098183631897,0.5332926511764526,-0.02746541239321232,0.34489622712135315,0.6217950582504272,-0.03441324084997177,0.3481156826019287,0.6809717416763306,-0.02899346873164177,0.4724140465259552,0.5941793918609619,-0.007123298943042755,0.38943561911582947,0.5531865358352661,-0.04071894660592079,0.3583086431026459,0.6360145211219788,-0.03159581497311592,0.364671915769577,0.6930511593818665,-0.014096437022089958,0.4786103367805481,0.6281184554100037,-0.02060777135193348,0.4143950343132019,0.5873051881790161,-0.04463541507720947,0.37895476818084717,0.6222310066223145,-0.03816279396414757,0.37523335218429565,0.6521968245506287,-0.02395176701247692,1.2936679208044646,0.730094875572692,0.612816306403489,0.5509014712026703,0.6918187593024033,0.5918481281271925,0.11862637917044708,0.1414206949900326,open_hand
0.3993663787841797,0.7950417995452881,-3.7295149013516493e-07,0.34181809425354004,0.7276161313056946,-0.010316005907952785,0.32863226532936096,0.6127278208732605,-0.009325800463557243,0.33870959281921387,0.5316383838653564,-0.011828919872641563,0.35125207901000977,0.4739903211593628,-0.01239818800240755,0.3827710747718811,0.5477436184883118,0.018468806520104408,0.37504857778549194,0.485647052526474,0.0005828130524605513,0.35353559255599976,0.48481476306915283,-0.013543592765927315,0.34599289298057556,0.49464747309684753,-0.021180564537644386,0.42556414008140564,0.5544177293777466,0.012425793334841728,0.41639444231987,0.4897910952568054,-0.007182285189628601,0.38828396797180176,0.5140572786331177,-0.01558008138090372,0.38014283776283264,0.545379102230072,-0.014657736755907536,0.4690261483192444,0.5777506828308105,0.0013340562582015991,0.4560249149799347,0.5204156041145325,-0.018908970057964325,0.4232849180698395,0.5552359223365784,-0.014468987472355366,0.41409024596214294,0.5924453735351562,-0.004819423891603947,0.5124130249023438,0.6142337918281555,-0.011742870323359966,0.49881768226623535,0.5636628866195679,-0.023964181542396545,0.46575459837913513,0.5859723687171936,-0.01595580019056797,0.4525650441646576,0.6149302124977112,-0.005330964457243681,1.3404262663725626,1.2618672863429714,1.0349247137370075,0.8383523890285398,0.775189849211005,0.09512250437167054,0.2537559028006246,0.4160779787496914,open_hand
0.41404643654823303,0.7691230773925781,1.601843848675344e-07,0.34205448627471924,0.6961727142333984,-0.014792265370488167,0.3119660019874573,0.5888003706932068,-0.016391661018133163,0.30366382002830505,0.504808783531189,-0.018720975145697594,0.29042068123817444,0.4407604932785034,-0.020028172060847282,0.39463478326797485,0.5282548069953918,0.01293222513049841,0.3947291374206543,0.46171489357948303,0.0009488373179920018,0.39139261841773987,0.41693639755249023,-0.014832574874162674,0.3864581882953644,0.3771289587020874,-0.027604490518569946,0.44628843665122986,0.5303045511245728,0.008175206370651722,0.4577847421169281,0.4704747498035431,0.001417510793544352,0.4633161127567291,0.4274418354034424,-0.010456813499331474,0.4681302309036255,0.3869965076446533,-0.020550861954689026,0.49221092462539673,0.5498543381690979,-0.0017456784844398499,0.5069700479507446,0.49151358008384705,-0.012423940002918243,0.5134250521659851,0.4474959969520569,-0.017883319407701492,0.5181511044502258,0.4031575918197632,-0.022115662693977356,0.5327057838439941,0.5852704048156738,-0.014177314005792141,0.5567926168441772,0.5317077040672302,-0.025103062391281128,0.5688037872314453,0.49176040291786194,-0.026782050728797913,0.5778762102127075,0.45000630617141724,-0.02742566540837288,1.4574813699611722,1.6337273978967046,1.6028288416148748,1.5806207184952616,1.4920113335992553,0.4788134666267998,0.3424277950342018,0.5255979326134467,open_hand
0.4284054934978485,0.756293535232544,5.409822279034415e-07,0.34224963188171387,0.6804876923561096,-0.002374072326347232,0.3061504065990448,0.5647891163825989,0.010364208370447159,0.28480857610702515,0.48177871108055115,0.01865033060312271,0.25545573234558105,0.4197372794151306,0.02880312316119671,0.4032633602619171,0.4565204083919525,0.07236235588788986,0.3928842544555664,0.37704983353614807,0.09720607846975327,0.38218051195144653,0.32633644342422485,0.10045700520277023,0.37179699540138245,0.28380897641181946,0.09877561032772064,0.4594847857952118,0.45235931873321533,0.06653110682964325,0.46872588992118835,0.37501242756843567,0.10443047434091568,0.4731588363647461,0.32214364409446716,0.11122996360063553,0.472007155418396,0.2810671329498291,0.11259327828884125,0.5116169452667236,0.4703429043292999,0.05374119430780411,0.5344703197479248,0.3943190574645996,0.07796669751405716,0.5475896000862122,0.340467631816864,0.08012941479682922,0.5529109835624695,0.2934393584728241,0.07858863472938538,0.5549707412719727,0.5082497596740723,0.037484847009181976,0.5970904231071472,0.44585472345352173,0.04997081682085991,0.6194092035293579,0.4015798568725586,0.05569364130496979,0.636193573474884,0.35930880904197693,0.059762515127658844,1.2136627324234317,1.554326036224415,1.5681352435382552,1.5533682812233793,1.4457090892469284,0.6144118916355973,0.32363891879014867,0.6057111433743892,open_hand
0.44768020510673523,0.7299968004226685,7.399046921818808e-07,0.35342442989349365,0.6628031730651855,-0.02568485587835312,0.3009791374206543,0.5478325486183167,-0.03519851714372635,0.2666897773742676,0.4603966176509857,-0.043221041560173035,0.22767114639282227,0.40670448541641235,-0.0508929118514061,0.4102729260921478,0.40304821729660034,-0.007295990828424692,0.3918135464191437,0.2833095192909241,-0.01975533552467823,0.38415294885635376,0.20559754967689514,-0.03661980852484703,0.3814378082752228,0.13968759775161743,-0.050883326679468155,0.47450459003448486,0.3986974358558655,-0.012913073413074017,0.4931890368461609,0.27043360471725464,-0.018386980518698692,0.5052714347839355,0.18278199434280396,-0.0334247425198555,0.5149199366569519,0.11188432574272156,-0.04608698561787605,0.5268048048019409,0.4251198470592499,-0.02351505495607853,0.5655129551887512,0.3092442750930786,-0.03626936674118042,0.5867226719856262,0.23113682866096497,-0.055196795612573624,0.6013496518135071,0.16174277663230896,-0.07018241286277771,0.5658583045005798,0.4795924127101898,-0.03675224259495735,0.620681643486023,0.4090763330459595,-0.05253990367054939,0.6492821574211121,0.3561835289001465,-0.06206768378615379,0.6708517074584961,0.30296579003334045,-0.06889455765485764,1.1855331584163513,1.7923224569675835,1.874319206603521,1.7822352919880984,1.4632587106249935,0.9263205729719611,0.41015285444894806,0.7446092362506556,open_hand
0.4611535668373108,0.7252393960952759,6.916606025697547e-07,0.36230626702308655,0.6599761843681335,-0.027045195922255516,0.29712510108947754,0.541478157043457,-0.036461636424064636,0.2534373998641968,0.4498879909515381,-0.04458589851856232,0.209090918302536,0.3969380557537079,-0.052603550255298615,0.4052883982658386,0.3796783983707428,-0.009601646102964878,0.38756483793258667,0.24369363486766815,-0.021612873300909996,0.38024574518203735,0.15932998061180115,-0.036478281021118164,0.3778051435947418,0.09025108814239502,-0.04979697987437248,0.470639169216156,0.3741355836391449,-0.015188055112957954,0.49174192547798157,0.22904334962368011,-0.021580731496214867,0.5043047070503235,0.13617441058158875,-0.03524127975106239,0.5144622325897217,0.06821861863136292,-0.047557733952999115,0.5254159569740295,0.40079569816589355,-0.02622387930750847,0.5617618560791016,0.2747947871685028,-0.0400765985250473,0.5815882086753845,0.19868066906929016,-0.058125920593738556,0.5965688824653625,0.13432884216308594,-0.07324901968240738,0.5715689659118652,0.4537089765071869,-0.04027409106492996,0.6253020167350769,0.37854066491127014,-0.05865117162466049,0.6567346453666687,0.3281261920928955,-0.07041232287883759,0.6824470162391663,0.2804732918739319,-0.07938842475414276,1.18680455535568,1.8271875384841363,1.8798812476483964,1.7369308479821126,1.430990802896385,0.9956781892626804,0.39378605977483616,0.775259496372356,open_hand
0.46894946694374084,0.7316035628318787,6.124120659478649e-07,0.36803627014160156,0.663009524345398,-0.028682097792625427,0.2961111068725586,0.544648289680481,-0.03602113202214241,0.24690446257591248,0.453385591506958,-0.04235535115003586,0.19904418289661407,0.40300261974334717,-0.04846077039837837,0.407784640789032,0.3711599111557007,-0.005144533701241016,0.38386470079421997,0.23336313664913177,-0.017940068617463112,0.3717648983001709,0.1469736397266388,-0.0335308201611042,0.3653760552406311,0.0758456289768219,-0.04717184603214264,0.4727776050567627,0.3645784556865692,-0.009434930048882961,0.4883410632610321,0.22095857560634613,-0.015545976348221302,0.49826669692993164,0.13029953837394714,-0.028533877804875374,0.5075545310974121,0.06232455372810364,-0.040291111916303635,0.5282257795333862,0.39013874530792236,-0.020163722336292267,0.5616722702980042,0.26803451776504517,-0.033590298146009445,0.581106424331665,0.19463522732257843,-0.05016907677054405,0.5960527062416077,0.13327038288116455,-0.06393159180879593,0.5743820667266846,0.43976694345474243,-0.03454529494047165,0.6260727047920227,0.3676542341709137,-0.05168353393673897,0.6567912101745605,0.3186015784740448,-0.06243043392896652,0.6838662624359131,0.2719215452671051,-0.07061995565891266,1.1656554353636235,1.8126906540242875,1.829142034386269,1.6750302556497048,1.395363727732331,0.9995837851912253,0.3894289950896523,0.7505185678851464,open_hand
0.4797666668891907,0.7313370108604431,6.322367767097603e-07,0.37476834654808044,0.6631925702095032,-0.030235346406698227,0.29889607429504395,0.5487189292907715,-0.0378575325012207,0.24388080835342407,0.4585548937320709,-0.04437630623579025,0.1936475932598114,0.40666645765304565,-0.050186432898044586,0.4099806249141693,0.36548569798469543,-0.0022717297542840242,0.38458889722824097,0.22590871155261993,-0.013616454787552357,0.3709290027618408,0.13983109593391418,-0.028869753703475,0.36359643936157227,0.06805306673049927,-0.042350154370069504,0.4751441478729248,0.3580390214920044,-0.005608196370303631,0.4877355396747589,0.21294640004634857,-0.009137834422290325,0.4948683977127075,0.12220498919487,-0.020915010944008827,0.5018172264099121,0.05597993731498718,-0.032098717987537384,0.5312632918357849,0.3843855559825897,-0.015969455242156982,0.5638266801834106,0.2594534754753113,-0.02840977907180786,0.5814347863197327,0.18709899485111237,-0.04487767815589905,0.5947465896606445,0.12725776433944702,-0.058553218841552734,0.577937126159668,0.4352554976940155,-0.030248643830418587,0.6296113729476929,0.36219310760498047,-0.04859498143196106,0.6605348587036133,0.3133813738822937,-0.06042253598570824,0.6892715692520142,0.26640111207962036,-0.06897392123937607,1.1668148100067304,1.807084926654774,1.8118205107704866,1.6544082459213416,1.3782637196061018,1.0149454699241132,0.37262061382505696,0.7612056564209888,open_hand
0.48215100169181824,0.7388811111450195,6.474043630078086e-07,0.37963753938674927,0.6701942086219788,-0.0324004702270031,0.3031788468360901,0.5569730401039124,-0.04308612272143364,0.24591408669948578,0.46728402376174927,-0.05261733755469322,0.19400449097156525,0.4125858545303345,-0.06144019216299057,0.40983259677886963,0.36831802129745483,-0.007422239985316992,0.3821752965450287,0.22791877388954163,-0.022015346214175224,0.36840611696243286,0.14102128148078918,-0.03879368677735329,0.36151930689811707,0.06859451532363892,-0.053162336349487305,0.4763563871383667,0.3578112721443176,-0.011284147389233112,0.48749107122421265,0.21045374870300293,-0.018825756385922432,0.4951053261756897,0.1182660162448883,-0.032689593732357025,0.502916693687439,0.04978746175765991,-0.044897016137838364,0.5338979959487915,0.38208645582199097,-0.022187737748026848,0.5650601387023926,0.2564719319343567,-0.03847765550017357,0.5810790061950684,0.18189272284507751,-0.05660751461982727,0.5930332541465759,0.11871495842933655,-0.07090168446302414,0.5820112824440002,0.43196505308151245,-0.03693702444434166,0.6342654228210449,0.3579148054122925,-0.057877302169799805,0.6661958694458008,0.3077060580253601,-0.07069279253482819,0.6952533721923828,0.2584996819496155,-0.07960512489080429,1.1530236881068339,1.7916583469498413,1.8119581530598394,1.662753796686763,1.3940402578962665,1.003720892489888,0.37474085407701246,0.7499307180447083,open_hand
0.4864947199821472,0.7414920926094055,6.222420552148833e-07,0.3819717764854431,0.6759223937988281,-0.032184429466724396,0.30432528257369995,0.559596061706543,-0.04093139246106148,0.2468262016773224,0.46934011578559875,-0.048813946545124054,0.19488266110420227,0.41731297969818115,-0.056229159235954285,0.4123205840587616,0.3699919283390045,-0.0048791528679430485,0.38562601804733276,0.23098497092723846,-0.01923624984920025,0.3715873956680298,0.14538615942001343,-0.036049723625183105,0.3635771572589874,0.07356336712837219,-0.05042003095149994,0.4786953628063202,0.35763561725616455,-0.008677746169269085,0.4893224239349365,0.20994099974632263,-0.014968751929700375,0.4960156977176666,0.11698296666145325,-0.027508677914738655,0.5031684637069702,0.04730343818664551,-0.03896961733698845,0.5368404388427734,0.3812355697154999,-0.01992010325193405,0.5693416595458984,0.25453469157218933,-0.03568475693464279,0.5858501195907593,0.17996026575565338,-0.053102727979421616,0.5982705354690552,0.11627638339996338,-0.06704284995794296,0.5858089327812195,0.431558758020401,-0.03523293137550354,0.639324426651001,0.35869336128234863,-0.05699261277914047,0.6719859838485718,0.31020408868789673,-0.07014116644859314,0.7021220922470093,0.26210686564445496,-0.07914009690284729,1.144816303296979,1.773312778152974,1.8109858735262097,1.6630198641431855,1.384176308129378,0.9971912158453525,0.3710617826128894,0.7695341647013056,open_hand
0.4918346703052521,0.7425451278686523,6.25091843176051e-07,0.3839479386806488,0.6772226095199585,-0.029239073395729065,0.30380117893218994,0.5615206360816956,-0.0344826839864254,0.24558709561824799,0.470909059047699,-0.03947440907359123,0.19277876615524292,0.41931378841400146,-0.04396028816699982,0.4130455255508423,0.37295910716056824,0.005238353740423918,0.3847739100456238,0.2349051833152771,-0.00492183119058609,0.3709968328475952,0.15014305710792542,-0.01972091570496559,0.36395084857940674,0.0783153772354126,-0.03310041129589081,0.48056477308273315,0.3603968024253845,0.0011558160185813904,0.4919167757034302,0.21237367391586304,-0.0014415780315175653,0.4998031556606293,0.11990442872047424,-0.012909757904708385,0.5072774291038513,0.051259517669677734,-0.02393301948904991,0.5395973920822144,0.38343918323516846,-0.010683183558285236,0.571968138217926,0.25811105966567993,-0.024189474061131477,0.5883027911186218,0.18309569358825684,-0.042020298540592194,0.5999141931533813,0.11846312880516052,-0.056392598897218704,0.5894176363945007,0.4327041506767273,-0.02640058472752571,0.6430138349533081,0.358979731798172,-0.04628726467490196,0.6753591299057007,0.31090763211250305,-0.059351846575737,0.7047833204269409,0.2628222107887268,-0.06871281564235687,1.1575318226437545,1.7714029858547695,1.809680912632532,1.6632186655115426,1.3845617740875613,0.9983953447324696,0.3822629666910455,0.7660381251896721,open_hand
0.4877200722694397,0.7500942945480347,6.103842906668433e-07,0.3839191198348999,0.6837155818939209,-0.03373372554779053,0.3053930401802063,0.5682024955749512,-0.04463168606162071,0.2475569099187851,0.47762101888656616,-0.05447610840201378,0.1944068968296051,0.4233761727809906,-0.06387809664011002,0.41517990827560425,0.37457573413848877,-0.009036451578140259,0.3889388144016266,0.23651133477687836,-0.025781705975532532,0.37390372157096863,0.151463121175766,-0.04446582496166229,0.36352115869522095,0.07956472039222717,-0.06032061204314232,0.48255816102027893,0.3634994626045227,-0.0135134132578969,0.4941781163215637,0.21499739587306976,-0.023180268704891205,0.5005407333374023,0.12143844366073608,-0.03848155960440636,0.5063758492469788,0.049679458141326904,-0.05193605273962021,0.5408851504325867,0.3880581557750702,-0.025325343012809753,0.5734525322914124,0.26102215051651,-0.044692035764455795,0.5899710655212402,0.18518288433551788,-0.064262256026268,0.6019104719161987,0.11919161677360535,-0.07942711561918259,0.5896347165107727,0.4394364655017853,-0.041057050228118896,0.6442456245422363,0.3644571900367737,-0.06553727388381958,0.6775927543640137,0.3151801824569702,-0.07982669025659561,0.7073796391487122,0.26626861095428467,-0.08957207947969437,1.146873040616481,1.7695970485221426,1.8160933804940447,1.6699679414029833,1.3928618462161584,0.9904431035127637,0.3778768752249307,0.7699701225876413,open_hand
0.49050721526145935,0.7518914341926575,6.282252229539154e-07,0.3831416070461273,0.684619665145874,-0.033085327595472336,0.3028157651424408,0.5690832734107971,-0.04152124375104904,0.24570104479789734,0.47712573409080505,-0.0487966425716877,0.1923941671848297,0.42517945170402527,-0.055441517382860184,0.41290283203125,0.379024863243103,-0.0035225667525082827,0.3855670094490051,0.23831503093242645,-0.01566467247903347,0.3716559112071991,0.15324175357818604,-0.031064169481396675,0.36390796303749084,0.08149123191833496,-0.04473781958222389,0.48096880316734314,0.3667847514152527,-0.006376112811267376,0.4916103482246399,0.21776528656482697,-0.012246944941580296,0.4994554817676544,0.12584292888641357,-0.02534467913210392,0.5081173777580261,0.057059258222579956,-0.03725589066743851,0.5398508310317993,0.38974371552467346,-0.01673317328095436,0.5732550621032715,0.2625952363014221,-0.03323325142264366,0.5914453864097595,0.18790459632873535,-0.05259702727198601,0.6055372953414917,0.12400975823402405,-0.0677478015422821,0.5901343822479248,0.43833300471305847,-0.031027300283312798,0.6463167667388916,0.36492085456848145,-0.05379341170191765,0.680628776550293,0.3156416118144989,-0.06869914382696152,0.7122697830200195,0.2661880552768707,-0.079008549451828,1.1569343660378526,1.7745974662221873,1.8066229625897343,1.6661108410838161,1.400931522294856,0.9973474982106151,0.380129232500084,0.7662573491448186,open_hand
0.4875050187110901,0.7539005279541016,6.77258071846154e-07,0.3799457550048828,0.6861286163330078,-0.03414367139339447,0.3028591573238373,0.5718050003051758,-0.044112395495176315,0.24571846425533295,0.48103463649749756,-0.05308539420366287,0.19289490580558777,0.4251832962036133,-0.06159717217087746,0.4133252501487732,0.3779018819332123,-0.004384813364595175,0.38773244619369507,0.2376135289669037,-0.018141189590096474,0.3740638494491577,0.15111559629440308,-0.034919485449790955,0.3667553663253784,0.07804298400878906,-0.04955092445015907,0.4820999503135681,0.36548998951911926,-0.00818562414497137,0.49510282278060913,0.21394485235214233,-0.014444760046899319,0.5025099515914917,0.1190456748008728,-0.028066124767065048,0.5100638270378113,0.048129886388778687,-0.040531985461711884,0.5412277579307556,0.3902067244052887,-0.01976229064166546,0.5763689279556274,0.2596522569656372,-0.03705453872680664,0.5943443179130554,0.18316683173179626,-0.05679729953408241,0.6076867580413818,0.11764460802078247,-0.0723663866519928,0.5905224680900574,0.44205549359321594,-0.035399116575717926,0.6478447914123535,0.3665505647659302,-0.05960375443100929,0.6827620267868042,0.3171408474445343,-0.07475214451551437,0.7142979502677917,0.2680281102657318,-0.08515507727861404,1.147116717384618,1.7716411760406128,1.820409252389637,1.6769086416765733,1.39734167203366,0.9997323910046022,0.37750650293745847,0.7809086624022519,open_hand
0.4795984923839569,0.7574998140335083,6.307672606453707e-07,0.3758352994918823,0.6875433921813965,-0.03309400752186775,0.2995348572731018,0.5710909962654114,-0.04383603855967522,0.2450210005044937,0.47976407408714294,-0.0536053366959095,0.19251853227615356,0.42696067690849304,-0.06321502476930618,0.41043683886528015,0.3789609372615814,-0.009421288035809994,0.3842592239379883,0.23871472477912903,-0.02559555135667324,0.3704403340816498,0.15141117572784424,-0.04348546266555786,0.3629873991012573,0.07852175831794739,-0.058860454708337784,0.4795665442943573,0.36837583780288696,-0.01452210359275341,0.49169835448265076,0.21664562821388245,-0.025818124413490295,0.5002030730247498,0.12156838178634644,-0.04267960041761398,0.5092946290969849,0.0494425892829895,-0.056859828531742096,0.5390571355819702,0.3929930329322815,-0.02666797861456871,0.575211763381958,0.2630153298377991,-0.04869449883699417,0.5953699350357056,0.1852845400571823,-0.07095104455947876,0.6109718084335327,0.1192687451839447,-0.08734923601150513,0.5886167883872986,0.4448249638080597,-0.042323656380176544,0.6476900577545166,0.368182897567749,-0.06911186128854752,0.6848069429397583,0.31626927852630615,-0.08546828478574753,0.7179379463195801,0.26548880338668823,-0.09643032401800156,1.135972194961525,1.7756451878434691,1.825795097723027,1.6883598202615273,1.4256420013640962,0.9962308178615167,0.3831125682769212,0.7779793202486796,open_hand
0.48360419273376465,0.7590339183807373,6.650580530731531e-07,0.3750774562358856,0.6894142627716064,-0.03442816436290741,0.2969714403152466,0.5735055804252625,-0.044377896934747696,0.24085956811904907,0.4792320132255554,-0.053253207355737686,0.18801644444465637,0.42444461584091187,-0.06180282309651375,0.41059812903404236,0.38038286566734314,-0.005162005312740803,0.38393279910087585,0.23736374080181122,-0.019583266228437424,0.36997511982917786,0.1488996148109436,-0.03732162341475487,0.3629217743873596,0.07395359873771667,-0.0527741014957428,0.48043158650398254,0.3686100244522095,-0.008794572204351425,0.49469634890556335,0.2158225029706955,-0.017516501247882843,0.5035085678100586,0.1196804940700531,-0.033731859177351,0.5128082633018494,0.04663446545600891,-0.047782547771930695,0.5402231216430664,0.3930414021015167,-0.020007770508527756,0.5768768787384033,0.26092344522476196,-0.03930509462952614,0.5981734991073608,0.18370822072029114,-0.06099344417452812,0.61495441198349,0.11750262975692749,-0.07747778296470642,0.5901859402656555,0.44434452056884766,-0.03518674150109291,0.6497185230255127,0.3674679100513458,-0.060449227690696716,0.6870548129081726,0.315705806016922,-0.07672034204006195,0.7213407754898071,0.2645513415336609,-0.08782526105642319,1.1540845693752717,1.7863301976640042,1.8297817015313493,1.6884641599222674,1.4227809142026453,1.0032674526297234,0.390328255720359,0.7790934106472359,open_hand
0.4807586967945099,0.7606726884841919,6.816161999267933e-07,0.37223169207572937,0.6917125582695007,-0.034906938672065735,0.29318132996559143,0.5760846138000488,-0.04641607776284218,0.23677845299243927,0.4839630424976349,-0.056490443646907806,0.1840677261352539,0.430446058511734,-0.06665310263633728,0.4055662453174591,0.3815704882144928,-0.01285544689744711,0.37818965315818787,0.23615169525146484,-0.02973819710314274,0.36398693919181824,0.14530938863754272,-0.04813273623585701,0.35706496238708496,0.06926912069320679,-0.0639270767569542,0.4759480953216553,0.3695489168167114,-0.017018260434269905,0.49038416147232056,0.2135332226753235,-0.029001086950302124,0.49937623739242554,0.11508634686470032,-0.04688059166073799,0.5090160369873047,0.039363473653793335,-0.06200706586241722,0.5364106893539429,0.3937144875526428,-0.028193913400173187,0.5736252069473267,0.25930285453796387,-0.05082391947507858,0.595492959022522,0.17846748232841492,-0.0748039111495018,0.6130215525627136,0.10978543758392334,-0.09263484925031662,0.5871583223342896,0.4454571008682251,-0.042915429919958115,0.648320198059082,0.36604127287864685,-0.07086107134819031,0.6873941421508789,0.31236159801483154,-0.08854871988296509,0.7227309346199036,0.2602655291557312,-0.10050296038389206,1.1465630476643502,1.8013798121618363,1.8505124551940606,1.7128392119403428,1.4427017329954253,1.0228736888287502,0.3955765939448071,0.7911740346693429,open_hand
0.47544729709625244,0.7697970271110535,6.7692894845095e-07,0.37030577659606934,0.7019534111022949,-0.03724448382854462,0.2901144325733185,0.5848641395568848,-0.051496900618076324,0.23290546238422394,0.4918493628501892,-0.06410185992717743,0.17833802103996277,0.43645724654197693,-0.07655644416809082,0.40182408690452576,0.3845607340335846,-0.017764361575245857,0.3725520074367523,0.2403314858675003,-0.03849703073501587,0.3570166528224945,0.14887627959251404,-0.0595085434615612,0.34931910037994385,0.07226055860519409,-0.07674548029899597,0.47227516770362854,0.37125009298324585,-0.022250259295105934,0.48581889271736145,0.21402181684970856,-0.03752155601978302,0.49457859992980957,0.11380669474601746,-0.0569380521774292,0.5041442513465881,0.036502331495285034,-0.07268378138542175,0.5337547659873962,0.39459240436553955,-0.033852968364953995,0.5688121914863586,0.25832194089889526,-0.058722008019685745,0.5901666283607483,0.17605945467948914,-0.08231052756309509,0.6069402098655701,0.106835275888443,-0.09936705231666565,0.5855298042297363,0.44667354226112366,-0.049280211329460144,0.6453401446342468,0.36500948667526245,-0.07784604281187057,0.684126615524292,0.30949729681015015,-0.09473621845245361,0.7186498641967773,0.2571724057197571,-0.10581889748573303,1.1349372637621629,1.7861324423529765,1.8473984494691986,1.7113574956797553,1.4458935776367625,1.0079017542633466,0.3981969836110052,0.7754003664135994,open_hand
0.4753049910068512,0.7725861072540283,6.972208552724624e-07,0.36666446924209595,0.708598256111145,-0.03910059109330177,0.2840656042098999,0.5951123237609863,-0.05390210822224617,0.22640715539455414,0.500980794429779,-0.06669573485851288,0.17060846090316772,0.44427403807640076,-0.07971227914094925,0.3933601379394531,0.39083606004714966,-0.01961631141602993,0.36506950855255127,0.24579882621765137,-0.039419740438461304,0.3509920835494995,0.15360137820243835,-0.060006432235240936,0.34443604946136475,0.0749424397945404,-0.07753655314445496,0.46613261103630066,0.3760320246219635,-0.023847173899412155,0.4783257246017456,0.21598760783672333,-0.039022475481033325,0.48458144068717957,0.11324366927146912,-0.059505395591259,0.49196794629096985,0.03107738494873047,-0.0766410082578659,0.5293046236038208,0.3996351361274719,-0.03520594909787178,0.5647070407867432,0.2620098888874054,-0.061162739992141724,0.585565984249115,0.17683053016662598,-0.08689775317907333,0.6020157337188721,0.10357430577278137,-0.10581682622432709,0.5825842022895813,0.4517737925052643,-0.05030479654669762,0.6418169736862183,0.3680066168308258,-0.07986190170049667,0.6808960437774658,0.3127050995826721,-0.09758602827787399,0.7154742479324341,0.2598799765110016,-0.10968524217605591,1.144890980181276,1.796867683758038,1.876415818992901,1.734066746947798,1.4512586387351403,1.027233105189635,0.38733338425526104,0.809192982527697,open_hand
0.4734307527542114,0.787723183631897,7.364703833445674e-07,0.36137133836746216,0.7196643352508545,-0.038769882172346115,0.2782270014286041,0.6065017580986023,-0.054380375891923904,0.2195829153060913,0.5151548385620117,-0.0682297945022583,0.16234153509140015,0.4603081941604614,-0.08229601383209229,0.38763684034347534,0.3961089253425598,-0.018399257212877274,0.35750675201416016,0.25124141573905945,-0.03932541608810425,0.3416745066642761,0.15892073512077332,-0.06124209612607956,0.3335251808166504,0.08084085583686829,-0.07950828969478607,0.4611019194126129,0.38156846165657043,-0.02370508387684822,0.47345325350761414,0.22019770741462708,-0.039708275347948074,0.4809422492980957,0.11705008149147034,-0.06076332554221153,0.489594042301178,0.03641214966773987,-0.07798931747674942,0.5248517394065857,0.4066913425922394,-0.03643396869301796,0.5611528158187866,0.26482897996902466,-0.06359563767910004,0.5819442272186279,0.17856815457344055,-0.08971387892961502,0.5984921455383301,0.1053270697593689,-0.10847878456115723,0.5783339142799377,0.46174317598342896,-0.05286824330687523,0.6386021375656128,0.3736899495124817,-0.0835285559296608,0.677501916885376,0.31549718976020813,-0.10152658820152283,0.71168053150177,0.2602853775024414,-0.11348209530115128,1.1278549334024266,1.7810994292209177,1.85616321285291,1.7251428654795837,1.4489532077511644,1.022769500679133,0.3986810768027511,0.7796277889024411,open_hand
0.47043702006340027,0.8021897077560425,6.971231982788595e-07,0.3599967956542969,0.7380009889602661,-0.03885267302393913,0.2738277316093445,0.6239448189735413,-0.05558522790670395,0.21418733894824982,0.5304182171821594,-0.07047262787818909,0.15495866537094116,0.47686767578125,-0.08591331541538239,0.3824237585067749,0.4122450351715088,-0.02425038255751133,0.350460946559906,0.2651582360267639,-0.0467795729637146,0.3344075083732605,0.17062842845916748,-0.0692833885550499,0.3263784348964691,0.09066158533096313,-0.08815586566925049,0.4557238519191742,0.39497110247612,-0.030273552983999252,0.4649874269962311,0.22886554896831512,-0.0484810471534729,0.4708346426486969,0.12295258045196533,-0.07085626572370529,0.47797173261642456,0.03947457671165466,-0.08917655050754547,0.5200854539871216,0.4171978831291199,-0.04309576749801636,0.5555801391601562,0.2715798318386078,-0.07155700773000717,0.5773658752441406,0.18319383263587952,-0.09863696992397308,0.5941669940948486,0.10846826434135437,-0.11842593550682068,0.5748758912086487,0.4705587923526764,-0.05948878824710846,0.6353212594985962,0.38059669733047485,-0.0911223441362381,0.674803614616394,0.32148465514183044,-0.10989097505807877,0.7088626623153687,0.26618683338165283,-0.12266410887241364,1.1288066964340502,1.789728229950647,1.8794223328520692,1.7487433294158505,1.4667508982929294,1.034109330849443,0.3915858118694534,0.7961558909760568,open_hand
0.4701087772846222,0.812312126159668,7.183687671385997e-07,0.3540952205657959,0.7506366968154907,-0.03918616101145744,0.26642441749572754,0.6395665407180786,-0.05541415140032768,0.20606623589992523,0.547526478767395,-0.06984447687864304,0.14658954739570618,0.49418678879737854,-0.08479881286621094,0.375032514333725,0.4224947690963745,-0.02123216539621353,0.340876042842865,0.2746050953865051,-0.04206481948494911,0.3235117793083191,0.1790427267551422,-0.06334789842367172,0.3142675757408142,0.09966328740119934,-0.08148704469203949,0.4499457776546478,0.404022753238678,-0.02701074816286564,0.45981401205062866,0.23680151998996735,-0.04409506171941757,0.4657680094242096,0.13166093826293945,-0.06616738438606262,0.47325173020362854,0.04999092221260071,-0.0841607004404068,0.5148534774780273,0.42652732133865356,-0.03986077755689621,0.5508418083190918,0.27666693925857544,-0.06841239333152771,0.5721766948699951,0.18796783685684204,-0.0960579439997673,0.5889677405357361,0.11181402206420898,-0.11619430035352707,0.5700787901878357,0.4804604649543762,-0.05620039254426956,0.6315175890922546,0.39124757051467896,-0.08885137736797333,0.6709661483764648,0.331085741519928,-0.10850971192121506,0.7053765058517456,0.2728118300437927,-0.12176404893398285,1.1266946265576425,1.7917099712206443,1.872096518054358,1.7573470059494862,1.4670762439639722,1.0464052560663932,0.4066220583092912,0.7907458707111652,open_hand
0.46633410453796387,0.831472635269165,7.362058340731892e-07,0.3524419367313385,0.7675535678863525,-0.04174317046999931,0.2634238302707672,0.6546000242233276,-0.060265086591243744,0.20165812969207764,0.5627206563949585,-0.07664001733064651,0.1408582627773285,0.5083391666412354,-0.09347996860742569,0.3710574805736542,0.43940240144729614,-0.025862935930490494,0.33722445368766785,0.29170966148376465,-0.04996046423912048,0.3206535279750824,0.1962721347808838,-0.07335034757852554,0.31182098388671875,0.11664041876792908,-0.09280025213956833,0.4455950856208801,0.4201470613479614,-0.03187858685851097,0.4538652300834656,0.25009167194366455,-0.05285397544503212,0.4589262008666992,0.14155477285385132,-0.07692534476518631,0.4653356969356537,0.05601254105567932,-0.09598594903945923,0.5105195045471191,0.44160813093185425,-0.04513534530997276,0.5448468923568726,0.2903568148612976,-0.0774473249912262,0.564915657043457,0.19909429550170898,-0.10621459782123566,0.5804723501205444,0.12033051252365112,-0.12659771740436554,0.5665602684020996,0.4948206841945648,-0.061990175396203995,0.6279374957084656,0.4033229649066925,-0.09706185013055801,0.6673939824104309,0.34280356764793396,-0.11709775775671005,0.7010842561721802,0.284479558467865,-0.13042674958705902,1.1331161412885262,1.7846501280395937,1.8915870975205533,1.7703185735450078,1.475160002099257,1.0346237468226978,0.3996401763533798,0.7990974265785994,open_hand
0.4677307903766632,0.8448711037635803,7.284443199750967e-07,0.35236769914627075,0.7857838273048401,-0.04388550668954849,0.26098769903182983,0.6724618077278137,-0.06147634610533714,0.19797058403491974,0.5777705907821655,-0.07645963877439499,0.1372012495994568,0.5227693319320679,-0.09163721650838852,0.3663473129272461,0.4534089267253876,-0.02553212270140648,0.32882240414619446,0.3040112257003784,-0.04886690154671669,0.3101288676261902,0.20671039819717407,-0.07155831158161163,0.2998032569885254,0.1251283586025238,-0.09071560949087143,0.4410135746002197,0.4315705895423889,-0.02985679917037487,0.4480970799922943,0.26167452335357666,-0.04990497604012489,0.4536254107952118,0.1540115475654602,-0.07281386852264404,0.46086543798446655,0.06937631964683533,-0.09104135632514954,0.506385326385498,0.4516839385032654,-0.041843436658382416,0.5403269529342651,0.29908889532089233,-0.07336712628602982,0.5606836676597595,0.20843088626861572,-0.10177995264530182,0.576610803604126,0.1290280520915985,-0.12202398478984833,0.563210129737854,0.5038918852806091,-0.05777987092733383,0.6240398287773132,0.41271913051605225,-0.09340337663888931,0.6633310317993164,0.35111138224601746,-0.11460988968610764,0.6978775858879089,0.2900198698043823,-0.1286965310573578,1.1331504462473703,1.7932319840624462,1.8804851877767492,1.768345840633558,1.4794398121837176,1.0345917571638343,0.41045978387040677,0.7850909436071004,open_hand
0.4671323001384735,0.854867696762085,7.503370511585672e-07,0.349731981754303,0.7969890832901001,-0.04397226870059967,0.2572004199028015,0.6864176988601685,-0.06202450022101402,0.19340750575065613,0.5930870771408081,-0.07730124145746231,0.13219135999679565,0.5398666858673096,-0.09304475039243698,0.3622952401638031,0.4644947946071625,-0.028202641755342484,0.3253582715988159,0.3154017925262451,-0.052332811057567596,0.30651140213012695,0.21821868419647217,-0.075764961540699,0.2961181700229645,0.13616731762886047,-0.09545333683490753,0.437214195728302,0.44313979148864746,-0.03268936276435852,0.4431813061237335,0.27166497707366943,-0.053083933889865875,0.44724562764167786,0.16211149096488953,-0.0769231766462326,0.45348218083381653,0.07540580630302429,-0.09619193524122238,0.502906084060669,0.4636620581150055,-0.04458585008978844,0.5364789962768555,0.31062567234039307,-0.07680202275514603,0.5556615591049194,0.21832314133644104,-0.10631316900253296,0.5706580877304077,0.1387639045715332,-0.12745238840579987,0.5598714351654053,0.5163096785545349,-0.06025417521595955,0.6204993724822998,0.42293456196784973,-0.09662913531064987,0.6596802473068237,0.36142250895500183,-0.11804936081171036,0.6936300992965698,0.30215877294540405,-0.13230380415916443,1.1328349156386568,1.7988300750341024,1.8968382599295406,1.7741511868815372,1.4773841844957807,1.0521897613554474,0.40735599084523,0.8023363082007554,open_hand
0.4646463096141815,0.8693044781684875,7.596025284328789e-07,0.3497295379638672,0.814012885093689,-0.046438783407211304,0.2547301650047302,0.7034183740615845,-0.06619278341531754,0.19128747284412384,0.6092404127120972,-0.08251883834600449,0.1321668028831482,0.5515570640563965,-0.09891269356012344,0.35854628682136536,0.4780561625957489,-0.033423908054828644,0.3188454806804657,0.32890862226486206,-0.05977301672101021,0.2992437183856964,0.23108729720115662,-0.08405324816703796,0.28827565908432007,0.14884081482887268,-0.10397211462259293,0.4335113763809204,0.4537411630153656,-0.036877088248729706,0.4393574595451355,0.28170305490493774,-0.05919729173183441,0.4446198344230652,0.17249584197998047,-0.08286365866661072,0.4520134925842285,0.08692803978919983,-0.10149402171373367,0.49937155842781067,0.47246697545051575,-0.04778245463967323,0.5324398875236511,0.3183300197124481,-0.08050637692213058,0.5509804487228394,0.22558370232582092,-0.10894900560379028,0.5653671622276306,0.14593955874443054,-0.12913979589939117,0.5569388270378113,0.5247620344161987,-0.062751404941082,0.6172770857810974,0.43132734298706055,-0.09896337240934372,0.6554366946220398,0.36786216497421265,-0.120017871260643,0.6884239315986633,0.3063218295574188,-0.13378611207008362,1.1244319205327709,1.7903087139541318,1.8860262449454688,1.7728206548040741,1.4829971324646065,1.0324765297386622,0.4184691260600668,0.7747901601327896,open_hand
0.4651050269603729,0.8758046627044678,7.627435252288706e-07,0.34913116693496704,0.8225980997085571,-0.049049247056245804,0.2539416551589966,0.7166138291358948,-0.07076267153024673,0.1895187944173813,0.6221209168434143,-0.08865950256586075,0.13019177317619324,0.5626133680343628,-0.10688867419958115,0.35657039284706116,0.49249857664108276,-0.03805941715836525,0.318661630153656,0.3396877646446228,-0.06627849489450455,0.29928404092788696,0.24077379703521729,-0.09182478487491608,0.2882663607597351,0.15621107816696167,-0.1126408725976944,0.43182820081710815,0.4684157073497772,-0.040986668318510056,0.4367443025112152,0.2944188117980957,-0.06520751118659973,0.4399224519729614,0.1834290623664856,-0.09088161587715149,0.4456755220890045,0.09316733479499817,-0.1114119365811348,0.4975593090057373,0.48636019229888916,-0.05131945013999939,0.5306831002235413,0.3302852511405945,-0.0862850695848465,0.5491175055503845,0.2353622019290924,-0.11650840938091278,0.5635822415351868,0.1526593267917633,-0.1380608081817627,0.5548171997070312,0.5367193818092346,-0.06572066992521286,0.6143906116485596,0.442141592502594,-0.10392126441001892,0.6529413461685181,0.378610223531723,-0.1258995682001114,0.6865160465240479,0.31662896275520325,-0.14041514694690704,1.1461391660603144,1.8245437761578431,1.9249581566141878,1.8081055173486327,1.5033949092759118,1.061596533211788,0.4127810184756216,0.8028760528990777,open_hand
0.46258577704429626,0.886039137840271,7.939055990391353e-07,0.34919965267181396,0.8303414583206177,-0.047976329922676086,0.2532224655151367,0.7254826426506042,-0.06980828195810318,0.1871219277381897,0.6339209675788879,-0.08758056163787842,0.12884029746055603,0.5738979578018188,-0.10520494729280472,0.3527677655220032,0.49724385142326355,-0.03771565854549408,0.31050392985343933,0.3453475534915924,-0.06516924500465393,0.2896595597267151,0.24640479683876038,-0.08949664980173111,0.2786581516265869,0.16383102536201477,-0.10901844501495361,0.4287082254886627,0.47271811962127686,-0.04051012545824051,0.43301260471343994,0.2991012930870056,-0.06334608793258667,0.43751761317253113,0.18909308314323425,-0.08690719306468964,0.44488856196403503,0.10296893119812012,-0.10545147955417633,0.49500855803489685,0.49091458320617676,-0.050702329725027084,0.5286178588867188,0.3350752294063568,-0.08409889042377472,0.547080934047699,0.2401999831199646,-0.11293867975473404,0.5617718696594238,0.15918296575546265,-0.13334926962852478,0.5516874194145203,0.5422890782356262,-0.06485582143068314,0.6120617389678955,0.4484403729438782,-0.10214617103338242,0.6498379111289978,0.384549081325531,-0.12370815128087997,0.682770848274231,0.32246944308280945,-0.13756337761878967,1.1253676182831165,1.8075956060792506,1.8967384462804682,1.7894072310739226,1.489137170148028,1.047788322028863,0.42492306151045944,0.7806157272487526,open_hand
0.46312621235847473,0.8933696150779724,7.566162594230263e-07,0.348013311624527,0.8379690647125244,-0.04484814032912254,0.25208503007888794,0.7294511795043945,-0.0644824430346489,0.18667642772197723,0.6363417506217957,-0.08105013519525528,0.1275145709514618,0.5793395042419434,-0.09808925539255142,0.35124197602272034,0.5074585676193237,-0.03349289298057556,0.3123149275779724,0.35649484395980835,-0.06104234978556633,0.2927071750164032,0.259018212556839,-0.08606796711683273,0.28175902366638184,0.17619577050209045,-0.106367327272892,0.42631304264068604,0.48133862018585205,-0.0378890223801136,0.4310401380062103,0.3072762191295624,-0.06119406595826149,0.43494558334350586,0.1972055435180664,-0.08594698458909988,0.44136950373649597,0.10873734951019287,-0.10556278377771378,0.4927629828453064,0.4975243806838989,-0.04945892468094826,0.5250139832496643,0.3414669632911682,-0.08285944908857346,0.5430434942245483,0.24674031138420105,-0.11209084838628769,0.5571507811546326,0.16527295112609863,-0.13307003676891327,0.5504863262176514,0.5474761724472046,-0.06484287977218628,0.6101866960525513,0.45441538095474243,-0.10162872076034546,0.6481986045837402,0.3905855417251587,-0.12290416657924652,0.6813215017318726,0.3290849030017853,-0.13696473836898804,1.1313538899723894,1.7991115431072773,1.9065748701477068,1.796091936099398,1.4932688856647276,1.0392824375788081,0.4171409878589124,0.7878721621231572,open_hand
0.46472644805908203,0.8956640958786011,7.757867024338339e-07,0.3496856093406677,0.8400135040283203,-0.04529454559087753,0.251376211643219,0.7338089346885681,-0.06365422904491425,0.18489977717399597,0.6416890621185303,-0.07843337208032608,0.12626707553863525,0.5848894715309143,-0.09337826818227768,0.35097697377204895,0.5095363259315491,-0.03151647746562958,0.3091930150985718,0.35892152786254883,-0.056522779166698456,0.2889373004436493,0.26206889748573303,-0.07972205430269241,0.27746427059173584,0.1800566017627716,-0.09873712807893753,0.4270155131816864,0.4849329888820648,-0.034528277814388275,0.4318893551826477,0.31217455863952637,-0.055240992456674576,0.43563956022262573,0.202775776386261,-0.07839079201221466,0.442243367433548,0.1145978569984436,-0.09695982187986374,0.4929816722869873,0.5018989443778992,-0.04489338397979736,0.5265806913375854,0.3474164605140686,-0.0765698030591011,0.5434009432792664,0.2529919445514679,-0.10553693026304245,0.5569970607757568,0.1710372269153595,-0.1263273060321808,0.5492814779281616,0.5511963367462158,-0.0590568371117115,0.6087852120399475,0.4595489501953125,-0.09517565369606018,0.645928144454956,0.3959277272224426,-0.116575688123703,0.6788630485534668,0.3329644799232483,-0.13062211871147156,1.1328448386783119,1.8029955608974282,1.9023385050667292,1.7910523227995265,1.4884531584084555,1.0441574188910818,0.42839495938351335,0.7821590688630862,open_hand
0.4607008099555969,0.894214391708374,7.575272320536897e-07,0.35025209188461304,0.8392491340637207,-0.043873630464076996,0.25516951084136963,0.7345478534698486,-0.06373894959688187,0.1882820725440979,0.6455343961715698,-0.08056777715682983,0.12988972663879395,0.5868961215019226,-0.09790235012769699,0.35267868638038635,0.5095292329788208,-0.03411558270454407,0.3129752278327942,0.3609403967857361,-0.06153896450996399,0.2926349341869354,0.265704482793808,-0.08649400621652603,0.2820131778717041,0.1835731863975525,-0.10675076395273209,0.42706653475761414,0.4846455156803131,-0.03880099952220917,0.4300366938114166,0.313335120677948,-0.06110910698771477,0.4333776831626892,0.20368266105651855,-0.08537354320287704,0.44022607803344727,0.11345642805099487,-0.10496962815523148,0.49342072010040283,0.5027070045471191,-0.050425004214048386,0.5263349413871765,0.3476589322090149,-0.08327920734882355,0.5441559553146362,0.25386711955070496,-0.112062469124794,0.5580724477767944,0.17168095707893372,-0.1328275352716446,0.5508482456207275,0.5547841191291809,-0.06565169990062714,0.6103335618972778,0.4614730477333069,-0.10260757803916931,0.647950291633606,0.39817649126052856,-0.12334136664867401,0.680436372756958,0.33673661947250366,-0.1368892788887024,1.119306516111385,1.7939427747078927,1.9091423648702706,1.7953213528702872,1.489081567326154,1.0445092411688295,0.4192661293190752,0.7982664561589837,open_hand
0.4684889018535614,0.89625084400177,7.659812126803445e-07,0.3546999990940094,0.8414450883865356,-0.04502696916460991,0.25713443756103516,0.7354874014854431,-0.06429979205131531,0.1902380734682083,0.643807053565979,-0.08014551550149918,0.13138455152511597,0.5855658650398254,-0.09609638899564743,0.3552083671092987,0.5138641595840454,-0.03276316449046135,0.31327390670776367,0.36279773712158203,-0.05893721804022789,0.29296061396598816,0.2659848630428314,-0.08273785561323166,0.28213608264923096,0.18361800909042358,-0.10203949362039566,0.4300527572631836,0.48869550228118896,-0.03615981340408325,0.4342653155326843,0.31658828258514404,-0.057916779071092606,0.43876174092292786,0.2076568305492401,-0.08159162104129791,0.44632017612457275,0.11926805973052979,-0.10042813420295715,0.49584054946899414,0.5049089789390564,-0.04672154411673546,0.5285789370536804,0.3510255217552185,-0.07882432639598846,0.5461921691894531,0.2577068507671356,-0.1076519563794136,0.5600802898406982,0.17626875638961792,-0.12830829620361328,0.5528673529624939,0.5540627837181091,-0.06105417013168335,0.611846923828125,0.46264344453811646,-0.09711433202028275,0.6486817598342896,0.39966100454330444,-0.11799696087837219,0.6811665296554565,0.3377112150192261,-0.13164089620113373,1.139775295025194,1.8094995907411724,1.9071498826296398,1.7934620540494284,1.4891683478174904,1.044701024957332,0.42912266723304326,0.7841396589280335,open_hand
0.47068291902542114,0.8975865244865417,7.81055973675393e-07,0.3566603660583496,0.8443171977996826,-0.044965919107198715,0.25790920853614807,0.736572802066803,-0.06313356012105942,0.19025474786758423,0.6436834931373596,-0.07756941765546799,0.13092154264450073,0.586327314376831,-0.09216949343681335,0.3545645773410797,0.51374351978302,-0.03336193785071373,0.3129446506500244,0.3617187738418579,-0.0583190992474556,0.2924695611000061,0.2658836245536804,-0.08085650950670242,0.2811504602432251,0.18428608775138855,-0.09947068989276886,0.42966151237487793,0.4885164797306061,-0.03623833879828453,0.43404892086982727,0.3157474994659424,-0.05737365409731865,0.4383924603462219,0.20618310570716858,-0.08073833584785461,0.4459546208381653,0.11594131588935852,-0.0995170846581459,0.4955180883407593,0.5047739148139954,-0.04610956087708473,0.5285108685493469,0.3502986431121826,-0.07854937016963959,0.54586261510849,0.25708863139152527,-0.10797432065010071,0.5595703125,0.17525547742843628,-0.12905994057655334,0.5522846579551697,0.5536134243011475,-0.059551090002059937,0.6117254495620728,0.46205729246139526,-0.09714488685131073,0.6492184400558472,0.3995992839336395,-0.1191553846001625,0.681899905204773,0.3379777669906616,-0.13343609869480133,1.1385774539323175,1.8044444527487635,1.9101303849312388,1.7908999133745693,1.4849063649837138,1.0400696502878064,0.43229067619875355,0.789311150738082,open_hand
0.46878355741500854,0.8996772766113281,7.863457085477421e-07,0.35924798250198364,0.8437713980674744,-0.04497312754392624,0.2644226551055908,0.7401723861694336,-0.0657201036810875,0.19692403078079224,0.6488417387008667,-0.08320733904838562,0.13678520917892456,0.588254988193512,-0.10101217031478882,0.3617837131023407,0.5138235688209534,-0.03520919755101204,0.32118627429008484,0.3625004291534424,-0.06290940940380096,0.30173033475875854,0.2672281563282013,-0.08751268684864044,0.2913038730621338,0.1841181218624115,-0.107393778860569,0.43629691004753113,0.48902246356010437,-0.039443839341402054,0.440753698348999,0.3180638551712036,-0.0625523179769516,0.44381749629974365,0.20772826671600342,-0.08735355734825134,0.44993895292282104,0.11492204666137695,-0.10718107968568802,0.5012382864952087,0.5070498585700989,-0.050617799162864685,0.5352548956871033,0.3544636368751526,-0.08432473242282867,0.5523804426193237,0.26036521792411804,-0.11373402178287506,0.5660839676856995,0.17641106247901917,-0.1347396969795227,0.556293249130249,0.5584785342216492,-0.06539038568735123,0.617229163646698,0.46905261278152466,-0.10279186815023422,0.6546481847763062,0.4061408042907715,-0.12400981783866882,0.6868420243263245,0.3431575894355774,-0.1377660185098648,1.1267446630778353,1.800339420752726,1.9145021765450483,1.7933178619119297,1.4822443578560554,1.0456554130458393,0.4182223373991051,0.7983571029016283,open_hand
0.47092193365097046,0.902033805847168,7.791118150635157e-07,0.35960549116134644,0.8488259315490723,-0.04691215604543686,0.26499348878860474,0.7423570156097412,-0.0682777538895607,0.19971366226673126,0.6495159268379211,-0.08588138222694397,0.14120012521743774,0.5896933674812317,-0.10380341857671738,0.3644060492515564,0.5192021131515503,-0.03901604562997818,0.32519879937171936,0.3661457300186157,-0.06736697256565094,0.30518078804016113,0.26848897337913513,-0.09242553263902664,0.2939254343509674,0.1851961314678192,-0.11266764253377914,0.4394757151603699,0.4950181245803833,-0.04240361973643303,0.445058137178421,0.32055866718292236,-0.06581281870603561,0.44965288043022156,0.20930472016334534,-0.08989080041646957,0.4564880430698395,0.11775374412536621,-0.10925695300102234,0.5053681135177612,0.5128307342529297,-0.05280683562159538,0.5380930304527283,0.35622715950012207,-0.08598442375659943,0.55548495054245,0.26205727458000183,-0.11444996297359467,0.5687426328659058,0.17853474617004395,-0.1351173222064972,0.5619871616363525,0.5635961890220642,-0.06713605672121048,0.620554506778717,0.47059428691864014,-0.10419807583093643,0.657450795173645,0.40712881088256836,-0.12511403858661652,0.6895332336425781,0.34406787157058716,-0.1389073133468628,1.1351238681214015,1.8198463386600257,1.92966616086223,1.809046957898456,1.4988137754096071,1.0536853050907948,0.42889675898542945,0.7947869337546322,open_hand
0.47942888736724854,0.907709002494812,8.047711617109599e-07,0.36595913767814636,0.8517646789550781,-0.04716300591826439,0.2695404887199402,0.7467508316040039,-0.06874696165323257,0.20238496363162994,0.6546700596809387,-0.08666522055864334,0.14256417751312256,0.5962320566177368,-0.10491961985826492,0.36660388112068176,0.5242081880569458,-0.037787217646837234,0.32660308480262756,0.3715481162071228,-0.06659996509552002,0.30692532658576965,0.27348974347114563,-0.09223772585391998,0.29661810398101807,0.1893112063407898,-0.1127779632806778,0.4419383704662323,0.4997716248035431,-0.04120030254125595,0.44803303480148315,0.3257133960723877,-0.06497661769390106,0.4530075788497925,0.21380451321601868,-0.08949913084506989,0.46038180589675903,0.12198013067245483,-0.10915285348892212,0.5079619884490967,0.5174527764320374,-0.05191907659173012,0.5418787002563477,0.36165541410446167,-0.08566094934940338,0.5585012435913086,0.266694039106369,-0.11486528068780899,0.5714865922927856,0.1832871437072754,-0.13588698208332062,0.5645157694816589,0.5675386786460876,-0.06661263853311539,0.6245031356811523,0.4750841557979584,-0.10409515351057053,0.6618753671646118,0.4118427336215973,-0.12560617923736572,0.6946330070495605,0.34929904341697693,-0.13975349068641663,1.143100547112286,1.821177475693599,1.9272686586212753,1.804080052537676,1.492613741977768,1.0569622481247056,0.4301475168305922,0.7962791849397565,open_hand
0.48056697845458984,0.911669909954071,8.174177992259501e-07,0.36736994981765747,0.8573685884475708,-0.04731043055653572,0.27165326476097107,0.7544335126876831,-0.06982927024364471,0.20525090396404266,0.662603497505188,-0.08860830217599869,0.14593607187271118,0.6024892330169678,-0.10782183706760406,0.3693205416202545,0.5302351117134094,-0.040972258895635605,0.32941168546676636,0.37645459175109863,-0.07020778208971024,0.3086305856704712,0.2787225842475891,-0.09570401906967163,0.2970616817474365,0.1949557363986969,-0.11625009775161743,0.4438035488128662,0.5054017901420593,-0.04448798671364784,0.4488954544067383,0.3300931751728058,-0.0691734105348587,0.45349815487861633,0.217280775308609,-0.0943928137421608,0.4611361622810364,0.12412276864051819,-0.11462119966745377,0.5096505880355835,0.522720217704773,-0.054935961961746216,0.5422253608703613,0.3643786907196045,-0.08957359939813614,0.5592690706253052,0.26841986179351807,-0.1195841059088707,0.5728548765182495,0.18402817845344543,-0.1412532776594162,0.5664542317390442,0.5729077458381653,-0.0691472589969635,0.6263673901557922,0.47893306612968445,-0.10765127837657928,0.6644220352172852,0.4146813750267029,-0.12975366413593292,0.6975007057189941,0.3518734276294708,-0.14428164064884186,1.1409440316403587,1.8250634896532008,1.9400167396959322,1.820281310690251,1.5047091693322052,1.0594275130926876,0.4355298561571305,0.8031548306654079,open_hand
0.48337456583976746,0.9150792360305786,7.955102887535759e-07,0.36927759647369385,0.8608993291854858,-0.044301874935626984,0.2734403908252716,0.7562209367752075,-0.06392114609479904,0.20649249851703644,0.6652665734291077,-0.0804598480463028,0.14952978491783142,0.6060439348220825,-0.09751642495393753,0.37201428413391113,0.5341060757637024,-0.034386634826660156,0.33389782905578613,0.38144123554229736,-0.062242019921541214,0.31500163674354553,0.28410619497299194,-0.08734621107578278,0.30475670099258423,0.19968309998512268,-0.10760129988193512,0.44681867957115173,0.508603572845459,-0.03874761238694191,0.45297127962112427,0.33464646339416504,-0.06151560693979263,0.45716869831085205,0.22176611423492432,-0.08598753809928894,0.463985800743103,0.127742201089859,-0.10574338585138321,0.5123611092567444,0.5252628922462463,-0.05012139305472374,0.5458739995956421,0.36864742636680603,-0.08291790634393692,0.562111496925354,0.27362456917762756,-0.11201732605695724,0.5748451352119446,0.18968361616134644,-0.13304433226585388,0.5684406757354736,0.57511305809021,-0.06522667407989502,0.6284381151199341,0.48296216130256653,-0.10226906836032867,0.665402889251709,0.4192439317703247,-0.12356769293546677,0.6980092525482178,0.3563644289970398,-0.13750536739826202,1.1349064408559688,1.8176915843038244,1.9383779948592519,1.8127623584576344,1.4980169725591224,1.0613823141624161,0.42623600659532423,0.8018010611172889,open_hand
0.48520126938819885,0.9163775444030762,8.157039133038779e-07,0.3750132620334625,0.8619429469108582,-0.044728878885507584,0.2783661186695099,0.7584463357925415,-0.06511174887418747,0.2105795443058014,0.6687095761299133,-0.082069993019104,0.15213066339492798,0.6095964908599854,-0.09928559511899948,0.37400996685028076,0.5315380692481995,-0.035298869013786316,0.334313303232193,0.3800189793109894,-0.06165146082639694,0.31505608558654785,0.2838347554206848,-0.08544851094484329,0.3049481511116028,0.20139721035957336,-0.10483846813440323,0.44901734590530396,0.5077495574951172,-0.03919914364814758,0.45639312267303467,0.3342769145965576,-0.06050744280219078,0.46131056547164917,0.22313031554222107,-0.08405600488185883,0.468226820230484,0.13154694437980652,-0.10316649824380875,0.514773964881897,0.5254995822906494,-0.04998261481523514,0.5490846633911133,0.36917224526405334,-0.08172068744897842,0.5655370950698853,0.27474817633628845,-0.1107974573969841,0.5779277682304382,0.19160759449005127,-0.13196048140525818,0.5710532665252686,0.5761666893959045,-0.06439776718616486,0.6320025324821472,0.484631210565567,-0.10081348568201065,0.6700409650802612,0.422374963760376,-0.12197386473417282,0.7028765082359314,0.36159902811050415,-0.13582929968833923,1.1249358276176744,1.8072657292151413,1.921307732977866,1.801757673146176,1.4832390625685763,1.0577670016905298,0.43096709252655147,0.8013392838208632,open_hand
0.4883885681629181,0.9219095706939697,7.999103104339156e-07,0.37729334831237793,0.8666144609451294,-0.04472394287586212,0.2830061912536621,0.7636210322380066,-0.06677164882421494,0.21490006148815155,0.6735866665840149,-0.08588924258947372,0.15644267201423645,0.6125880479812622,-0.10533612221479416,0.3793101906776428,0.5385158061981201,-0.035776399075984955,0.34137359261512756,0.38670554757118225,-0.06454203277826309,0.32180535793304443,0.2903500199317932,-0.09037459641695023,0.31045374274253845,0.20751860737800598,-0.11109049618244171,0.453449010848999,0.5116739869117737,-0.04068397730588913,0.46006208658218384,0.3371429443359375,-0.06433341652154922,0.46325182914733887,0.22492197155952454,-0.08939214795827866,0.4676222503185272,0.13272902369499207,-0.10934565961360931,0.5190443992614746,0.5278028249740601,-0.05250485986471176,0.5527576804161072,0.36915722489356995,-0.08536338806152344,0.5694255232810974,0.27390769124031067,-0.11447484791278839,0.5812491774559021,0.19086864590644836,-0.1355665624141693,0.5746391415596008,0.5786446332931519,-0.06807969510555267,0.636194109916687,0.4873059093952179,-0.10466505587100983,0.6738702058792114,0.42345768213272095,-0.12566979229450226,0.7063857913017273,0.3620316982269287,-0.13939781486988068,1.1258477264784068,1.7996193277557,1.9263677531650474,1.8110521180101358,1.4907904175528706,1.0475455325861895,0.4207231284204505,0.8034322803086985,open_hand
0.49373096227645874,0.9188781976699829,8.278161089947389e-07,0.38190194964408875,0.8646745681762695,-0.04532349854707718,0.28530293703079224,0.7621049284934998,-0.06650269031524658,0.2173827588558197,0.6716194152832031,-0.08435393869876862,0.15896451473236084,0.6125699281692505,-0.10271439701318741,0.3823358118534088,0.5393348336219788,-0.03833244368433952,0.3416690528392792,0.38621586561203003,-0.06692658364772797,0.32259678840637207,0.28830376267433167,-0.09198902547359467,0.31325551867485046,0.20396462082862854,-0.11204041540622711,0.45739951729774475,0.5134429931640625,-0.042373958975076675,0.46498844027519226,0.3377026915550232,-0.06558062881231308,0.470654159784317,0.22463107109069824,-0.08979033678770065,0.4783554673194885,0.1303730309009552,-0.10929254442453384,0.52330082654953,0.5297853946685791,-0.05324742570519447,0.5572046637535095,0.37233981490135193,-0.0861351266503334,0.5741933584213257,0.2773922383785248,-0.11479579657316208,0.5869487524032593,0.19367104768753052,-0.13558031618595123,0.5795520544052124,0.5797768831253052,-0.06785883754491806,0.6402338743209839,0.4883040487766266,-0.10471906512975693,0.6781466007232666,0.4253425598144531,-0.1253892481327057,0.7107421159744263,0.36367201805114746,-0.13888853788375854,1.136770356204692,1.822325191606134,1.9454410531254196,1.817028288456688,1.4955678809693733,1.0674497034878483,0.44172263357869407,0.8078411696403216,open_hand
0.4941211938858032,0.9219005107879639,8.039208978516399e-07,0.3859086036682129,0.8650731444358826,-0.04409457743167877,0.29236483573913574,0.761866569519043,-0.06566575169563293,0.22498150169849396,0.6730367541313171,-0.08427772670984268,0.1662873923778534,0.6120243072509766,-0.10311752557754517,0.38999876379966736,0.5327494740486145,-0.034631114453077316,0.3519878387451172,0.38074880838394165,-0.06246113032102585,0.33325260877609253,0.2853277921676636,-0.08772941678762436,0.323056161403656,0.20292404294013977,-0.1079784482717514,0.4638471007347107,0.5094423890113831,-0.039856214076280594,0.470421701669693,0.33666473627090454,-0.06250881403684616,0.47352564334869385,0.22504404187202454,-0.0875207707285881,0.4778258502483368,0.13217413425445557,-0.10748772323131561,0.5284890532493591,0.528143048286438,-0.05195014178752899,0.5629112720489502,0.37110477685928345,-0.08431980758905411,0.5794247388839722,0.2758495807647705,-0.11386319249868393,0.5909093618392944,0.19142040610313416,-0.13527631759643555,0.5833941698074341,0.580252468585968,-0.06766317784786224,0.6448566913604736,0.4888272285461426,-0.10416918247938156,0.6828333139419556,0.4259079694747925,-0.1250811666250229,0.7154347896575928,0.3649674654006958,-0.13863447308540344,1.1137437328452309,1.7976433328785226,1.9186607815352692,1.8031438673798823,1.4804897471330487,1.0545173218491182,0.4095811590811007,0.8041138212108736,open_hand
0.4977261424064636,0.925565779209137,8.068954571172071e-07,0.3891600966453552,0.8679183721542358,-0.044277090579271317,0.2942864000797272,0.7612956762313843,-0.06638241559267044,0.22684770822525024,0.6698952317237854,-0.08572862297296524,0.16793379187583923,0.6087214350700378,-0.10565323382616043,0.3939856290817261,0.5384212732315063,-0.037748854607343674,0.3535628914833069,0.38541340827941895,-0.0677390843629837,0.3335200548171997,0.2869204878807068,-0.09420202672481537,0.3226391077041626,0.20270249247550964,-0.11528697609901428,0.46820926666259766,0.5139334201812744,-0.04315122589468956,0.475590318441391,0.3372483253479004,-0.0682951807975769,0.48102834820747375,0.2235560417175293,-0.09377417713403702,0.4881078600883484,0.12948668003082275,-0.11384699493646622,0.5338479280471802,0.5319074392318726,-0.05533168464899063,0.5670564770698547,0.37212473154067993,-0.08935126662254333,0.5842090845108032,0.276123970746994,-0.1183135062456131,0.5968398451805115,0.19244831800460815,-0.13907042145729065,0.5898885130882263,0.5843091607093811,-0.07119958847761154,0.6513737440109253,0.49026352167129517,-0.10788821429014206,0.6897736191749573,0.42566484212875366,-0.12830330431461334,0.7225968241691589,0.3630163073539734,-0.14162249863147736,1.1311953486722608,1.8138694923166052,1.938197673877614,1.81410557828748,1.4994022416994013,1.0473819520178163,0.43608449528803966,0.8003643751699858,open_hand
0.4992944598197937,0.9265104532241821,8.145163974404568e-07,0.38965752720832825,0.8695073127746582,-0.04553773254156113,0.2943783402442932,0.7611777782440186,-0.06733289361000061,0.22615186870098114,0.6694424748420715,-0.08619478344917297,0.16702690720558167,0.60908442735672,-0.1053936779499054,0.3928483724594116,0.5400205850601196,-0.03696103021502495,0.3512583374977112,0.38655704259872437,-0.066391222178936,0.33032453060150146,0.2869587242603302,-0.09219425171613693,0.3192864954471588,0.20238521695137024,-0.11273357272148132,0.4678392708301544,0.5154293775558472,-0.04122684523463249,0.4755668342113495,0.338640958070755,-0.06583629548549652,0.48181015253067017,0.22545206546783447,-0.0903976634144783,0.48997533321380615,0.13366711139678955,-0.109606072306633,0.5343245267868042,0.5322672128677368,-0.05259985104203224,0.5659094452857971,0.37310975790023804,-0.08653877675533295,0.5834698677062988,0.2775444984436035,-0.11507433652877808,0.5969436168670654,0.19491827487945557,-0.13519664108753204,0.5913758873939514,0.5823838114738464,-0.06783583015203476,0.6524801254272461,0.4875951111316681,-0.10466060042381287,0.6916977167129517,0.42280423641204834,-0.125303715467453,0.7258366346359253,0.36026448011398315,-0.13858331739902496,1.137843682601955,1.8212866034763744,1.9318387613378345,1.8109776500825263,1.5094584220778933,1.0482414101561066,0.4441495172080915,0.7924757237558855,open_hand
0.5051664113998413,0.9165748357772827,8.232478876379901e-07,0.39494001865386963,0.8604934215545654,-0.04683435335755348,0.29955747723579407,0.7562768459320068,-0.06797519326210022,0.2310808002948761,0.666425883769989,-0.08531896770000458,0.17261767387390137,0.6072058081626892,-0.10292486846446991,0.39704057574272156,0.5321906805038452,-0.03871515765786171,0.3588556945323944,0.37767964601516724,-0.06666973978281021,0.3404422104358673,0.2793983817100525,-0.0911327376961708,0.3311487138271332,0.19532394409179688,-0.11075377464294434,0.47240981459617615,0.5079357028007507,-0.04137445241212845,0.48069074749946594,0.33359313011169434,-0.06362360715866089,0.48599109053611755,0.22271278500556946,-0.0868121013045311,0.4929390251636505,0.13008034229278564,-0.10550420731306076,0.538856565952301,0.5260612964630127,-0.051047611981630325,0.5721091032028198,0.3692983388900757,-0.08339367806911469,0.5882004499435425,0.2737979590892792,-0.1117008775472641,0.6005223393440247,0.18868014216423035,-0.13214212656021118,0.5959480404853821,0.5773977637290955,-0.06462755054235458,0.6574705243110657,0.4862717092037201,-0.10151521861553192,0.6953768134117126,0.4234713315963745,-0.1223592534661293,0.7284913063049316,0.3615156412124634,-0.13579805195331573,1.1302869358430474,1.8206470028206825,1.9261383241111631,1.810319248255564,1.4890033841212211,1.0712886517624554,0.42357968014243114,0.8048119405917663,open_hand
0.5114728808403015,0.9154751300811768,8.092851544461155e-07,0.4012565016746521,0.8585325479507446,-0.04439898952841759,0.3055576682090759,0.754019021987915,-0.06550082564353943,0.23846040666103363,0.6643577218055725,-0.08340241014957428,0.18188703060150146,0.6013650298118591,-0.10170789062976837,0.40535035729408264,0.5274713039398193,-0.03785935789346695,0.3672402799129486,0.372469037771225,-0.06630122661590576,0.34866195917129517,0.27488234639167786,-0.09123699367046356,0.33802178502082825,0.1910724639892578,-0.11111361533403397,0.4798094928264618,0.5039968490600586,-0.04245243966579437,0.4892705976963043,0.32884329557418823,-0.06564485281705856,0.49411720037460327,0.216595858335495,-0.09013504534959793,0.4996431767940521,0.12236368656158447,-0.10965663194656372,0.544953465461731,0.5225788950920105,-0.053731802850961685,0.5803210735321045,0.3642180263996124,-0.08653108775615692,0.5979419350624084,0.2688388526439667,-0.11570596694946289,0.6107114553451538,0.1841994822025299,-0.1366993635892868,0.6003391146659851,0.5745036005973816,-0.06860699504613876,0.6626315116882324,0.4824226200580597,-0.10540664196014404,0.7007333636283875,0.4187992811203003,-0.12628905475139618,0.7335481643676758,0.35645797848701477,-0.13974007964134216,1.1244762231157768,1.8153020508445714,1.9300910131727285,1.8090637483442178,1.4884812272687606,1.0583885182034918,0.4233241864581897,0.8009430442611405,open_hand
0.5132914781570435,0.9110682606697083,8.208021995415038e-07,0.40318018198013306,0.8545708060264587,-0.04470348358154297,0.30800536274909973,0.7483866214752197,-0.06528480350971222,0.2405884861946106,0.6579881310462952,-0.08267252147197723,0.18308764696121216,0.5977192521095276,-0.10042890161275864,0.4075344204902649,0.5238573551177979,-0.03520297259092331,0.3684059977531433,0.3715587556362152,-0.06187351420521736,0.3500496447086334,0.27499374747276306,-0.08571884781122208,0.34097322821617126,0.19155213236808777,-0.10511332750320435,0.48313483595848083,0.49972355365753174,-0.03956613317131996,0.49188196659088135,0.3246464729309082,-0.06096791848540306,0.4967368245124817,0.2119113802909851,-0.0842396467924118,0.5034840106964111,0.11798602342605591,-0.10308708250522614,0.5494462847709656,0.5179204344749451,-0.05089863762259483,0.5832968950271606,0.3609626591205597,-0.08231187611818314,0.5994721055030823,0.26597514748573303,-0.11066008359193802,0.6119022369384766,0.18166515231132507,-0.13135352730751038,0.6062030792236328,0.5692274570465088,-0.06601224839687347,0.667262077331543,0.47845518589019775,-0.10144465416669846,0.7047319412231445,0.4157429337501526,-0.12179046869277954,0.7372243404388428,0.3537147641181946,-0.13524773716926575,1.1250659264210694,1.8035592543387882,1.9303182594601485,1.8044647994780314,1.485955604052602,1.0517848579164368,0.4305560543254067,0.8049413370081834,open_hand
0.515007734298706,0.9104957580566406,8.161930509231752e-07,0.40673986077308655,0.8513010740280151,-0.04419385641813278,0.3111514449119568,0.7451003789901733,-0.06539370119571686,0.24345801770687103,0.6548219323158264,-0.08340989053249359,0.1849033236503601,0.5943157076835632,-0.10192431509494781,0.4100826680660248,0.5204686522483826,-0.037071436643600464,0.37106257677078247,0.3682425022125244,-0.06487753242254257,0.3512956500053406,0.2706695795059204,-0.08955960720777512,0.34100034832954407,0.18769508600234985,-0.10955122113227844,0.4845476746559143,0.49709320068359375,-0.04169191047549248,0.4933246374130249,0.32141220569610596,-0.0649874359369278,0.4987470805644989,0.2088562548160553,-0.08905908465385437,0.5061125755310059,0.11636915802955627,-0.10825148224830627,0.5505056977272034,0.5157834887504578,-0.05309732258319855,0.5842763185501099,0.3572118580341339,-0.0862199142575264,0.6006778478622437,0.26069149374961853,-0.1153489202260971,0.613410234451294,0.1763329803943634,-0.13639773428440094,0.6066844463348389,0.5676339268684387,-0.0680786669254303,0.6687094569206238,0.47470933198928833,-0.10506636649370193,0.7074035406112671,0.4106341004371643,-0.12639014422893524,0.7410319447517395,0.34834960103034973,-0.1403774619102478,1.1241154963504247,1.8037709680016256,1.92388416857725,1.8078572844860417,1.4928232073989287,1.0456159955743296,0.43172689549662946,0.7962108442242762,open_hand
0.5173997282981873,0.9089770317077637,7.993691610863607e-07,0.408669650554657,0.8509466648101807,-0.04461038485169411,0.313146710395813,0.742821455001831,-0.0650259479880333,0.24526023864746094,0.6506178379058838,-0.08232498914003372,0.18726855516433716,0.5893838405609131,-0.10009725391864777,0.4127218425273895,0.5189480781555176,-0.035992078483104706,0.3755013346672058,0.36553463339805603,-0.06413202732801437,0.35743263363838196,0.2679452896118164,-0.08902814239263535,0.3476164638996124,0.1842574179172516,-0.10917417705059052,0.48759210109710693,0.49398910999298096,-0.04047036170959473,0.49606186151504517,0.31870219111442566,-0.06434531509876251,0.500484049320221,0.20515233278274536,-0.08887647092342377,0.5065126419067383,0.11061513423919678,-0.10832487046718597,0.5537683963775635,0.511458158493042,-0.05187276005744934,0.5865145325660706,0.35370010137557983,-0.08554638177156448,0.6024419665336609,0.25744709372520447,-0.11483784765005112,0.6148064136505127,0.17297428846359253,-0.13586503267288208,0.6102105975151062,0.5625019073486328,-0.06700754910707474,0.6716179251670837,0.47190600633621216,-0.10485492646694183,0.7094030380249023,0.4083332419395447,-0.12676335871219635,0.742629885673523,0.3460000157356262,-0.14103646576404572,1.1249692150897708,1.7996808600506164,1.9275335061979848,1.805527967779803,1.4892663328270057,1.0425283334101239,0.4189589121575039,0.8014023471078178,open_hand
0.5141493082046509,0.8980389833450317,8.339654300471011e-07,0.40552565455436707,0.842252790927887,-0.04540929198265076,0.3112001419067383,0.736473560333252,-0.06578988581895828,0.24448999762535095,0.645714282989502,-0.08311939984560013,0.18778231739997864,0.584976077079773,-0.10077826678752899,0.4127575755119324,0.5147929787635803,-0.035069506615400314,0.3748612105846405,0.36088472604751587,-0.061735861003398895,0.35669973492622375,0.26313236355781555,-0.08543767780065536,0.34765416383743286,0.17868611216545105,-0.1047489270567894,0.48808616399765015,0.4909457266330719,-0.03866788372397423,0.49865707755088806,0.31459271907806396,-0.06037718057632446,0.5046697854995728,0.20053720474243164,-0.08355256170034409,0.51244056224823,0.10615745186805725,-0.10232190787792206,0.5540149211883545,0.5077285170555115,-0.04938526451587677,0.5877702832221985,0.3519434332847595,-0.08092834055423737,0.6043652892112732,0.2567509412765503,-0.10931053012609482,0.6171232461929321,0.17238068580627441,-0.12998062372207642,0.6109009385108948,0.5567806959152222,-0.06407583504915237,0.6733245253562927,0.4674185514450073,-0.09987305104732513,0.7122361660003662,0.4057500958442688,-0.12065980583429337,0.7461467981338501,0.3450978994369507,-0.13439922034740448,1.1307596105746796,1.8200143285970476,1.9486378281208414,1.816602995703233,1.4997108825899594,1.065585910291011,0.43942675349960486,0.8194330363823609,open_hand
0.5158562064170837,0.8985984325408936,7.977382665558252e-07,0.40729546546936035,0.8415526151657104,-0.04473438858985901,0.31320470571517944,0.7337113618850708,-0.06628861278295517,0.2467835247516632,0.6413158178329468,-0.08468339592218399,0.18720966577529907,0.5831036567687988,-0.10356615483760834,0.41442638635635376,0.509943962097168,-0.03776175528764725,0.37768107652664185,0.35760697722435,-0.06586682051420212,0.3593202531337738,0.25951501727104187,-0.09074410051107407,0.3496876060962677,0.1761990189552307,-0.11094608902931213,0.4901342988014221,0.4869413375854492,-0.04272276908159256,0.5000749826431274,0.31136053800582886,-0.06634091585874557,0.5048462748527527,0.1980377435684204,-0.09053192287683487,0.510647714138031,0.10540509223937988,-0.10982232540845871,0.5567607879638672,0.5060920715332031,-0.0544876828789711,0.5906326174736023,0.3488168716430664,-0.08770740032196045,0.6073712706565857,0.25307872891426086,-0.11632708460092545,0.6197720766067505,0.16947895288467407,-0.13698184490203857,0.6134321689605713,0.5582108497619629,-0.06996745616197586,0.6754469275474548,0.4657246470451355,-0.106760174036026,0.713776707649231,0.4019852876663208,-0.12764865159988403,0.7468454837799072,0.3402988910675049,-0.14139097929000854,1.1266743558106902,1.8075226044155843,1.9311295457707793,1.806550406544808,1.4964290101781403,1.0567653966741202,0.4240606186325128,0.8069252106999917,open_hand
0.5145988464355469,0.901006281375885,8.144921253006032e-07,0.4078735113143921,0.8426162004470825,-0.047077517956495285,0.31546473503112793,0.734746515750885,-0.06970911473035812,0.24936260282993317,0.6421089768409729,-0.08912055194377899,0.19081231951713562,0.5801607966423035,-0.10879779607057571,0.41534245014190674,0.5120354890823364,-0.037853557616472244,0.3769388496875763,0.35889899730682373,-0.06735789030790329,0.3581617474555969,0.2596732974052429,-0.09318413585424423,0.34879356622695923,0.17492669820785522,-0.113902248442173,0.49058178067207336,0.4874110221862793,-0.04185083508491516,0.49917489290237427,0.3123565912246704,-0.06678884476423264,0.5056486129760742,0.19868600368499756,-0.0914459228515625,0.5139899849891663,0.10548511147499084,-0.11080783605575562,0.5569800138473511,0.5045334100723267,-0.05316267907619476,0.5895923376083374,0.34690821170806885,-0.08750326186418533,0.6076384782791138,0.2507985532283783,-0.11636485159397125,0.6219184398651123,0.16737481951713562,-0.13685131072998047,0.6139839291572571,0.5550576448440552,-0.06856147944927216,0.6755867004394531,0.4639367163181305,-0.10583790391683578,0.7147220969200134,0.4006791412830353,-0.1271378993988037,0.748745858669281,0.3392440974712372,-0.1410069763660431,1.1254347501690392,1.8093834235017678,1.9289112390023513,1.8106647451883955,1.5003012292543445,1.044592385470391,0.4304136321091819,0.7989027724139929,open_hand
0.5178843140602112,0.8981236815452576,8.110862381727202e-07,0.40791741013526917,0.839545488357544,-0.04597849398851395,0.31437617540359497,0.7314013838768005,-0.06723963469266891,0.24811089038848877,0.6382542252540588,-0.08518822491168976,0.18944740295410156,0.5786166191101074,-0.10359789431095123,0.41593673825263977,0.5101812481880188,-0.0368170328438282,0.38055771589279175,0.3554894030094147,-0.0646759420633316,0.36290737986564636,0.2562631368637085,-0.08936545997858047,0.35360512137413025,0.17158082127571106,-0.10944640636444092,0.4914829432964325,0.48763781785964966,-0.04093112796545029,0.5033134818077087,0.3108196556568146,-0.06464675068855286,0.5090471506118774,0.19836723804473877,-0.08898095786571503,0.51519775390625,0.10566467046737671,-0.10818558931350708,0.557544469833374,0.5061641931533813,-0.05211193114519119,0.5921069979667664,0.34852123260498047,-0.0857020765542984,0.610201358795166,0.2520225942134857,-0.11455556750297546,0.6235939264297485,0.16687428951263428,-0.135213240981102,0.6137328743934631,0.5570544600486755,-0.06714435666799545,0.6759958267211914,0.4653788208961487,-0.10419447720050812,0.7151932716369629,0.402415007352829,-0.12512452900409698,0.7490121126174927,0.3410768508911133,-0.13885606825351715,1.1364602654954474,1.8213415287466073,1.9348788030721198,1.817082529711936,1.4971503811215536,1.0618435532619561,0.4222020876530109,0.8060877516659927,open_hand
0.5177727341651917,0.8974853754043579,8.014504828679492e-07,0.4070091247558594,0.8397122621536255,-0.045168597251176834,0.31316834688186646,0.7311251759529114,-0.06541681289672852,0.24764542281627655,0.6375234723091125,-0.08232618868350983,0.18979111313819885,0.5788232088088989,-0.0998111292719841,0.415950745344162,0.5108888149261475,-0.03668903931975365,0.3815065622329712,0.3562192916870117,-0.06411483883857727,0.3648296594619751,0.25702452659606934,-0.08842658996582031,0.35611504316329956,0.1727915108203888,-0.10816360265016556,0.49146637320518494,0.48771268129348755,-0.04081157594919205,0.5027897953987122,0.3111230731010437,-0.06412164866924286,0.5078831315040588,0.19784465432167053,-0.0882546529173851,0.5136172771453857,0.10467186570167542,-0.1073119193315506,0.5576121211051941,0.5055139660835266,-0.051836710423231125,0.5924592614173889,0.34738653898239136,-0.08517977595329285,0.6096172332763672,0.2505429983139038,-0.11442793160676956,0.6225378513336182,0.1655963957309723,-0.13537371158599854,0.6137046813964844,0.5560790300369263,-0.06657692044973373,0.6765524744987488,0.4647473990917206,-0.10399587452411652,0.7154221534729004,0.40111202001571655,-0.12559302151203156,0.7491535544395447,0.3389800786972046,-0.13970854878425598,1.1343040546403802,1.8183930046391463,1.9388648023252324,1.8215385167726086,1.5036594566019947,1.063532713606775,0.41586830399392977,0.8089539880942571,open_hand
0.5209234356880188,0.9005253911018372,8.357326919394836e-07,0.41074007749557495,0.8431189656257629,-0.04622269421815872,0.31552985310554504,0.7327497005462646,-0.06811101734638214,0.24926218390464783,0.6380941867828369,-0.0863557681441307,0.18959584832191467,0.5788418054580688,-0.1050013080239296,0.4169504940509796,0.5089406371116638,-0.04010803997516632,0.37845200300216675,0.35471242666244507,-0.06933510303497314,0.36015400290489197,0.25425422191619873,-0.09498891234397888,0.3514249324798584,0.16935372352600098,-0.11550125479698181,0.4927416145801544,0.4848777949810028,-0.04416957497596741,0.5032797455787659,0.30729126930236816,-0.06807073205709457,0.5102407932281494,0.1917022466659546,-0.09213713556528091,0.518685519695282,0.09770247340202332,-0.111239954829216,0.559788167476654,0.5036798715591431,-0.05513036623597145,0.5928894281387329,0.345342755317688,-0.08821721374988556,0.6105979681015015,0.24861985445022583,-0.11667030304670334,0.6242611408233643,0.16523873805999756,-0.13719069957733154,0.6171771287918091,0.5560047626495361,-0.06997998803853989,0.6784638166427612,0.4622754156589508,-0.10641338676214218,0.7170170545578003,0.3990311920642853,-0.12694807350635529,0.7501949071884155,0.3383476734161377,-0.14040109515190125,1.1304443963622255,1.8126697246097165,1.9346450970080762,1.8023685219039205,1.487463237942009,1.0513034670446688,0.4344591892347953,0.8001115229957346,open_hand
0.5195138454437256,0.8990917205810547,8.286926913569914e-07,0.4089096486568451,0.8413934111595154,-0.047682058066129684,0.31542471051216125,0.732094943523407,-0.0690784677863121,0.24871602654457092,0.6390907764434814,-0.08677308261394501,0.1909540891647339,0.5758326649665833,-0.10466122627258301,0.415976345539093,0.5076250433921814,-0.037416327744722366,0.3820902705192566,0.3520246148109436,-0.06562012434005737,0.3653789162635803,0.25278112292289734,-0.09045234322547913,0.3569493293762207,0.1676805317401886,-0.11051121354103088,0.4921613931655884,0.48382568359375,-0.04051317647099495,0.5039324164390564,0.30701541900634766,-0.06415385752916336,0.5108739137649536,0.19378429651260376,-0.08823291957378387,0.5188174247741699,0.101132333278656,-0.10732682794332504,0.5589596629142761,0.5020788908004761,-0.05095851048827171,0.5936866998672485,0.344478040933609,-0.0846075713634491,0.6114076972007751,0.24817121028900146,-0.11355539411306381,0.6249157190322876,0.16344651579856873,-0.1342690885066986,0.6162973642349243,0.5527602434158325,-0.06542301923036575,0.6783105134963989,0.46075254678726196,-0.10294219851493835,0.7168885469436646,0.3979593515396118,-0.12433107197284698,0.7501896619796753,0.3363444209098816,-0.13830888271331787,1.1303888105244015,1.8112973435349713,1.925566357477764,1.8060943691308848,1.4916716786002306,1.0538600073944517,0.41862891153150295,0.7925386863286484,open_hand
0.5191839933395386,0.8995213508605957,8.30591034173267e-07,0.40809574723243713,0.8398027420043945,-0.04609298333525658,0.3128514289855957,0.7302811741828918,-0.06728813797235489,0.2467338740825653,0.6361489295959473,-0.08513804525136948,0.18895110487937927,0.5747673511505127,-0.1034536361694336,0.41665154695510864,0.5096422433853149,-0.03773050010204315,0.3799065351486206,0.35359734296798706,-0.06676263362169266,0.3623853921890259,0.25303375720977783,-0.09222880750894547,0.35416117310523987,0.16710355877876282,-0.11263348162174225,0.4928363561630249,0.4858274459838867,-0.04181157797574997,0.5039300322532654,0.30775684118270874,-0.06599248945713043,0.5107452869415283,0.19284257292747498,-0.0904327854514122,0.518949568271637,0.0990639328956604,-0.10975613445043564,0.5594027042388916,0.5031557083129883,-0.0530557706952095,0.5936138033866882,0.34459227323532104,-0.08693251013755798,0.6114895343780518,0.24724093079566956,-0.1159956082701683,0.6256329417228699,0.16214630007743835,-0.13684630393981934,0.6158881783485413,0.5535562634468079,-0.06821335852146149,0.6786852478981018,0.46271687746047974,-0.10587584972381592,0.7178531289100647,0.3998209834098816,-0.12734797596931458,0.7518917918205261,0.33858466148376465,-0.14140450954437256,1.139063326978499,1.8221649160096787,1.9392138452456438,1.8180909005857588,1.4965971687610071,1.0559903317973336,0.42796443270208095,0.8055216682736307,open_hand
0.5214808583259583,0.9064037203788757,8.239512112595548e-07,0.41149330139160156,0.8458793759346008,-0.04653015360236168,0.3164322078227997,0.7333442568778992,-0.06826239079236984,0.24956877529621124,0.6383376121520996,-0.08665641397237778,0.19111201167106628,0.5765691995620728,-0.10545040667057037,0.41932299733161926,0.5104301571846008,-0.037931546568870544,0.3820815682411194,0.35529446601867676,-0.06769933551549911,0.36370837688446045,0.25556379556655884,-0.09407439827919006,0.35348647832870483,0.1696789264678955,-0.11526244878768921,0.49480119347572327,0.48584771156311035,-0.04251490905880928,0.5053868293762207,0.3074644207954407,-0.06748306751251221,0.5111923813819885,0.19071325659751892,-0.0926855206489563,0.5175917744636536,0.09319910407066345,-0.11244423687458038,0.5614171028137207,0.5041031837463379,-0.05428702384233475,0.59539794921875,0.3439512848854065,-0.088328517973423,0.6131746172904968,0.24511757493019104,-0.1175941675901413,0.6264169216156006,0.15820538997650146,-0.1385461688041687,0.6185483336448669,0.5565446615219116,-0.07007699459791183,0.6808873414993286,0.46364879608154297,-0.10708333551883698,0.7193642854690552,0.39885810017585754,-0.12810035049915314,0.752393364906311,0.3357410430908203,-0.14189158380031586,1.1299860069975278,1.804724934661884,1.9383004768729881,1.8135627796406206,1.4915920616537246,1.0346147227294795,0.42752248973091034,0.8000608437580746,open_hand
0.5250501036643982,0.9044400453567505,8.541430247532844e-07,0.4136394262313843,0.843863844871521,-0.048089031130075455,0.3179800510406494,0.7337167263031006,-0.06992163509130478,0.24964837729930878,0.639022171497345,-0.08801460266113281,0.1897059679031372,0.5759339928627014,-0.10621152818202972,0.419211745262146,0.5071710348129272,-0.036618903279304504,0.3821372389793396,0.3508909344673157,-0.06473281979560852,0.3644756078720093,0.2505083978176117,-0.0899558812379837,0.35627713799476624,0.1642991602420807,-0.11035480350255966,0.49536243081092834,0.48349612951278687,-0.03969321772456169,0.5065281391143799,0.3050537705421448,-0.06275537610054016,0.5139676928520203,0.19024255871772766,-0.08668233454227448,0.5230061411857605,0.09581845998764038,-0.10573919117450714,0.5621477365493774,0.5020915269851685,-0.05030795931816101,0.596912145614624,0.34307965636253357,-0.08334551751613617,0.6148813366889954,0.24457931518554688,-0.11217255890369415,0.629012942314148,0.1578403115272522,-0.13293609023094177,0.6196150183677673,0.5533967018127441,-0.06509898602962494,0.6823374032974243,0.4609403610229492,-0.10189276188611984,0.7215278744697571,0.39749574661254883,-0.12290415912866592,0.7556090354919434,0.33557385206222534,-0.13668878376483917,1.1355425185397277,1.8098686651766622,1.9240347206872581,1.8058975507515398,1.4836462454636492,1.047719203230344,0.425392078314622,0.7914925678475903,open_hand
0.5195135474205017,0.9044071435928345,8.328613603225676e-07,0.41250982880592346,0.8425805568695068,-0.04528702050447464,0.32042622566223145,0.7316400408744812,-0.06704740226268768,0.25200241804122925,0.6391345858573914,-0.08588463813066483,0.19153550267219543,0.5767622590065002,-0.10520820319652557,0.4209664762020111,0.5038934350013733,-0.03517872840166092,0.3848852515220642,0.3484315872192383,-0.0639004185795784,0.36766520142555237,0.2487145960330963,-0.08955271542072296,0.3596741855144501,0.16351908445358276,-0.11025750637054443,0.4969117343425751,0.4812091588973999,-0.04036542773246765,0.5077305436134338,0.3028256297111511,-0.06445756554603577,0.5141517519950867,0.1869593858718872,-0.0896281823515892,0.5217030644416809,0.09189599752426147,-0.1095808744430542,0.5637145042419434,0.5008300542831421,-0.052744310349226,0.5994956493377686,0.34026679396629333,-0.08682749420404434,0.6173211932182312,0.24278154969215393,-0.11635886132717133,0.6303360462188721,0.15715831518173218,-0.1375781148672104,0.6204789876937866,0.5538253784179688,-0.06891024857759476,0.6834889650344849,0.4610289931297302,-0.10647977143526077,0.7224088907241821,0.3983943462371826,-0.1277192085981369,0.7553481459617615,0.33760714530944824,-0.1416422575712204,1.1166578045557103,1.799096435421495,1.9258432130724445,1.8036446469349101,1.4799254072972317,1.0480315458122647,0.416128749272081,0.7999993808679041,open_hand
0.5262262225151062,0.9099937677383423,8.037980592234817e-07,0.415706992149353,0.846290111541748,-0.045177023857831955,0.31942349672317505,0.7322297096252441,-0.06566213816404343,0.2520635724067688,0.6385390162467957,-0.08318793028593063,0.19318249821662903,0.5766029953956604,-0.10112052410840988,0.42351800203323364,0.5072383880615234,-0.03444543853402138,0.3842339515686035,0.34990647435188293,-0.06266701966524124,0.36499881744384766,0.24740689992904663,-0.08805321156978607,0.35524284839630127,0.1606040596961975,-0.10857659578323364,0.49863919615745544,0.48300349712371826,-0.039268236607313156,0.5081843137741089,0.3039838373661041,-0.06270727515220642,0.5151846408843994,0.18832212686538696,-0.08707742393016815,0.5233461856842041,0.09569033980369568,-0.1063077300786972,0.5651006102561951,0.5006826519966125,-0.051431868225336075,0.5993931889533997,0.34101277589797974,-0.08377525955438614,0.6188713312149048,0.24178197979927063,-0.11289649456739426,0.6336480379104614,0.15564170479774475,-0.1341373771429062,0.6220563650131226,0.5519477725028992,-0.06766362488269806,0.6846604943275452,0.4593134820461273,-0.10311958193778992,0.7242693901062012,0.394884318113327,-0.12404420971870422,0.7586179971694946,0.33321547508239746,-0.13815635442733765,1.1216910776193751,1.8066460258860095,1.9112341399375916,1.8005951934978977,1.4824951076106712,1.0391774265996834,0.4194185095834315,0.7815945112509118,open_hand
0.5257017016410828,0.898975133895874,8.288950539281359e-07,0.4167107343673706,0.8386853933334351,-0.044575948268175125,0.32135748863220215,0.7275990843772888,-0.06499499082565308,0.25291329622268677,0.6355305910110474,-0.08247951418161392,0.19261547923088074,0.5744116902351379,-0.10052661597728729,0.4221356213092804,0.5024458765983582,-0.03457359969615936,0.38773486018180847,0.34652405977249146,-0.06183696538209915,0.37081414461135864,0.24700486660003662,-0.08616835623979568,0.36292627453804016,0.16180458664894104,-0.10606522113084793,0.4979895353317261,0.4798675775527954,-0.039441533386707306,0.5103155970573425,0.3006395399570465,-0.061902206391096115,0.5173774361610413,0.1859787106513977,-0.08549787849187851,0.5254249572753906,0.0910787582397461,-0.10458022356033325,0.5648183822631836,0.4989074170589447,-0.051485609263181686,0.5995168685913086,0.33781781792640686,-0.08427804708480835,0.617721676826477,0.239833265542984,-0.11302004754543304,0.6312153339385986,0.15317019820213318,-0.13405688107013702,0.6223581433296204,0.5505061149597168,-0.06733734905719757,0.6853347420692444,0.4581962525844574,-0.10437991470098495,0.725080668926239,0.3952786922454834,-0.12551698088645935,0.7590930461883545,0.333919882774353,-0.139596626162529,1.1278511934578277,1.8070488856260796,1.931007504504483,1.8135099676219142,1.4864560919579977,1.0581633658767364,0.4201020946950236,0.8031344539471953,open_hand
0.5259642004966736,0.9008661508560181,8.44918247366877e-07,0.41736772656440735,0.8398095369338989,-0.04805704578757286,0.32274654507637024,0.7296371459960938,-0.071452297270298,0.25469648838043213,0.635110080242157,-0.09122633934020996,0.19500526785850525,0.5711499452590942,-0.11127796769142151,0.42340531945228577,0.5047420263290405,-0.0410921610891819,0.38571441173553467,0.3472979664802551,-0.07154279202222824,0.3674442172050476,0.24621370434761047,-0.09789647907018661,0.3584345281124115,0.1599402129650116,-0.11892201751470566,0.49946922063827515,0.48090288043022156,-0.04491893947124481,0.510665237903595,0.3011467456817627,-0.07036960870027542,0.5186887383460999,0.1857350766658783,-0.09511195868253708,0.5281886458396912,0.09107372164726257,-0.11462907493114471,0.5665594339370728,0.4995121359825134,-0.05597277730703354,0.6008274555206299,0.3378811478614807,-0.09069344401359558,0.6195756196975708,0.24039876461029053,-0.11929812282323837,0.6342528462409973,0.1554972231388092,-0.13977934420108795,0.6239801645278931,0.5512977242469788,-0.07110007852315903,0.6861035823822021,0.45699313282966614,-0.10893044620752335,0.7254130840301514,0.3934760093688965,-0.12983594834804535,0.7592079639434814,0.3320716619491577,-0.14341486990451813,1.1348072611954099,1.8168727572061132,1.9326270442599573,1.8101909317026887,1.4916867404803724,1.0457758242578825,0.43300078891330984,0.7917954871606023,open_hand
0.5270397663116455,0.8981112241744995,8.199423859878152e-07,0.41741424798965454,0.8395552039146423,-0.04735131934285164,0.32238689064979553,0.7265609502792358,-0.06845623254776001,0.2548796534538269,0.6316668391227722,-0.0860363021492958,0.19604167342185974,0.5698434114456177,-0.10399959236383438,0.4245319366455078,0.5030108690261841,-0.03762113302946091,0.3904534578323364,0.3456893563270569,-0.06592167913913727,0.3734683692455292,0.24580109119415283,-0.09104044735431671,0.36439892649650574,0.15989840030670166,-0.11153758317232132,0.5002645254135132,0.47939053177833557,-0.04138181731104851,0.5129527449607849,0.3005375862121582,-0.06469212472438812,0.5198637247085571,0.18600493669509888,-0.08854125440120697,0.5269351005554199,0.09135344624519348,-0.10769465565681458,0.5669134259223938,0.49783262610435486,-0.052493490278720856,0.6013007164001465,0.33694911003112793,-0.08531072735786438,0.6192468404769897,0.2395072877407074,-0.1136426329612732,0.6324662566184998,0.1532340943813324,-0.1343829184770584,0.624373733997345,0.5490890145301819,-0.06778011471033096,0.6859540343284607,0.4562159776687622,-0.10461468994617462,0.7245895862579346,0.39299124479293823,-0.1255703717470169,0.757811963558197,0.33115166425704956,-0.13957738876342773,1.1328770842406921,1.8123301115713364,1.930478384050811,1.8125856244070937,1.4891352293236557,1.0512810023025352,0.4184890687016749,0.7931465549078921,open_hand
0.5264933705329895,0.8976017236709595,8.224421321756381e-07,0.4170742630958557,0.840173602104187,-0.048404231667518616,0.32229799032211304,0.7276060581207275,-0.07051249593496323,0.2554985284805298,0.6321061849594116,-0.08888144046068192,0.1964685320854187,0.5705782175064087,-0.1076846718788147,0.4248949885368347,0.5034449696540833,-0.04038912430405617,0.3907194137573242,0.3460655212402344,-0.06974832713603973,0.37374627590179443,0.24607133865356445,-0.09555236995220184,0.36459213495254517,0.1599237322807312,-0.11652515083551407,0.5006183385848999,0.4796719551086426,-0.044021833688020706,0.5128958821296692,0.30085933208465576,-0.06849266588687897,0.5197240114212036,0.18597501516342163,-0.09301114082336426,0.5267831087112427,0.09084948897361755,-0.11262749135494232,0.5671777725219727,0.49812227487564087,-0.05494752898812294,0.6013027429580688,0.33697813749313354,-0.08872911334037781,0.6190578937530518,0.23937633633613586,-0.1174546405673027,0.6321842074394226,0.15300598740577698,-0.13845139741897583,0.6246899366378784,0.5494324564933777,-0.07009205967187881,0.6864155530929565,0.45623308420181274,-0.10774774849414825,0.7250504493713379,0.3926439881324768,-0.1291065812110901,0.758102297782898,0.3303297460079193,-0.14337021112442017,1.1327328678565292,1.8149686993802447,1.934682176686473,1.8162165359009055,1.4945932204080628,1.0541195498893317,0.41879811682549073,0.7941590824176317,open_hand
0.5246572494506836,0.8911094665527344,8.593425491199014e-07,0.41775235533714294,0.832024335861206,-0.048284634947776794,0.3248439133167267,0.7250758409500122,-0.07188722491264343,0.25686776638031006,0.6329282522201538,-0.09196644276380539,0.1966407597064972,0.5715168118476868,-0.11241116374731064,0.42349880933761597,0.5006179809570312,-0.040179163217544556,0.3871079683303833,0.34515517950057983,-0.07026917487382889,0.36928844451904297,0.244800865650177,-0.09644132107496262,0.36104974150657654,0.15895318984985352,-0.11726517975330353,0.499123215675354,0.4770396947860718,-0.043681904673576355,0.5118398070335388,0.2981102466583252,-0.06871102750301361,0.5194730758666992,0.18353846669197083,-0.09329526871442795,0.5280469059944153,0.08978793025016785,-0.11257872730493546,0.5655311346054077,0.49512869119644165,-0.05451376363635063,0.6000755429267883,0.3357800841331482,-0.0886235162615776,0.6183615922927856,0.23843654990196228,-0.11726551502943039,0.632225513458252,0.15313029289245605,-0.13774214684963226,0.622343122959137,0.5459222793579102,-0.06950180977582932,0.6845243573188782,0.45361632108688354,-0.10673537105321884,0.7239165306091309,0.39096274971961975,-0.1274556964635849,0.7578797936439514,0.33008670806884766,-0.14091333746910095,1.1304354188186463,1.8202604646282263,1.939822006126333,1.818026708520065,1.495132062561494,1.0647050785084153,0.43345094698720604,0.8000001766919144,open_hand
0.5237532258033752,0.8992730379104614,8.131162303470774e-07,0.4173319935798645,0.8382896184921265,-0.04721057787537575,0.32571905851364136,0.7268499732017517,-0.07048934698104858,0.25849637389183044,0.6338615417480469,-0.09052598476409912,0.1991245150566101,0.5701011419296265,-0.11083325743675232,0.4253905415534973,0.5006611347198486,-0.03833196684718132,0.3905050754547119,0.34496116638183594,-0.06821061670780182,0.37219706177711487,0.24497756361961365,-0.09480384737253189,0.36218497157096863,0.15955743193626404,-0.11619739234447479,0.5001100301742554,0.4781782329082489,-0.04302236810326576,0.5116035342216492,0.3012448847293854,-0.0680970847606659,0.5183530449867249,0.18790721893310547,-0.09322768449783325,0.525127112865448,0.09566813707351685,-0.11293532699346542,0.5660763382911682,0.49720150232315063,-0.055007681250572205,0.5997328758239746,0.33627745509147644,-0.0891210213303566,0.6179854869842529,0.2384512722492218,-0.11748860776424408,0.6310482025146484,0.1533299684524536,-0.1378820538520813,0.6227338314056396,0.5491729378700256,-0.0711330845952034,0.684382438659668,0.45434921979904175,-0.10815689712762833,0.7236590385437012,0.3907542824745178,-0.1285819560289383,0.7566808462142944,0.3298964500427246,-0.14191673696041107,1.121406750250544,1.8068719394359638,1.914158402507068,1.807132824905027,1.4891843720828348,1.042046557835614,0.41290549788646974,0.7798972886671393,open_hand
0.5262163281440735,0.8918352127075195,8.333498158208386e-07,0.41659092903137207,0.833969235420227,-0.05040738731622696,0.32264000177383423,0.7229693531990051,-0.07245595008134842,0.25462961196899414,0.6285300254821777,-0.09044086188077927,0.19497913122177124,0.5653697848320007,-0.10870779305696487,0.4235471785068512,0.5006325840950012,-0.03721850737929344,0.38739416003227234,0.34601253271102905,-0.06554655730724335,0.3697967231273651,0.24654626846313477,-0.09130851924419403,0.3610135018825531,0.16052576899528503,-0.11224771291017532,0.49915605783462524,0.4773605763912201,-0.0389159731566906,0.5113685131072998,0.299336701631546,-0.0619334876537323,0.5183582901954651,0.18629539012908936,-0.08633755147457123,0.5260287523269653,0.09223416447639465,-0.10587908327579498,0.5651304721832275,0.4957568645477295,-0.048396240919828415,0.5977725386619568,0.33715975284576416,-0.08121813088655472,0.616682767868042,0.23863989114761353,-0.11026893556118011,0.6308921575546265,0.15042978525161743,-0.13131801784038544,0.6222237944602966,0.5462153553962708,-0.06228998675942421,0.682820200920105,0.4538216292858124,-0.09841255843639374,0.7219656705856323,0.39185747504234314,-0.11907321214675903,0.7553795576095581,0.33051109313964844,-0.13289712369441986,1.1448712257798142,1.817196870567398,1.9334245953392848,1.8222150374546648,1.4878451591916484,1.0489132152141154,0.42835945219660987,0.7954047514829523,open_hand
0.5271388292312622,0.888886570930481,8.283599299829802e-07,0.41787010431289673,0.8319867849349976,-0.048218175768852234,0.3235631287097931,0.7225847840309143,-0.06945183128118515,0.2560560405254364,0.6303154230117798,-0.08652748912572861,0.1975153088569641,0.5690587162971497,-0.10371452569961548,0.4233964681625366,0.4958411157131195,-0.03801170736551285,0.3883552551269531,0.34109634160995483,-0.0654250979423523,0.3720302879810333,0.24230384826660156,-0.09011705964803696,0.3647076487541199,0.15801623463630676,-0.11014006286859512,0.49892786145210266,0.4729391932487488,-0.04021444171667099,0.5101975202560425,0.2964000999927521,-0.06171857938170433,0.5172024369239807,0.18373417854309082,-0.08457139879465103,0.5251278281211853,0.09123355150222778,-0.10318233072757721,0.5652764439582825,0.49173814058303833,-0.04980845749378204,0.5984057784080505,0.33367642760276794,-0.08134447038173676,0.6162703037261963,0.2376103401184082,-0.10921663790941238,0.6294599771499634,0.15245512127876282,-0.12968389689922333,0.6227293014526367,0.5424395203590393,-0.06359115242958069,0.68313068151474,0.4499932527542114,-0.09974143654108047,0.7212695479393005,0.38850122690200806,-0.12036019563674927,0.7537305355072021,0.3281634449958801,-0.1340050995349884,1.1241753704240764,1.8068046813423015,1.9203118019643934,1.8019595314459418,1.4789564152887311,1.0595740672610325,0.4152073328847969,0.7895002740049709,open_hand
0.5257577896118164,0.8871026635169983,8.274915899164625e-07,0.41452112793922424,0.8286190032958984,-0.04888756200671196,0.3219776749610901,0.7183889150619507,-0.07024068385362625,0.25499969720840454,0.6253177523612976,-0.08774304389953613,0.1962946653366089,0.5652792453765869,-0.10566266626119614,0.42335987091064453,0.4963209927082062,-0.03721582889556885,0.3878082036972046,0.3409716486930847,-0.06509171426296234,0.37009403109550476,0.2421759068965912,-0.09006473422050476,0.3610457181930542,0.15697705745697021,-0.11045011132955551,0.4979396462440491,0.47308748960494995,-0.039611175656318665,0.5085428953170776,0.29663485288619995,-0.06346310675144196,0.5152371525764465,0.1828061044216156,-0.08813626319169998,0.5234801173210144,0.08851635456085205,-0.107853002846241,0.5629627108573914,0.4906907379627228,-0.049568817019462585,0.5964598655700684,0.33289724588394165,-0.08344758301973343,0.6141663789749146,0.2347140610218048,-0.11338626593351364,0.6282037496566772,0.14797672629356384,-0.1350431740283966,0.6191557049751282,0.5396146774291992,-0.06372519582509995,0.6799877882003784,0.44707322120666504,-0.10201141238212585,0.7188893556594849,0.38402849435806274,-0.12462624162435532,0.752788782119751,0.3222738206386566,-0.13967914879322052,1.133601903760168,1.8150531386028355,1.933229180456737,1.8192122652173692,1.498353812624678,1.0563242221676519,0.42292659772444113,0.7892677655319386,open_hand
0.5223146080970764,0.8849204778671265,8.247891969404009e-07,0.4158830940723419,0.8257149457931519,-0.04464716836810112,0.3238919973373413,0.7174726724624634,-0.06595437973737717,0.2567439675331116,0.6263226866722107,-0.08419214934110641,0.19758298993110657,0.5664721131324768,-0.10283330827951431,0.42288240790367126,0.4937005639076233,-0.0358894020318985,0.3863663673400879,0.3390836715698242,-0.06383483856916428,0.36874669790267944,0.24083074927330017,-0.08871079236268997,0.36075469851493835,0.15674683451652527,-0.108684241771698,0.49786198139190674,0.47095292806625366,-0.040659260004758835,0.508570671081543,0.2936972677707672,-0.06327921152114868,0.5145837664604187,0.1793995201587677,-0.08692064136266708,0.521837592124939,0.08560270071029663,-0.1058308482170105,0.5640283226966858,0.4890836477279663,-0.05246775597333908,0.5973716974258423,0.33039918541908264,-0.08444395661354065,0.6141834259033203,0.23369336128234863,-0.11242056638002396,0.6266424655914307,0.14904773235321045,-0.1327974498271942,0.620826244354248,0.5394859313964844,-0.0681455209851265,0.6813974380493164,0.4468626081943512,-0.10374515503644943,0.7194952964782715,0.3848428428173065,-0.1236744150519371,0.7520841360092163,0.3253423273563385,-0.13679397106170654,1.1190855028686821,1.8089666071028887,1.935048919219897,1.8119530445417433,1.4884109297047592,1.058513757086642,0.42266948278604527,0.801186135955592,open_hand
0.5253546237945557,0.888482391834259,8.10642404758255e-07,0.4163499176502228,0.8306251764297485,-0.04798542335629463,0.32331180572509766,0.7204558849334717,-0.07079421728849411,0.25675028562545776,0.626908004283905,-0.09006515145301819,0.197681725025177,0.5651655197143555,-0.10962846130132675,0.42354539036750793,0.4956319332122803,-0.038503605872392654,0.38606542348861694,0.3402949571609497,-0.06801780313253403,0.3671344816684723,0.24007096886634827,-0.09438437223434448,0.35744789242744446,0.15443027019500732,-0.11562933027744293,0.4980015456676483,0.47187989950180054,-0.04202962666749954,0.5074649453163147,0.2947089970111847,-0.06688717007637024,0.5143401622772217,0.1812191903591156,-0.09188514947891235,0.5228394269943237,0.08845260739326477,-0.11162403970956802,0.5636980533599854,0.4896755814552307,-0.05290474370121956,0.5957642793655396,0.3304947018623352,-0.08650612831115723,0.6147656440734863,0.23306003212928772,-0.11501353979110718,0.6296629309654236,0.1481744349002838,-0.13565589487552643,0.6206871271133423,0.5399166345596313,-0.06803836673498154,0.6805254220962524,0.4454743266105652,-0.1046215370297432,0.7194423675537109,0.3823223412036896,-0.12524937093257904,0.7530776262283325,0.32154929637908936,-0.13893327116966248,1.1277209071522376,1.8155798996233363,1.92507781039325,1.8107926680289685,1.4931858829600562,1.050389251780267,0.4244666510949462,0.783510954746915,open_hand
0.5246614217758179,0.8892640471458435,8.129823640956602e-07,0.4155445098876953,0.8328464031219482,-0.04691961780190468,0.3221050500869751,0.722102165222168,-0.0682661309838295,0.2555801570415497,0.6279926896095276,-0.08630779385566711,0.19633275270462036,0.5652987360954285,-0.10470301657915115,0.42130619287490845,0.49875086545944214,-0.03519448637962341,0.38594236969947815,0.3440406620502472,-0.06316275149583817,0.36826229095458984,0.2453887164592743,-0.08833907544612885,0.35927462577819824,0.16029098629951477,-0.10883301496505737,0.4961651563644409,0.47372183203697205,-0.039169203490018845,0.5075724124908447,0.2960189878940582,-0.06245221197605133,0.5142968893051147,0.18211904168128967,-0.0868581235408783,0.5217060446739197,0.08788838982582092,-0.10642965883016586,0.5618999004364014,0.489960253238678,-0.050588082522153854,0.5961709022521973,0.3320353627204895,-0.08343510329723358,0.6148229241371155,0.23451915383338928,-0.1120273619890213,0.6283853054046631,0.14857560396194458,-0.1328841894865036,0.618553638458252,0.5388506650924683,-0.06615663319826126,0.6792780160903931,0.4456160068511963,-0.10231377929449081,0.7181317806243896,0.3828887343406677,-0.12272250652313232,0.7511211633682251,0.3223152160644531,-0.13639864325523376,1.1305810748334173,1.805588112555272,1.9323636463876053,1.8157442679977545,1.495267782703955,1.043548587809175,0.42512392899581714,0.7872971098802568,open_hand
0.5272696018218994,0.8882868885993958,8.29304212857096e-07,0.41829410195350647,0.8308277130126953,-0.04839666932821274,0.3231685161590576,0.7224524021148682,-0.07056727260351181,0.25523674488067627,0.6290138959884644,-0.08859627693891525,0.19640618562698364,0.5662632584571838,-0.10673867166042328,0.4218718111515045,0.49706414341926575,-0.03976256027817726,0.38396984338760376,0.34179967641830444,-0.06833665817975998,0.36555376648902893,0.24222654104232788,-0.09366816282272339,0.3569970428943634,0.15721207857131958,-0.11400855332612991,0.4971105754375458,0.47277626395225525,-0.04224054887890816,0.5073091387748718,0.2943086326122284,-0.0652756467461586,0.5138992667198181,0.18012642860412598,-0.08882100135087967,0.5220541954040527,0.08668878674507141,-0.10774190723896027,0.5633506178855896,0.4906088411808014,-0.05202389881014824,0.5954083204269409,0.33094117045402527,-0.08455723524093628,0.6126338243484497,0.23342478275299072,-0.11285287141799927,0.6257779598236084,0.14786067605018616,-0.13350673019886017,0.6204426288604736,0.5404712557792664,-0.06596467643976212,0.6798396110534668,0.445899099111557,-0.10271736979484558,0.7178740501403809,0.38370829820632935,-0.123565174639225,0.7509070634841919,0.3233147859573364,-0.13726988434791565,1.131680954098166,1.8131754702272003,1.9315611094187426,1.8120709249971472,1.4876434729864967,1.0495887096614367,0.428908379371457,0.78929699403391,open_hand
0.5271400213241577,0.896868884563446,8.083486022769648e-07,0.41747209429740906,0.837774932384491,-0.04691474512219429,0.3241727352142334,0.7247275114059448,-0.06867822259664536,0.2557608485221863,0.630695641040802,-0.087191142141819,0.19556847214698792,0.5683788657188416,-0.10610642284154892,0.4228331446647644,0.5000926852226257,-0.036078307777643204,0.3871081471443176,0.3443897068500519,-0.06549026817083359,0.36923864483833313,0.24444663524627686,-0.0920695886015892,0.35922306776046753,0.15842396020889282,-0.11351598054170609,0.4966053366661072,0.47601163387298584,-0.04052186384797096,0.5069442987442017,0.2980944812297821,-0.06539657711982727,0.512601912021637,0.18337908387184143,-0.0910034105181694,0.5184860229492188,0.08884868025779724,-0.1111951619386673,0.5616890788078308,0.493549108505249,-0.052322760224342346,0.5937641859054565,0.33293524384498596,-0.08621607720851898,0.6112152934074402,0.2351682484149933,-0.11529769748449326,0.6240225434303284,0.14951148629188538,-0.13627482950687408,0.6177314519882202,0.5438499450683594,-0.06826788932085037,0.6771398782730103,0.4480307102203369,-0.10540331900119781,0.7156063318252563,0.38442462682724,-0.1262982338666916,0.7488625049591064,0.3235586881637573,-0.14011338353157043,1.129138198353655,1.8064308985673532,1.9242043002056803,1.806611541467314,1.4872599280634409,1.0414475426819474,0.4100263016400828,0.7788263788131864,open_hand
0.5273445248603821,0.8965509533882141,8.170829346454411e-07,0.4189196825027466,0.8378250598907471,-0.046654969453811646,0.3245934844017029,0.726538896560669,-0.06868699938058853,0.25596654415130615,0.6329241394996643,-0.08755617588758469,0.19538840651512146,0.5691909790039062,-0.10677862167358398,0.42232567071914673,0.49859511852264404,-0.03568534553050995,0.3877808749675751,0.342728853225708,-0.06427886337041855,0.3700236976146698,0.24396726489067078,-0.0903075784444809,0.3599323630332947,0.1582159698009491,-0.11155828833580017,0.4962159991264343,0.4742230772972107,-0.04025581479072571,0.5067713856697083,0.296921044588089,-0.06411678344011307,0.5121959447860718,0.18267208337783813,-0.0893993079662323,0.5180363655090332,0.08731117844581604,-0.10971907526254654,0.5616830587387085,0.491938054561615,-0.05212360993027687,0.5936393737792969,0.33210623264312744,-0.08521003276109695,0.6111289262771606,0.23448964953422546,-0.11410297453403473,0.6238467693328857,0.1482948362827301,-0.13532352447509766,0.618403434753418,0.5425646901130676,-0.06812475621700287,0.6778188943862915,0.44782161712646484,-0.10467185080051422,0.7164292931556702,0.3850657343864441,-0.12518860399723053,0.7497456073760986,0.32488423585891724,-0.13893169164657593,1.1243730594036445,1.798969206625678,1.9199069686957815,1.8018879034466633,1.4785274356279972,1.0407466564368653,0.40736204759944694,0.78315623213033,open_hand
0.5235480070114136,0.8914040327072144,8.373809805561905e-07,0.41553249955177307,0.8321762084960938,-0.048174407333135605,0.32219627499580383,0.7238377928733826,-0.0704379752278328,0.25470542907714844,0.6311898231506348,-0.08920983970165253,0.19544267654418945,0.5683175325393677,-0.1083078533411026,0.4206949770450592,0.5010392069816589,-0.03716503456234932,0.38446590304374695,0.34430959820747375,-0.06610283255577087,0.36732998490333557,0.24425700306892395,-0.0918736606836319,0.3595423102378845,0.1580263078212738,-0.11257918179035187,0.49533969163894653,0.47708192467689514,-0.04051857814192772,0.5058545470237732,0.2979830503463745,-0.06462831050157547,0.5124021172523499,0.18362295627593994,-0.0897495448589325,0.5202729105949402,0.08892783522605896,-0.10979533940553665,0.5608277916908264,0.4939435124397278,-0.05131224915385246,0.5932406187057495,0.3340153396129608,-0.08469745516777039,0.6109639406204224,0.2363070547580719,-0.11371450871229172,0.6244659423828125,0.15006864070892334,-0.1348467916250229,0.617762565612793,0.5428056120872498,-0.06632965058088303,0.6772427558898926,0.448885053396225,-0.10306818783283234,0.7160667777061462,0.38598692417144775,-0.12381646037101746,0.74977046251297,0.32469290494918823,-0.13767172396183014,1.133701920421386,1.8211393777664064,1.9411643794277922,1.8219772839551729,1.4991653684784172,1.0590939964148505,0.4193514577394872,0.7913614981199831,open_hand
0.5263491272926331,0.8941627740859985,8.22844413050916e-07,0.41800928115844727,0.8353261947631836,-0.049231208860874176,0.3231150507926941,0.7258466482162476,-0.07229843735694885,0.25502005219459534,0.6329154372215271,-0.09142471849918365,0.1957905888557434,0.569270133972168,-0.11080209910869598,0.42167988419532776,0.5001083612442017,-0.040471434593200684,0.3859197199344635,0.34469279646873474,-0.07053309679031372,0.3677774667739868,0.2452007532119751,-0.09712909162044525,0.358212947845459,0.1597481667995453,-0.11839080601930618,0.49623775482177734,0.47779861092567444,-0.04354952275753021,0.5062494874000549,0.30029237270355225,-0.06868242472410202,0.512268602848053,0.18657401204109192,-0.0939469262957573,0.5193901658058167,0.0927283763885498,-0.11396000534296036,0.5622012615203857,0.4965461492538452,-0.05403964966535568,0.5938310027122498,0.33768296241760254,-0.0885787233710289,0.6107937097549438,0.24044108390808105,-0.11752039194107056,0.6238745450973511,0.15469351410865784,-0.1382826864719391,0.6193227767944336,0.5468030571937561,-0.06875184178352356,0.6776527762413025,0.4510411024093628,-0.10647907853126526,0.7157654762268066,0.38853681087493896,-0.12727653980255127,0.7488564252853394,0.3281100392341614,-0.14088091254234314,1.1354088306667456,1.817078143044607,1.928737771993718,1.8073633293299718,1.4874696042230688,1.049802202446055,0.4160222877926373,0.7858232378994341,open_hand
0.5230627655982971,0.8967618346214294,8.035513587856258e-07,0.4144713580608368,0.838831901550293,-0.04574410989880562,0.32096555829048157,0.7267645597457886,-0.06672469526529312,0.25410372018814087,0.6325702667236328,-0.08452101051807404,0.1943160891532898,0.5717983841896057,-0.1028672382235527,0.4201854467391968,0.5056945085525513,-0.035798266530036926,0.38350027799606323,0.3504471778869629,-0.06405849754810333,0.36467990279197693,0.25077903270721436,-0.0894412249326706,0.3549174666404724,0.16569653153419495,-0.11001812666654587,0.49398377537727356,0.4816438853740692,-0.03999447450041771,0.5038940906524658,0.30276215076446533,-0.06375302374362946,0.5106111168861389,0.1887800097465515,-0.0884600356221199,0.5188528299331665,0.09539195895195007,-0.10805132985115051,0.5594828128814697,0.4980582892894745,-0.0512823648750782,0.5909107327461243,0.33663350343704224,-0.08436287939548492,0.6093145608901978,0.23807403445243835,-0.11313842236995697,0.6234546303749084,0.15244615077972412,-0.13392604887485504,0.6168305277824402,0.5468501448631287,-0.06651418656110764,0.6761907935142517,0.44984766840934753,-0.10288935899734497,0.7155659198760986,0.3854815363883972,-0.12341606616973877,0.7494688034057617,0.3244277238845825,-0.13700507581233978,1.1327688471600705,1.8135890319392376,1.9342788895270406,1.8248916821139054,1.508305116077881,1.0447551674884166,0.4267047960115192,0.7805499621209607,open_hand
0.5231882929801941,0.8874123692512512,8.096915280475514e-07,0.4124774932861328,0.8337914347648621,-0.04970410466194153,0.3191201686859131,0.7243131995201111,-0.07052020728588104,0.2521863579750061,0.6314244866371155,-0.08712558448314667,0.1933029294013977,0.5714334845542908,-0.10410565882921219,0.4195033609867096,0.5000380277633667,-0.03724318742752075,0.38389456272125244,0.3464968800544739,-0.06412255764007568,0.3656576871871948,0.24843686819076538,-0.08865119516849518,0.3562180697917938,0.16347146034240723,-0.10893592983484268,0.49452337622642517,0.4761635363101959,-0.038704950362443924,0.5046473145484924,0.29975563287734985,-0.060793437063694,0.5101778507232666,0.18753895163536072,-0.08474200963973999,0.5169026851654053,0.09420955181121826,-0.10435228049755096,0.5602881908416748,0.49377548694610596,-0.04773697257041931,0.59196937084198,0.3364110291004181,-0.07992260158061981,0.6091021299362183,0.23993846774101257,-0.10902096331119537,0.6218087673187256,0.15364378690719604,-0.13047677278518677,0.6177425980567932,0.5426989197731018,-0.06110324338078499,0.6764326095581055,0.4489189684391022,-0.09758537262678146,0.7141464352607727,0.3867148160934448,-0.11909040063619614,0.7463824152946472,0.32522454857826233,-0.13376285135746002,1.1315099693220336,1.8134796473148185,1.9322345942973047,1.8156172755545368,1.4961248403807939,1.0609918924446498,0.4227314604023077,0.7896095388738081,open_hand
0.525902509689331,0.8903911709785461,8.456550517621508e-07,0.41602301597595215,0.8325716257095337,-0.04844629019498825,0.3213678002357483,0.7266383171081543,-0.07205169647932053,0.25349265336990356,0.6343773007392883,-0.09187664836645126,0.19311660528182983,0.5729786157608032,-0.11189533025026321,0.4189477264881134,0.5021533966064453,-0.040231768041849136,0.3792262077331543,0.34697750210762024,-0.07034426182508469,0.3596460223197937,0.2463100254535675,-0.09683883190155029,0.34985417127609253,0.16029053926467896,-0.11778759956359863,0.4935978353023529,0.4785504639148712,-0.04325847700238228,0.5024715662002563,0.30047619342803955,-0.06814844906330109,0.5089744925498962,0.18654781579971313,-0.09276842325925827,0.5172285437583923,0.09336277842521667,-0.11206838488578796,0.5593913793563843,0.49584296345710754,-0.05356293544173241,0.5901929140090942,0.33660343289375305,-0.0874350517988205,0.6079499125480652,0.23920682072639465,-0.11558873951435089,0.622053861618042,0.1546441614627838,-0.1356206089258194,0.6164110898971558,0.5448271036148071,-0.06803132593631744,0.6751952767372131,0.4488755464553833,-0.10470695048570633,0.7138054966926575,0.38590362668037415,-0.124669648706913,0.7474594116210938,0.3256598114967346,-0.1375046968460083,1.1394910114753454,1.8302108883949026,1.9378484402837377,1.8159801755937495,1.4975394208774813,1.0628934171525313,0.43419644847849787,0.7897802147350649,open_hand
0.5200667977333069,0.8927229642868042,8.257073318418406e-07,0.41089415550231934,0.8352469205856323,-0.04542667791247368,0.3175064027309418,0.7256484627723694,-0.06618303060531616,0.2507007122039795,0.6347326636314392,-0.08371417224407196,0.1924188733100891,0.5733766555786133,-0.1016664132475853,0.41584911942481995,0.5000298023223877,-0.035042647272348404,0.3818519115447998,0.3456887900829315,-0.06231752410531044,0.3647400140762329,0.24702024459838867,-0.0865827426314354,0.35555052757263184,0.16326159238815308,-0.10638033598661423,0.49066275358200073,0.4765804708003998,-0.03969648852944374,0.5018473863601685,0.29953262209892273,-0.06300930678844452,0.5078015923500061,0.18600508570671082,-0.0871187299489975,0.5145757794380188,0.09362560510635376,-0.10617610067129135,0.556815505027771,0.4939661920070648,-0.051529381424188614,0.5895401239395142,0.3347187638282776,-0.08486902713775635,0.6064306497573853,0.23738008737564087,-0.11358591914176941,0.6193071603775024,0.1525821089744568,-0.1341763287782669,0.6138505935668945,0.5433352589607239,-0.06722819805145264,0.6735530495643616,0.4483324885368347,-0.10441937297582626,0.7120752334594727,0.3840491771697998,-0.12541204690933228,0.7451937198638916,0.3226199150085449,-0.13914257287979126,1.1184199661328618,1.8023725761905607,1.9236590291158724,1.8105118351983613,1.4998571742468294,1.0532812842521682,0.414263876505756,0.7795074773058955,open_hand
0.5211008787155151,0.8934838771820068,8.278395284833096e-07,0.4132925570011139,0.8379186987876892,-0.047528382390737534,0.31997793912887573,0.7283956408500671,-0.07042331993579865,0.25221332907676697,0.6358205676078796,-0.08990553021430969,0.1920328438282013,0.5732096433639526,-0.1096772700548172,0.41667675971984863,0.5014318823814392,-0.03839704021811485,0.3801383078098297,0.3459847569465637,-0.06744319945573807,0.36249539256095886,0.24591606855392456,-0.09285258501768112,0.3543459475040436,0.16104751825332642,-0.11328491568565369,0.4910793602466583,0.47758352756500244,-0.042316921055316925,0.5002871155738831,0.3000854551792145,-0.06648731231689453,0.5064197182655334,0.1854683756828308,-0.09064839780330658,0.5144608616828918,0.09259513020515442,-0.10981769114732742,0.5573075413703918,0.49507132172584534,-0.053563203662633896,0.5888887643814087,0.3351741433143616,-0.08703407645225525,0.6056801080703735,0.23764947056770325,-0.11507130414247513,0.6189531683921814,0.15259569883346558,-0.13533830642700195,0.6145848035812378,0.5448219776153564,-0.0689525455236435,0.6741601228713989,0.44967296719551086,-0.10591739416122437,0.7129775285720825,0.38608527183532715,-0.12653042376041412,0.746650218963623,0.32499194145202637,-0.1400371640920639,1.1264243580835227,1.8125212862066424,1.9288030204471458,1.812055077596799,1.496994462585865,1.0569286059106104,0.4155514480781009,0.7871132054395078,open_hand
0.5209829807281494,0.8998346328735352,8.025519946386339e-07,0.41186243295669556,0.8413631916046143,-0.045191552489995956,0.3174712061882019,0.7302602529525757,-0.06659799069166183,0.2501601576805115,0.6362411379814148,-0.08514834940433502,0.19086503982543945,0.5744258761405945,-0.10426677763462067,0.4175702929496765,0.5072052478790283,-0.03554752096533775,0.3798806667327881,0.3517928719520569,-0.06477086246013641,0.36043938994407654,0.251507967710495,-0.09088034927845001,0.34985625743865967,0.16513758897781372,-0.11194893717765808,0.49162352085113525,0.48245969414711,-0.04074092581868172,0.5014365911483765,0.3036976456642151,-0.0654648169875145,0.507068395614624,0.18789920210838318,-0.09084653854370117,0.5135551691055298,0.09234660863876343,-0.11084922403097153,0.5572606325149536,0.4979979693889618,-0.053041908890008926,0.5888097286224365,0.3381538391113281,-0.08656097203493118,0.6063514947891235,0.2390711009502411,-0.11519286036491394,0.6193151473999023,0.1528022587299347,-0.13575302064418793,0.6141246557235718,0.5461397171020508,-0.06934040784835815,0.6733314990997314,0.4497126638889313,-0.10522114485502243,0.7118330001831055,0.3844974935054779,-0.12524960935115814,0.7449395656585693,0.3232409954071045,-0.13851116597652435,1.1302024584454617,1.8141056808217364,1.938919484940414,1.8212017215965937,1.5078487936516627,1.0446385010478965,0.4261713554163933,0.7803514954314812,open_hand
0.5193648338317871,0.8958050608634949,8.301757361550699e-07,0.40964215993881226,0.8387792706489563,-0.04583245888352394,0.3151927590370178,0.7295233607292175,-0.0666743665933609,0.2469114512205124,0.6374668478965759,-0.08427494019269943,0.18853068351745605,0.5758261680603027,-0.10229770839214325,0.4159740209579468,0.5046717524528503,-0.035041481256484985,0.37819409370422363,0.3497272729873657,-0.06289387494325638,0.35975944995880127,0.2503241002559662,-0.087623231112957,0.35133063793182373,0.16479340195655823,-0.10761237144470215,0.49048709869384766,0.4793553054332733,-0.03898629918694496,0.5007721781730652,0.3008292317390442,-0.06154876574873924,0.5063510537147522,0.18565809726715088,-0.08480338007211685,0.5132271647453308,0.09211874008178711,-0.1034359261393547,0.556475818157196,0.4952009618282318,-0.05031777173280716,0.5891615748405457,0.3371022939682007,-0.0821366012096405,0.6053075194358826,0.23815208673477173,-0.10999269783496857,0.6175772547721863,0.1511092483997345,-0.1303950846195221,0.613055944442749,0.5433223247528076,-0.06577643752098083,0.6734791398048401,0.45104289054870605,-0.10127535462379456,0.7117502689361572,0.3870747685432434,-0.1216343343257904,0.7447696924209595,0.3251446485519409,-0.1352924108505249,1.1245565134971627,1.8073334071181626,1.9327486975269426,1.8183580712420027,1.498573934190157,1.0545327468083932,0.4233795658955574,0.7871878250946717,open_hand
0.5199857354164124,0.9007473587989807,8.044565333875653e-07,0.4104146957397461,0.8422600030899048,-0.0460808165371418,0.31505584716796875,0.7322739362716675,-0.06830593943595886,0.2475503832101822,0.6398460268974304,-0.08709260821342468,0.1885508894920349,0.5787426829338074,-0.10639102011919022,0.41630423069000244,0.5062960386276245,-0.03912743926048279,0.378266304731369,0.3503881096839905,-0.06863074749708176,0.35981762409210205,0.2501492202281952,-0.09461084753274918,0.350545197725296,0.16461783647537231,-0.11537735909223557,0.49124085903167725,0.48280075192451477,-0.04371056333184242,0.5002025961875916,0.3033246397972107,-0.06837382912635803,0.505778431892395,0.18821561336517334,-0.0929132029414177,0.512686550617218,0.09416729211807251,-0.11234669387340546,0.5572798848152161,0.5006904602050781,-0.05532587692141533,0.5891126990318298,0.33905869722366333,-0.08899300545454025,0.6060227155685425,0.24053359031677246,-0.11734463274478912,0.6189378499984741,0.15473178029060364,-0.1378355473279953,0.6142442226409912,0.5509467124938965,-0.07087182253599167,0.6734216809272766,0.45320814847946167,-0.10746358335018158,0.7117987275123596,0.38875335454940796,-0.1277182400226593,0.7449570894241333,0.32696157693862915,-0.14110445976257324,1.125780551397096,1.8141564281490088,1.9334801524160496,1.81636213877942,1.5010598738278291,1.0559413823408845,0.41977109432701015,0.7837097465812624,open_hand
0.5199314951896667,0.9030548334121704,8.094370400613116e-07,0.4103195369243622,0.8437884449958801,-0.04554571956396103,0.3144782781600952,0.7324165105819702,-0.06756569445133209,0.2467237412929535,0.6392703056335449,-0.08631584793329239,0.18726810812950134,0.577549159526825,-0.10558881610631943,0.41568028926849365,0.5069913864135742,-0.03827754780650139,0.377873957157135,0.350897878408432,-0.06788124889135361,0.35943013429641724,0.2509623169898987,-0.09391167014837265,0.35024207830429077,0.16564255952835083,-0.11468926817178726,0.490692138671875,0.48375052213668823,-0.043145276606082916,0.5007951855659485,0.3039228916168213,-0.06784375011920929,0.5064616799354553,0.18869000673294067,-0.09238328784704208,0.5130650997161865,0.09397783875465393,-0.11176925152540207,0.557016134262085,0.5015367865562439,-0.05506056547164917,0.5889449119567871,0.33952847123146057,-0.08865464478731155,0.6057921648025513,0.24056553840637207,-0.11669369786977768,0.6181997656822205,0.1538548767566681,-0.1369493305683136,0.614234447479248,0.5517016649246216,-0.07088903337717056,0.6735368967056274,0.4538557231426239,-0.10714325308799744,0.7116203308105469,0.3891891837120056,-0.12697090208530426,0.7442152500152588,0.32697319984436035,-0.14010030031204224,1.1295008567145604,1.8112863554212364,1.933082452628896,1.8174411739598426,1.500189033686485,1.048604706883712,0.4210814376875393,0.7796412699403659,open_hand
0.5212753415107727,0.9056950807571411,8.27785015644622e-07,0.411303848028183,0.8473360538482666,-0.048408057540655136,0.3151867389678955,0.7369347214698792,-0.07153207063674927,0.24677510559558868,0.641727089881897,-0.09121222048997879,0.186395525932312,0.5777947306632996,-0.11117587238550186,0.41581428050994873,0.5128421187400818,-0.038975778967142105,0.3776465356349945,0.35495832562446594,-0.0693105161190033,0.3585425615310669,0.25337594747543335,-0.09609653800725937,0.3484971523284912,0.16595381498336792,-0.1174948662519455,0.4902128577232361,0.48676368594169617,-0.04266532510519028,0.499257892370224,0.30633190274238586,-0.06794173270463943,0.5048428177833557,0.18974658846855164,-0.09321598708629608,0.5115948915481567,0.09359365701675415,-0.11306362599134445,0.5562260746955872,0.5022639632225037,-0.053736362606287,0.5876057147979736,0.3403405249118805,-0.08748982846736908,0.6052249073982239,0.24025696516036987,-0.11573327332735062,0.6183976531028748,0.15255695581436157,-0.13611897826194763,0.6134650111198425,0.5509893894195557,-0.06914301961660385,0.6732178926467896,0.4552672207355499,-0.105386883020401,0.7119767665863037,0.3904842138290405,-0.12522149085998535,0.7453269958496094,0.3281692862510681,-0.13830271363258362,1.140782455174623,1.8204746702541814,1.9419868405338263,1.8270924531541868,1.503196209519015,1.0483039091239588,0.42270363820898044,0.7865236382175823,open_hand
0.5169837474822998,0.9015642404556274,7.985660772646952e-07,0.4072228968143463,0.8431053757667542,-0.04494524002075195,0.31138917803764343,0.7319307923316956,-0.0651765987277031,0.24395997822284698,0.6391836404800415,-0.0821768194437027,0.18420612812042236,0.5813649296760559,-0.0998334214091301,0.41366299986839294,0.5087332129478455,-0.03622493892908096,0.37754133343696594,0.35302913188934326,-0.06397835165262222,0.35857951641082764,0.2527483105659485,-0.08887694031000137,0.3485375642776489,0.16649726033210754,-0.10924214869737625,0.4885261654853821,0.4848140776157379,-0.04093850776553154,0.4993077218532562,0.30673444271087646,-0.06378516554832458,0.5050642490386963,0.19241923093795776,-0.08792489022016525,0.5118618011474609,0.09697777032852173,-0.10750004649162292,0.5544924736022949,0.5016611814498901,-0.05262257531285286,0.5868476033210754,0.3425811231136322,-0.08497361093759537,0.6042070388793945,0.24415132403373718,-0.11315766721963882,0.616991400718689,0.1568790078163147,-0.1338857263326645,0.6114081740379333,0.5506128072738647,-0.0682331845164299,0.6712647676467896,0.4549875259399414,-0.1041497066617012,0.7100673317909241,0.39107078313827515,-0.12410449236631393,0.7432030439376831,0.32968419790267944,-0.13752815127372742,1.1256899158631386,1.8154636796339967,1.9340194713467527,1.8183561172397584,1.5014364277217735,1.0633866232481173,0.4229284973947993,0.7850505583394106,open_hand
0.5163085460662842,0.9020497798919678,8.297210456476023e-07,0.40763238072395325,0.844302237033844,-0.0469057634472847,0.3126540780067444,0.7353809475898743,-0.0698237270116806,0.24524973332881927,0.641610860824585,-0.08938287943601608,0.18551382422447205,0.5792034864425659,-0.10931630432605743,0.4128311276435852,0.5113145112991333,-0.03940841555595398,0.37358465790748596,0.355185866355896,-0.06910277158021927,0.35429564118385315,0.2547365725040436,-0.09516148269176483,0.3449339270591736,0.1682395040988922,-0.11604509502649307,0.48769205808639526,0.48633795976638794,-0.043471064418554306,0.496620774269104,0.3068746030330658,-0.06821480393409729,0.5029513835906982,0.1912626326084137,-0.09296275675296783,0.5110275745391846,0.09586584568023682,-0.11257299035787582,0.5538134574890137,0.5027467012405396,-0.054601240903139114,0.5856336951255798,0.3420848548412323,-0.08807015419006348,0.6038395166397095,0.24322420358657837,-0.11622593551874161,0.6177279949188232,0.15721824765205383,-0.13656388223171234,0.6109742522239685,0.5515897274017334,-0.06980431079864502,0.6708790063858032,0.45523515343666077,-0.10589797049760818,0.7101942300796509,0.39100587368011475,-0.12572301924228668,0.743914008140564,0.32992491126060486,-0.13876283168792725,1.1337150422732398,1.8198459269826732,1.942969865837635,1.8235931238067467,1.5065436791549907,1.0522606306714748,0.4325256314050645,0.7905765484715833,open_hand
0.5154444575309753,0.905225396156311,7.911876878097246e-07,0.40595901012420654,0.8473832011222839,-0.04514702036976814,0.31109142303466797,0.7345123291015625,-0.06542205810546875,0.24351945519447327,0.6407080292701721,-0.08271722495555878,0.18472108244895935,0.5789932608604431,-0.10047445446252823,0.41186290979385376,0.5114558339118958,-0.03363218158483505,0.3760891258716583,0.3562818169593811,-0.061555009335279465,0.3572920560836792,0.2561083436012268,-0.08677215129137039,0.34666377305984497,0.17005646228790283,-0.10733459889888763,0.48656073212623596,0.48677098751068115,-0.03848153352737427,0.49693936109542847,0.30843767523765564,-0.06200815364718437,0.5028033256530762,0.19393548369407654,-0.0865936428308487,0.5094074606895447,0.09910529851913452,-0.10603475570678711,0.5526314973831177,0.5027931928634644,-0.05056134983897209,0.5835579037666321,0.3434296250343323,-0.08311586827039719,0.6007025241851807,0.24399852752685547,-0.1113719791173935,0.6134123206138611,0.1566084921360016,-0.13180553913116455,0.6098445653915405,0.5511237978935242,-0.06669693440198898,0.6681728959083557,0.4549619257450104,-0.10209394246339798,0.7064812183380127,0.3902699649333954,-0.12185506522655487,0.7395241260528564,0.3291146159172058,-0.13499952852725983,1.1283850435509184,1.808808812208247,1.9303467472594968,1.8195533153292314,1.5021500474475216,1.0443380578638894,0.4215027553028499,0.7754870456769796,open_hand
0.514797031879425,0.8988843560218811,8.41970177134499e-07,0.4046829342842102,0.840862512588501,-0.04723823070526123,0.3093186616897583,0.7319095134735107,-0.06839947402477264,0.24092316627502441,0.6395058631896973,-0.08593745529651642,0.1813475787639618,0.5803004503250122,-0.10382993519306183,0.40889421105384827,0.5097857713699341,-0.03679273650050163,0.37093591690063477,0.3553362488746643,-0.0652080848813057,0.3519435226917267,0.2550372779369354,-0.09055723249912262,0.3424682319164276,0.1688249707221985,-0.11098404228687286,0.48376116156578064,0.4846205413341522,-0.03968914598226547,0.49489566683769226,0.3060481548309326,-0.0628255158662796,0.5016472339630127,0.19127488136291504,-0.08646366745233536,0.5098841190338135,0.09591683745384216,-0.10532531142234802,0.5497756004333496,0.5005890130996704,-0.04994979128241539,0.582115650177002,0.34154364466667175,-0.0822528824210167,0.5993683338165283,0.24273955821990967,-0.1102638691663742,0.6126538515090942,0.15586555004119873,-0.1305282711982727,0.6066039800643921,0.5490171313285828,-0.06440044939517975,0.6668838858604431,0.45488065481185913,-0.10026179254055023,0.7057913541793823,0.3909222483634949,-0.12039574235677719,0.7396329045295715,0.3295794129371643,-0.13362941145896912,1.1327609539193113,1.817054515918518,1.9406349129924576,1.8228742699824536,1.501282111561103,1.0590348849432747,0.43777263622987744,0.7881604013523393,open_hand
0.512588381767273,0.9030480980873108,8.459635978397273e-07,0.404757559299469,0.8471777439117432,-0.04763578623533249,0.3103606104850769,0.7371785640716553,-0.07097996026277542,0.2427455484867096,0.6437920928001404,-0.09092985093593597,0.18297934532165527,0.580305278301239,-0.11128701269626617,0.40844279527664185,0.5113052725791931,-0.04075048491358757,0.3712737262248993,0.3535279631614685,-0.07102633267641068,0.3530244529247284,0.25262725353240967,-0.09721648693084717,0.34329530596733093,0.16639909148216248,-0.11809101700782776,0.48302197456359863,0.48715516924858093,-0.045230988413095474,0.49401479959487915,0.3066508173942566,-0.07112295180559158,0.49985677003860474,0.19044813513755798,-0.09689941257238388,0.506402850151062,0.09472343325614929,-0.11699438095092773,0.548790693283081,0.503935694694519,-0.05672077462077141,0.5803279876708984,0.3415285646915436,-0.09147337079048157,0.596968948841095,0.24268072843551636,-0.12034101784229279,0.6095227003097534,0.15653342008590698,-0.14085155725479126,0.6051964163780212,0.5532964468002319,-0.07225851714611053,0.6647990942001343,0.4551287293434143,-0.10952602326869965,0.7037196755409241,0.3901810050010681,-0.12977896630764008,0.7370945811271667,0.3288288712501526,-0.142867311835289,1.131505452402933,1.8241292102313555,1.9475220903031505,1.8260952137230055,1.509058707417446,1.0584923815384017,0.4248188911905703,0.7861107500717462,open_hand
0.5120825171470642,0.9051077365875244,8.476739026264113e-07,0.4009406566619873,0.8471060991287231,-0.04737265035510063,0.30546414852142334,0.7342919111251831,-0.06825809180736542,0.23821884393692017,0.6399111151695251,-0.08566956967115402,0.17868435382843018,0.5782251954078674,-0.10328231751918793,0.4062987267971039,0.5109509229660034,-0.03479396924376488,0.36793625354766846,0.35597026348114014,-0.06297318637371063,0.3495640456676483,0.25614115595817566,-0.08840091526508331,0.34059929847717285,0.16976040601730347,-0.10886876285076141,0.4816640019416809,0.48491591215133667,-0.0381351076066494,0.4920731782913208,0.30567604303359985,-0.0613325797021389,0.49918025732040405,0.18960076570510864,-0.08554885536432266,0.5075170397758484,0.09344449639320374,-0.10463456809520721,0.5479362607002258,0.5002256631851196,-0.048983749002218246,0.5790921449661255,0.3418358862400055,-0.08123365789651871,0.5969250798225403,0.24312731623649597,-0.10917836427688599,0.6106486916542053,0.15676897764205933,-0.12916190922260284,0.6051817536354065,0.5482603907585144,-0.06414540112018585,0.6642241477966309,0.45270416140556335,-0.09898172318935394,0.7028182744979858,0.3885514736175537,-0.11841993778944016,0.7360754013061523,0.32722222805023193,-0.1311865597963333,1.1304532806837893,1.8034488281612,1.9346661399373812,1.8102754768707778,1.4976060452763005,1.038784482685538,0.43399256327770697,0.7754293981344121,open_hand
0.5090327858924866,0.9088708162307739,8.346999607056205e-07,0.40135979652404785,0.8489119410514832,-0.04674448445439339,0.30637869238853455,0.7358442544937134,-0.06942500919103622,0.2380950152873993,0.6412808299064636,-0.08884184062480927,0.1770039200782776,0.5803431868553162,-0.10880423337221146,0.40630897879600525,0.5127957463264465,-0.03904552012681961,0.36738041043281555,0.3566058874130249,-0.06990683823823929,0.34763216972351074,0.2553931176662445,-0.09681776165962219,0.33758583664894104,0.16848379373550415,-0.1181505098938942,0.48052912950515747,0.48819786310195923,-0.04366203770041466,0.49059221148490906,0.3067884147167206,-0.06934502720832825,0.49729838967323303,0.18925759196281433,-0.09469013661146164,0.5055180788040161,0.09174469113349915,-0.11452215164899826,0.5464822053909302,0.5049333572387695,-0.055399347096681595,0.5766965746879578,0.3423602879047394,-0.08937758207321167,0.5942660570144653,0.24175047874450684,-0.1174379214644432,0.6079379916191101,0.15404921770095825,-0.13753122091293335,0.603571891784668,0.5547367930412292,-0.07125744968652725,0.662183403968811,0.45583415031433105,-0.10702408105134964,0.7011697292327881,0.3899396061897278,-0.12630756199359894,0.7345695495605469,0.3278166353702545,-0.1390041559934616,1.1314069837055996,1.814390199170756,1.9465277570120085,1.8249816716810487,1.5065173215477328,1.0430837375864794,0.4356539513999686,0.778118585283941,open_hand
0.5107783079147339,0.9049035906791687,8.411920475737134e-07,0.40097394585609436,0.8483772277832031,-0.04804157838225365,0.3054531216621399,0.7361087203025818,-0.06967566907405853,0.23734459280967712,0.641413152217865,-0.08788642287254333,0.17644673585891724,0.5792461633682251,-0.10637069493532181,0.40471845865249634,0.5110512375831604,-0.035941947251558304,0.3682655096054077,0.3538254499435425,-0.06408144533634186,0.3502587676048279,0.25371918082237244,-0.0891873687505722,0.3411085307598114,0.16732993721961975,-0.10952804237604141,0.47924286127090454,0.48609471321105957,-0.0394195131957531,0.4906277656555176,0.30543801188468933,-0.06254763156175613,0.49764275550842285,0.1894417703151703,-0.0865761935710907,0.5057586431503296,0.09349295496940613,-0.10576938092708588,0.5451480746269226,0.5019611716270447,-0.05048466846346855,0.5770359635353088,0.34204745292663574,-0.08217407017946243,0.5948435068130493,0.24251225590705872,-0.10991640388965607,0.6084116697311401,0.15461066365242004,-0.13024327158927917,0.6029425859451294,0.5496353507041931,-0.06599421054124832,0.6619580984115601,0.4537155032157898,-0.1002042293548584,0.7003892660140991,0.388780415058136,-0.11951226741075516,0.7334850430488586,0.3265734016895294,-0.13262289762496948,1.1347658069896331,1.8128180718927365,1.939806642174754,1.8199894112007475,1.5023682226315327,1.0516267835824433,0.4278559640805309,0.7750928054934599,open_hand
0.5096195340156555,0.9004119634628296,8.529821116098901e-07,0.4017542004585266,0.8441270589828491,-0.048755403608083725,0.306978702545166,0.7352259159088135,-0.07146736979484558,0.237500861287117,0.6421244144439697,-0.09025698900222778,0.1757054626941681,0.5811455845832825,-0.10933618992567062,0.40280553698539734,0.5093459486961365,-0.03956156596541405,0.36597323417663574,0.35361552238464355,-0.06854929029941559,0.3484097421169281,0.2537332773208618,-0.09402619302272797,0.3400261402130127,0.1678539216518402,-0.11441756784915924,0.47865429520606995,0.48536959290504456,-0.04250888526439667,0.49029338359832764,0.30477383732795715,-0.06629902124404907,0.4969373047351837,0.1899639070034027,-0.0907372534275055,0.5046543478965759,0.09410890936851501,-0.11022847890853882,0.5454446077346802,0.5030364990234375,-0.05271000787615776,0.5775291919708252,0.34279024600982666,-0.08595022559165955,0.5947954654693604,0.24503329396247864,-0.11424781382083893,0.6079277992248535,0.15866562724113464,-0.13460053503513336,0.6032410860061646,0.5524799227714539,-0.0670672059059143,0.6617424488067627,0.4549275040626526,-0.10316450148820877,0.7003827691078186,0.3907521367073059,-0.12285597622394562,0.7338453531265259,0.3289579153060913,-0.13579538464546204,1.134773831868093,1.8180142552885752,1.945247499715801,1.8171889571735458,1.50279120721436,1.0631668718805407,0.4312991178750323,0.7867458124220095,open_hand
0.5116658210754395,0.8990634679794312,8.605348398305068e-07,0.40209436416625977,0.8440389633178711,-0.05040205642580986,0.30581435561180115,0.7362712025642395,-0.07392160594463348,0.23692435026168823,0.6429389119148254,-0.09313954412937164,0.17629247903823853,0.5809237360954285,-0.11241252720355988,0.40321630239486694,0.5091116428375244,-0.0414055772125721,0.3659417927265167,0.3538416028022766,-0.07092497497797012,0.34834176301956177,0.254258394241333,-0.09681766480207443,0.3397088646888733,0.1685597002506256,-0.11742708832025528,0.47915536165237427,0.4853712320327759,-0.04374106228351593,0.49036648869514465,0.30525457859039307,-0.06811469048261642,0.4971243739128113,0.19024908542633057,-0.09273678064346313,0.5052242279052734,0.09438937902450562,-0.11224424839019775,0.5458115339279175,0.5033084154129028,-0.05346797779202461,0.5772773623466492,0.34329110383987427,-0.08747788518667221,0.5945305228233337,0.2457444667816162,-0.11595195531845093,0.608049750328064,0.15982019901275635,-0.13616500794887543,0.6036937236785889,0.5527520179748535,-0.06747020035982132,0.6615902185440063,0.45429572463035583,-0.10441531985998154,0.7002035975456238,0.3904729187488556,-0.1242966279387474,0.7339176535606384,0.32922500371932983,-0.13709576427936554,1.1401221164576254,1.820417145112144,1.9471682047209449,1.8161803237457468,1.502208378958649,1.0630879571713452,0.43484825176689285,0.7878250897006472,open_hand
0.5093883872032166,0.90959632396698,8.304637049150188e-07,0.40052059292793274,0.8527766466140747,-0.04633389040827751,0.3059001863002777,0.7384861707687378,-0.0676320418715477,0.23776112496852875,0.6438615322113037,-0.08550699800252914,0.17814511060714722,0.5811961889266968,-0.10365493595600128,0.4038008451461792,0.5118927359580994,-0.03750669211149216,0.3669065237045288,0.3538389801979065,-0.06636441498994827,0.3486311435699463,0.25245264172554016,-0.09176582843065262,0.3388027548789978,0.16567948460578918,-0.1122191846370697,0.4784095883369446,0.48759785294532776,-0.041835930198431015,0.4877207577228546,0.30790016055107117,-0.06614357233047485,0.49447086453437805,0.1907709240913391,-0.09072019159793854,0.5026233196258545,0.09397923946380615,-0.11005188524723053,0.5449656844139099,0.5046814680099487,-0.05322934687137604,0.5759584903717041,0.3429816961288452,-0.08646543323993683,0.5931847095489502,0.24372625350952148,-0.11457479745149612,0.6066506505012512,0.15689417719841003,-0.13468050956726074,0.6020840406417847,0.5542563199996948,-0.0686720758676529,0.6602294445037842,0.454909086227417,-0.10519751161336899,0.698845386505127,0.38874274492263794,-0.1253638118505478,0.7328442335128784,0.3257783353328705,-0.13840653002262115,1.123761380582729,1.8142842913912482,1.935652805232182,1.8128424239355088,1.5057911027392012,1.0479262817845614,0.42059757151450533,0.7712344509799999,open_hand
0.5114643573760986,0.9089270830154419,8.377163567274692e-07,0.4019017219543457,0.851597785949707,-0.04690488427877426,0.30619174242019653,0.7391607165336609,-0.06825834512710571,0.2366248220205307,0.643575131893158,-0.08648648858070374,0.17438912391662598,0.5824410915374756,-0.10508748143911362,0.40364646911621094,0.5139486193656921,-0.03404979035258293,0.36707350611686707,0.35765784978866577,-0.0623687282204628,0.34909337759017944,0.2574618458747864,-0.08799490332603455,0.33982378244400024,0.17055827379226685,-0.10876096785068512,0.4786137044429779,0.48828962445259094,-0.03817858546972275,0.48985183238983154,0.307755708694458,-0.061670344322919846,0.49633339047431946,0.191695898771286,-0.08654671907424927,0.5038400292396545,0.09432980418205261,-0.10638825595378876,0.544836699962616,0.5037808418273926,-0.049744829535484314,0.5764986276626587,0.34357476234436035,-0.08242908865213394,0.5939398407936096,0.2451871633529663,-0.11084786057472229,0.6070866584777832,0.15851786732673645,-0.1313941776752472,0.6028351187705994,0.5519555807113647,-0.06555290520191193,0.6616346836090088,0.45550012588500977,-0.10057331621646881,0.7000179290771484,0.3913223445415497,-0.12008901685476303,0.7331206798553467,0.33006569743156433,-0.13315746188163757,1.135132669048245,1.8076971604530496,1.9392514378793622,1.8123825685326718,1.4965185085653476,1.047768847937612,0.4269641480312941,0.7788058134878211,open_hand
0.5131551027297974,0.9052600860595703,8.736444101486995e-07,0.4036228358745575,0.8482570648193359,-0.050497379153966904,0.3072478473186493,0.7394747138023376,-0.07357156276702881,0.23653177917003632,0.6459574103355408,-0.09257204830646515,0.17534321546554565,0.5831984281539917,-0.11163558065891266,0.4037052392959595,0.5121191740036011,-0.03914560005068779,0.36692094802856445,0.35522210597991943,-0.06844600290060043,0.3498910367488861,0.25481659173965454,-0.09449027478694916,0.34217920899391174,0.16826602816581726,-0.11535739153623581,0.4792850911617279,0.4874209761619568,-0.04115305468440056,0.4894655644893646,0.30657726526260376,-0.06529948860406876,0.49615219235420227,0.19015702605247498,-0.09044107794761658,0.5045928359031677,0.09243929386138916,-0.11054342240095139,0.5460185408592224,0.5042371153831482,-0.05074962601065636,0.5767916440963745,0.34303319454193115,-0.0841078832745552,0.5932014584541321,0.24425959587097168,-0.11305678635835648,0.6058599352836609,0.15686526894569397,-0.1339786946773529,0.6043251752853394,0.5526531934738159,-0.06477352231740952,0.6622365117073059,0.4550662636756897,-0.1013338640332222,0.7005488872528076,0.3909582197666168,-0.12190517038106918,0.734031081199646,0.3289582431316376,-0.13548606634140015,1.1392920906040558,1.8168657060276985,1.9475256806821188,1.8183215082941278,1.5000874502906456,1.0617407147685904,0.4256793948598764,0.7845250103570072,open_hand
0.511608362197876,0.9117319583892822,8.292888651340036e-07,0.40210479497909546,0.8541548252105713,-0.04684296250343323,0.30628982186317444,0.7419615983963013,-0.06857693195343018,0.23651039600372314,0.6476039886474609,-0.0871676653623581,0.17513346672058105,0.5850616097450256,-0.10616032034158707,0.40523970127105713,0.5133095383644104,-0.035430602729320526,0.3683539032936096,0.35575899481773376,-0.06396587938070297,0.3507615923881531,0.25549307465553284,-0.08974985778331757,0.34081578254699707,0.168928325176239,-0.11071404069662094,0.4805971682071686,0.48814839124679565,-0.0400579534471035,0.48959922790527344,0.3080134689807892,-0.0644107237458229,0.4942355453968048,0.1913892924785614,-0.0901823341846466,0.49977704882621765,0.09319061040878296,-0.11060620099306107,0.5469437837600708,0.5049092769622803,-0.05194636434316635,0.5780206918716431,0.3420668840408325,-0.08578133583068848,0.5943348407745361,0.24251022934913635,-0.11510153859853745,0.606500506401062,0.15466001629829407,-0.13618524372577667,0.6040691137313843,0.554409384727478,-0.06791600584983826,0.6631988883018494,0.45637667179107666,-0.1048610508441925,0.7012198567390442,0.3906440734863281,-0.12559795379638672,0.7340383529663086,0.32714754343032837,-0.13924026489257812,1.1271167994833768,1.8053899284871446,1.9363785092065717,1.816803641183019,1.502057242648327,1.049984248071149,0.4127537593834874,0.7789821684487035,open_hand
0.5115688443183899,0.9074105620384216,8.713113857083954e-07,0.4026888608932495,0.8489335775375366,-0.047782763838768005,0.30668073892593384,0.7404704093933105,-0.07049033045768738,0.23592405021190643,0.6477369070053101,-0.09002614766359329,0.17582416534423828,0.5831621289253235,-0.10972259938716888,0.40422818064689636,0.5143073797225952,-0.03607770800590515,0.3675076365470886,0.35576146841049194,-0.0654342845082283,0.35040074586868286,0.25515541434288025,-0.09149880707263947,0.34278440475463867,0.16753527522087097,-0.11231017112731934,0.47909078001976013,0.4886971712112427,-0.03983916714787483,0.4897201657295227,0.3069620728492737,-0.06386951357126236,0.4962318241596222,0.18929961323738098,-0.08889194577932358,0.5043725967407227,0.09124603867530823,-0.10887833684682846,0.5453270673751831,0.5041184425354004,-0.05110791698098183,0.5775114297866821,0.34354525804519653,-0.08326717466115952,0.5946663022041321,0.24405363202095032,-0.11127810925245285,0.6078004837036133,0.1567603051662445,-0.13179180026054382,0.603010356426239,0.5516798496246338,-0.06680731475353241,0.6621893048286438,0.45609715580940247,-0.10156562924385071,0.7006868124008179,0.39079898595809937,-0.12108463048934937,0.7344526648521423,0.3283691108226776,-0.13416823744773865,1.136591443721008,1.818502141104399,1.9519061761308152,1.8209543077609787,1.504766801048246,1.0617690029980316,0.42366158233817447,0.7854938443389897,open_hand
0.5118098855018616,0.9057565927505493,8.408825920014351e-07,0.4037383496761322,0.8486763834953308,-0.047777894884347916,0.3077690601348877,0.7401185035705566,-0.07080011814832687,0.23815427720546722,0.6476920247077942,-0.09037959575653076,0.17870205640792847,0.5826908946037292,-0.11016402393579483,0.40565401315689087,0.5103854537010193,-0.038839276880025864,0.3695542514324188,0.3520140051841736,-0.06814511865377426,0.3522655963897705,0.2521876096725464,-0.09403752535581589,0.34342536330223083,0.16552117466926575,-0.11478415876626968,0.4813728630542755,0.48626697063446045,-0.04301109537482262,0.49128225445747375,0.30593547224998474,-0.06684988737106323,0.49644848704338074,0.19027072191238403,-0.09176873415708542,0.5029122829437256,0.09298035502433777,-0.11178748309612274,0.5479750037193298,0.5040086507797241,-0.05439881235361099,0.5794674754142761,0.3420714735984802,-0.0871637761592865,0.595909595489502,0.24324360489845276,-0.11527037620544434,0.6086064577102661,0.15564414858818054,-0.13580961525440216,0.6053164601325989,0.5543350577354431,-0.06999034434556961,0.6639184951782227,0.4563961327075958,-0.10577233135700226,0.7020957469940186,0.39161548018455505,-0.12522092461585999,0.7352503538131714,0.3295578360557556,-0.13806648552417755,1.128077913470964,1.8159838634482761,1.940637087438019,1.8175317284097348,1.497776191612901,1.0609060865108448,0.4144753496675963,0.7867475593662849,open_hand
0.5104897618293762,0.9123879671096802,8.570074783165182e-07,0.40108025074005127,0.8542225360870361,-0.04771963879466057,0.30621084570884705,0.7413593530654907,-0.07057654112577438,0.23797154426574707,0.6468000411987305,-0.09020216763019562,0.17696785926818848,0.5826274156570435,-0.11012580990791321,0.4059563875198364,0.5124965310096741,-0.03661366179585457,0.3683769106864929,0.35508984327316284,-0.06608057767152786,0.35007190704345703,0.2544878125190735,-0.09255830943584442,0.34070953726768494,0.16746118664741516,-0.11390502750873566,0.48092710971832275,0.48828962445259094,-0.04118827357888222,0.49080419540405273,0.3066195249557495,-0.06600766628980637,0.49764493107795715,0.18882206082344055,-0.09161097556352615,0.5057743191719055,0.09104371070861816,-0.11180397868156433,0.5469649434089661,0.5054252743721008,-0.05321091413497925,0.5774432420730591,0.34150731563568115,-0.08676601201295853,0.5954526662826538,0.24089357256889343,-0.11532150208950043,0.6092797517776489,0.1527969241142273,-0.13594403862953186,0.6044374108314514,0.5550459623336792,-0.06951728463172913,0.662710964679718,0.4555647373199463,-0.10549047589302063,0.701754093170166,0.38978111743927,-0.12519948184490204,0.7354249954223633,0.3274086117744446,-0.13825324177742004,1.1279630473212947,1.8085675606547202,1.940752238014986,1.8214080914403483,1.502631943907151,1.0449204593460848,0.42589462744207085,0.774061884575852,open_hand
0.5126157999038696,0.9071489572525024,8.495125030094641e-07,0.4038897454738617,0.8484970331192017,-0.04861043021082878,0.30772578716278076,0.7387934923171997,-0.07136528193950653,0.23704874515533447,0.6457651853561401,-0.09053798764944077,0.17663756012916565,0.5817411541938782,-0.10996485501527786,0.40580686926841736,0.5116063952445984,-0.03799184039235115,0.37154585123062134,0.35146206617355347,-0.06703386455774307,0.3548032343387604,0.2502078115940094,-0.09273949265480042,0.3459864556789398,0.16257309913635254,-0.11346204578876495,0.48120397329330444,0.48669880628585815,-0.0415339320898056,0.4929911494255066,0.3048544228076935,-0.06516267359256744,0.4992348253726959,0.1889573037624359,-0.0898803249001503,0.5061616897583008,0.09116902947425842,-0.10972095280885696,0.5476998686790466,0.5037131905555725,-0.052499376237392426,0.5799907445907593,0.34211552143096924,-0.08481983840465546,0.5968877077102661,0.24191513657569885,-0.1129961684346199,0.6095375418663025,0.15247398614883423,-0.13374048471450806,0.6054669618606567,0.5533578991889954,-0.06781414896249771,0.6645759344100952,0.45718473196029663,-0.10289699584245682,0.7029170393943787,0.3918263018131256,-0.12227886915206909,0.7362068891525269,0.32876694202423096,-0.13534292578697205,1.1341142721599196,1.8207442121286366,1.9434020888971786,1.8234693234260468,1.4981080500166786,1.06711640083108,0.414030951115526,0.7829504712572618,open_hand
0.5150162577629089,0.9133174419403076,8.498966508341255e-07,0.40421992540359497,0.8575199842453003,-0.04917890578508377,0.3081896901130676,0.7434061765670776,-0.07189668715000153,0.2386852502822876,0.6473299264907837,-0.0909850150346756,0.17630553245544434,0.5838761329650879,-0.11045724898576736,0.4064369797706604,0.5153205394744873,-0.03882988169789314,0.3714061975479126,0.35479027032852173,-0.0684305801987648,0.35524359345436096,0.25248461961746216,-0.09461361169815063,0.3468945622444153,0.16425898671150208,-0.11579099297523499,0.48177793622016907,0.4896518886089325,-0.04254608228802681,0.49190813302993774,0.307422012090683,-0.06726816296577454,0.4984770715236664,0.18979540467262268,-0.0928552970290184,0.5059853196144104,0.09149131178855896,-0.11330068111419678,0.548332929611206,0.506341278553009,-0.05370660126209259,0.5795196294784546,0.34299182891845703,-0.08722353726625443,0.5967991352081299,0.2423211634159088,-0.11635368317365646,0.6101441979408264,0.1535218358039856,-0.1376819759607315,0.6060370802879333,0.5556511282920837,-0.0692281574010849,0.6644640564918518,0.4572123885154724,-0.10551249980926514,0.7029238343238831,0.39117252826690674,-0.12602414190769196,0.7363427877426147,0.3275575637817383,-0.1398901641368866,1.136145333871526,1.817817403267239,1.942548390110888,1.8216344716037274,1.5022837967667966,1.0606554806243547,0.4096545833506572,0.7747870638217715,open_hand
0.5113070011138916,0.909570038318634,8.628999808024673e-07,0.40357449650764465,0.850145697593689,-0.04830857738852501,0.30730998516082764,0.741692066192627,-0.07069714367389679,0.23766890168190002,0.6487119197845459,-0.08941250294446945,0.1786363422870636,0.5827814340591431,-0.1083788201212883,0.4054323136806488,0.5132073163986206,-0.03859594836831093,0.36943545937538147,0.3538758456707001,-0.06741324812173843,0.3525613248348236,0.2534742057323456,-0.09272252768278122,0.3444744348526001,0.16605108976364136,-0.1130497083067894,0.4813689589500427,0.4888564944267273,-0.04187649488449097,0.4923655688762665,0.30665406584739685,-0.06554034352302551,0.4989820122718811,0.19025114178657532,-0.0901995301246643,0.5071172118186951,0.09188452363014221,-0.10992111265659332,0.5482383966445923,0.5055816769599915,-0.05248614773154259,0.580885112285614,0.34339195489883423,-0.08530357480049133,0.5988123416900635,0.24425631761550903,-0.11381404101848602,0.6130129098892212,0.15600356459617615,-0.1344807744026184,0.6059041619300842,0.554319441318512,-0.06730513274669647,0.664810061454773,0.45719167590141296,-0.10315822064876556,0.7036122679710388,0.3927258253097534,-0.12306202203035355,0.7373617887496948,0.33046862483024597,-0.13621792197227478,1.12953364411072,1.8174886282754978,1.9465544972557747,1.8218597182034741,1.5014847805781821,1.058246476439779,0.42180354482181875,0.7847205251082868,open_hand
0.5117025375366211,0.9110179543495178,8.678351832713815e-07,0.4027974009513855,0.8512660264968872,-0.048757199198007584,0.306392639875412,0.7409754395484924,-0.07203429192304611,0.23599666357040405,0.6462978720664978,-0.09169432520866394,0.17482227087020874,0.5835339426994324,-0.11170163750648499,0.4065563380718231,0.5143565535545349,-0.03961261734366417,0.3696072995662689,0.35511648654937744,-0.06963382661342621,0.3525574505329132,0.25356367230415344,-0.09601584076881409,0.34464484453201294,0.1656821072101593,-0.11707963049411774,0.4821934998035431,0.4897829294204712,-0.043153658509254456,0.49297285079956055,0.30746862292289734,-0.06814682483673096,0.49976465106010437,0.18971723318099976,-0.09331227838993073,0.5079728960990906,0.09105995297431946,-0.113204225897789,0.5488343834877014,0.5065357089042664,-0.054081495851278305,0.5808911919593811,0.3445857763290405,-0.08768069744110107,0.5986030697822571,0.24485385417938232,-0.11610832065343857,0.6125738620758057,0.15690878033638,-0.13658678531646729,0.6062248945236206,0.5555345416069031,-0.06930407881736755,0.665107250213623,0.4584439694881439,-0.10509954392910004,0.7036154866218567,0.393658846616745,-0.12474413961172104,0.7371519804000854,0.3313884139060974,-0.13777422904968262,1.137706647476804,1.8205137116790842,1.9500754348178013,1.8210779662752112,1.5007228843334215,1.0626840747697996,0.423140252891673,0.7844959581666316,open_hand
0.5153886675834656,0.9105529189109802,8.372956585844804e-07,0.4059430658817291,0.8503445386886597,-0.04666413366794586,0.30879396200180054,0.739223837852478,-0.06910186260938644,0.23825731873512268,0.6452649235725403,-0.08821405470371246,0.17739218473434448,0.5820515751838684,-0.10759910196065903,0.40812456607818604,0.5126451849937439,-0.03778966888785362,0.3719734251499176,0.3529997766017914,-0.06738848239183426,0.35504263639450073,0.2511040270328522,-0.09332548826932907,0.34727802872657776,0.1638396680355072,-0.11406543105840683,0.4836048185825348,0.48883819580078125,-0.04226243868470192,0.49379679560661316,0.3075043261051178,-0.06656284630298615,0.5005596280097961,0.1910422444343567,-0.09122085571289062,0.5092271566390991,0.09383448958396912,-0.11089398711919785,0.550283670425415,0.5068400502204895,-0.05395214259624481,0.5825380086898804,0.34327998757362366,-0.08695971220731735,0.5995131731033325,0.2433166205883026,-0.11492156237363815,0.6126818060874939,0.15533435344696045,-0.13536125421524048,0.6080865859985352,0.55732661485672,-0.06973899900913239,0.6672365665435791,0.4595315754413605,-0.10559187829494476,0.7053625583648682,0.39427658915519714,-0.12516483664512634,0.7385901808738708,0.3319711685180664,-0.13815540075302124,1.1375013595077939,1.820759051141384,1.9392947996825245,1.8196808344181485,1.4948643681215024,1.0621820271367026,0.4151832661522056,0.7805602884538119,open_hand
0.5133140087127686,0.9162726998329163,8.329567435794161e-07,0.40411192178726196,0.8565045595169067,-0.04695354402065277,0.307861328125,0.7426366806030273,-0.06878871470689774,0.23821130394935608,0.6478814482688904,-0.08745318651199341,0.17717880010604858,0.5854539275169373,-0.10657253861427307,0.40812331438064575,0.5164199471473694,-0.03680233284831047,0.3714183270931244,0.35749244689941406,-0.06630313396453857,0.35411977767944336,0.25647684931755066,-0.09244012087583542,0.34495148062705994,0.16869914531707764,-0.11356088519096375,0.48382818698883057,0.49066293239593506,-0.04161665961146355,0.4940926134586334,0.3101092576980591,-0.06675601005554199,0.4998834729194641,0.19219660758972168,-0.09279046207666397,0.5066159963607788,0.0926578938961029,-0.11337868124246597,0.5504733324050903,0.5067219138145447,-0.05368053913116455,0.5828613042831421,0.34528449177742004,-0.08781957626342773,0.6007997989654541,0.24452459812164307,-0.11736316233873367,0.6143002510070801,0.15539467334747314,-0.13864772021770477,0.6076632738113403,0.5559810400009155,-0.06984618306159973,0.6673335433006287,0.4601474404335022,-0.10678726434707642,0.7059009671211243,0.39459028840065,-0.12756755948066711,0.739142119884491,0.33143073320388794,-0.1413518786430359,1.1279768446695548,1.8071989314678139,1.939571902160085,1.8195766671866478,1.4992571946935642,1.0481872804508976,0.4167801579886844,0.7802522728701276,open_hand
0.5174691677093506,0.9098950624465942,8.704631113687356e-07,0.4061965346336365,0.8514522314071655,-0.04724225029349327,0.30908769369125366,0.7399791479110718,-0.0680733248591423,0.23884932696819305,0.6461846828460693,-0.08523201942443848,0.17891666293144226,0.5820357799530029,-0.10253623872995377,0.4076036214828491,0.5110989212989807,-0.035964105278253555,0.3726210296154022,0.35060226917266846,-0.06310506165027618,0.35671907663345337,0.24956151843070984,-0.08727332949638367,0.34944915771484375,0.16253426671028137,-0.10686289519071579,0.4839860498905182,0.4874867796897888,-0.0391821525990963,0.4968065321445465,0.3050759434700012,-0.06081400439143181,0.5047605037689209,0.1885802447795868,-0.08377084136009216,0.5139004588127136,0.09116998314857483,-0.10238950699567795,0.5510284900665283,0.5054961442947388,-0.04982925206422806,0.5853765606880188,0.34389328956604004,-0.08067183196544647,0.602300226688385,0.24386322498321533,-0.10808904469013214,0.6152530908584595,0.1547376811504364,-0.12835945188999176,0.6090431809425354,0.5554481148719788,-0.06471393257379532,0.6688141226768494,0.4591495394706726,-0.09922587126493454,0.7065559029579163,0.39365947246551514,-0.11854002624750137,0.739355206489563,0.3298349678516388,-0.13150829076766968,1.13340255158528,1.817524473436739,1.9389634099392523,1.814638795464351,1.4917939741174349,1.0641940736592224,0.4214013994657014,0.7745506832640224,open_hand
0.5129393339157104,0.913408100605011,8.263394875029917e-07,0.40607017278671265,0.8542102575302124,-0.04546346515417099,0.3105396628379822,0.7423994541168213,-0.06730087846517563,0.24134670197963715,0.647733747959137,-0.08606551587581635,0.18093028664588928,0.5829626321792603,-0.1051357164978981,0.41048741340637207,0.5122159123420715,-0.036625731736421585,0.37481024861335754,0.3516271710395813,-0.06525616347789764,0.3586028814315796,0.250444620847702,-0.09058508276939392,0.3507975935935974,0.16329193115234375,-0.11106280982494354,0.48624587059020996,0.48838192224502563,-0.04208166524767876,0.4966839849948883,0.30623939633369446,-0.06594232469797134,0.5019857287406921,0.1892901062965393,-0.09132971614599228,0.508015513420105,0.09177571535110474,-0.11166445165872574,0.5526806116104126,0.5063996911048889,-0.05452537536621094,0.5864584445953369,0.34151265025138855,-0.08744519203901291,0.6040142774581909,0.24190250039100647,-0.1161627322435379,0.6164942383766174,0.15427961945533752,-0.1371968388557434,0.6095902919769287,0.55702805519104,-0.07086551934480667,0.670047402381897,0.45892348885536194,-0.10696756094694138,0.708288311958313,0.39292001724243164,-0.1270914077758789,0.7409036159515381,0.32979094982147217,-0.1404857635498047,1.121845432168368,1.812023130762661,1.9376611358451166,1.8188262105586885,1.500486106613864,1.0580583868729814,0.40361054903567367,0.7810547549581216,open_hand
0.5163005590438843,0.9172613620758057,8.402720368394512e-07,0.40636393427848816,0.8577207922935486,-0.0469454862177372,0.31102606654167175,0.7425731420516968,-0.068671315908432,0.24103915691375732,0.6470809578895569,-0.08727286010980606,0.17980259656906128,0.5840362906455994,-0.10627041757106781,0.4123116731643677,0.5163307785987854,-0.035356126725673676,0.37626588344573975,0.3556649386882782,-0.0644247829914093,0.35854417085647583,0.25281956791877747,-0.09055978059768677,0.3495575487613678,0.16386035084724426,-0.11168492585420609,0.4869479537010193,0.49090754985809326,-0.03978082537651062,0.4986262619495392,0.30813050270080566,-0.06361062824726105,0.5057798624038696,0.18909624218940735,-0.08847825229167938,0.5135376453399658,0.0903584361076355,-0.10833023488521576,0.5528441071510315,0.5069706439971924,-0.05167839676141739,0.5863751769065857,0.34490489959716797,-0.08357331901788712,0.6047499775886536,0.24242249131202698,-0.11184707283973694,0.6183212995529175,0.15223947167396545,-0.13273966312408447,0.6098031997680664,0.5556478500366211,-0.06795969605445862,0.6701927185058594,0.4592227339744568,-0.10222961753606796,0.7090785503387451,0.39305415749549866,-0.12161609530448914,0.7424775958061218,0.3296889662742615,-0.13492920994758606,1.1307913408718189,1.8165237031789487,1.943035708385169,1.8245692736944081,1.5001857561100982,1.0558988360644428,0.4187470110435429,0.7741289547937642,open_hand
0.520159125328064,0.9135600328445435,8.450770678791741e-07,0.4104294180870056,0.8553527593612671,-0.04854138568043709,0.31217753887176514,0.7430515885353088,-0.0704362764954567,0.24127943813800812,0.6476551294326782,-0.08837079256772995,0.18068385124206543,0.5829033255577087,-0.10646949708461761,0.41119077801704407,0.5126606822013855,-0.03807495906949043,0.3768152892589569,0.3516923189163208,-0.06621848046779633,0.3606838583946228,0.250550776720047,-0.09142623096704483,0.35288751125335693,0.16228976845741272,-0.11190715432167053,0.48764610290527344,0.48836004734039307,-0.041273731738328934,0.4990002512931824,0.3066796064376831,-0.06402041018009186,0.5056999921798706,0.1899133026599884,-0.08836910873651505,0.5137715339660645,0.09026196599006653,-0.10813571512699127,0.5545910596847534,0.506628692150116,-0.051813602447509766,0.5880785584449768,0.3452659547328949,-0.08377167582511902,0.6058297157287598,0.24551266431808472,-0.11189436167478561,0.6191883683204651,0.15571129322052002,-0.1326751708984375,0.6122839450836182,0.5570293664932251,-0.06664711982011795,0.6712649464607239,0.46075719594955444,-0.1020992323756218,0.7094219923019409,0.3961135447025299,-0.12170439958572388,0.7426694631576538,0.3324122428894043,-0.13485762476921082,1.1336818689769934,1.8153504866322905,1.9382026342671128,1.8105939706192102,1.4861860886915994,1.06091256645931,0.41152548147547025,0.7802418383555118,open_hand
0.5163312554359436,0.9139764308929443,8.717016157788748e-07,0.40955471992492676,0.8543683290481567,-0.049537766724824905,0.3144872188568115,0.7455191612243652,-0.07456325739622116,0.2443207949399948,0.6521862149238586,-0.09585137665271759,0.18422994017601013,0.583128809928894,-0.11723679304122925,0.4115035831928253,0.5116024613380432,-0.041920628398656845,0.3767070472240448,0.35068899393081665,-0.07300553470849991,0.360264390707016,0.24910968542099,-0.1000681221485138,0.352459579706192,0.1608603298664093,-0.12154027074575424,0.4876919388771057,0.4879019558429718,-0.04569803178310394,0.49832722544670105,0.30614614486694336,-0.07116512209177017,0.5050370693206787,0.1892961859703064,-0.09709491580724716,0.5131819844245911,0.09116727113723755,-0.11779969185590744,0.554868757724762,0.5061227679252625,-0.056767672300338745,0.5878194570541382,0.3419960141181946,-0.09078934043645859,0.60566645860672,0.24208992719650269,-0.11953981220722198,0.6190017461776733,0.15336886048316956,-0.14056260883808136,0.6122258901596069,0.557140052318573,-0.07211532443761826,0.6721543073654175,0.4590495228767395,-0.10873733460903168,0.711363673210144,0.3939210772514343,-0.1287868618965149,0.7450783252716064,0.3307708501815796,-0.14202724397182465,1.1251275577590236,1.8167821176153125,1.935397198187782,1.8168017545111066,1.495685271141746,1.0584224760096481,0.40799137024124893,0.778448590460952,open_hand
0.5191438794136047,0.9135805368423462,8.572073397772328e-07,0.41044625639915466,0.8551951050758362,-0.05105875805020332,0.3153567314147949,0.7435312271118164,-0.07538840174674988,0.24423210322856903,0.6478955745697021,-0.09586320072412491,0.18171030282974243,0.5821128487586975,-0.11651461571455002,0.41412362456321716,0.5137770771980286,-0.039030153304338455,0.3808344602584839,0.3536341190338135,-0.06938275694847107,0.3644585609436035,0.2524336874485016,-0.0966673418879509,0.35583025217056274,0.1638372838497162,-0.11875542253255844,0.489379346370697,0.4894356429576874,-0.041986770927906036,0.5009344816207886,0.307145357131958,-0.0670553594827652,0.5081096887588501,0.19041305780410767,-0.09300941228866577,0.5158346891403198,0.09154808521270752,-0.11386964470148087,0.555671751499176,0.5076914429664612,-0.0527225062251091,0.5884585380554199,0.3453845679759979,-0.08644759654998779,0.606664776802063,0.24468114972114563,-0.11544724553823471,0.6201866865158081,0.1543312668800354,-0.13681776821613312,0.6133897304534912,0.5582332015037537,-0.06803999096155167,0.6720547080039978,0.46121007204055786,-0.10408221185207367,0.7103033065795898,0.39602982997894287,-0.12411855906248093,0.7432922124862671,0.33190301060676575,-0.13787159323692322,1.1401631212771923,1.8173120613207243,1.9423630698804912,1.821074730008025,1.4942656439738367,1.0604277685554409,0.4110980932268715,0.7765543162834372,open_hand
0.5181931853294373,0.9121193885803223,8.9291899030286e-07,0.4103620648384094,0.8513030409812927,-0.05171729996800423,0.3149833679199219,0.7434715032577515,-0.07732856273651123,0.24344955384731293,0.6483868956565857,-0.09869717061519623,0.18165001273155212,0.5811588168144226,-0.11992184072732925,0.4136316478252411,0.5113959908485413,-0.04160464555025101,0.3778575360774994,0.3509569764137268,-0.07215716689825058,0.3616047203540802,0.24963462352752686,-0.09914614260196686,0.35484248399734497,0.16110053658485413,-0.12065570801496506,0.48960378766059875,0.48754367232322693,-0.04399789869785309,0.5019961595535278,0.3059660494327545,-0.06856832653284073,0.5099579691886902,0.1895008683204651,-0.0936591699719429,0.5190871953964233,0.09191131591796875,-0.11386560648679733,0.556094229221344,0.5059798359870911,-0.05411108583211899,0.5909320712089539,0.344538152217865,-0.08718661963939667,0.6090144515037537,0.24460196495056152,-0.11535096913576126,0.6226223111152649,0.15584471821784973,-0.13604886829853058,0.6131860613822937,0.5568036437034607,-0.0688454806804657,0.6730753183364868,0.46010249853134155,-0.10463187843561172,0.711370587348938,0.39523082971572876,-0.12429360300302505,0.7444939613342285,0.33215492963790894,-0.13743919134140015,1.1383851828089877,1.8185581447470514,1.9356277375514628,1.8126831595633612,1.4902583314237288,1.062073704969648,0.4168994251899879,0.7720167588121014,open_hand
0.5196727514266968,0.9162177443504333,8.538738711649785e-07,0.41066664457321167,0.8566479682922363,-0.049729425460100174,0.31549715995788574,0.7415198087692261,-0.07291367650032043,0.2445099800825119,0.6447269916534424,-0.09231647849082947,0.181585431098938,0.580764889717102,-0.11205023527145386,0.41407033801078796,0.5131340026855469,-0.038441456854343414,0.380027174949646,0.35433730483055115,-0.06830623000860214,0.3645620346069336,0.253125935792923,-0.09511489421129227,0.35708504915237427,0.16465726494789124,-0.11692196130752563,0.49032464623451233,0.48871344327926636,-0.041997913271188736,0.5020744204521179,0.3078121542930603,-0.06667543947696686,0.5102720856666565,0.19110193848609924,-0.09213673323392868,0.5189895033836365,0.09230762720108032,-0.11263183504343033,0.5570916533470154,0.5074548125267029,-0.05320646986365318,0.5907043814659119,0.34595876932144165,-0.08685186505317688,0.6099778413772583,0.24518027901649475,-0.11584997922182083,0.6244115829467773,0.15499192476272583,-0.13714094460010529,0.6142293810844421,0.5591660737991333,-0.06885217875242233,0.6733006834983826,0.46248194575309753,-0.10511928051710129,0.7118712663650513,0.3970402479171753,-0.125467911362648,0.7449525594711304,0.3326113224029541,-0.13934510946273804,1.136349459121747,1.806428883318695,1.9313552908532674,1.8128286484877592,1.4885318048307155,1.0489240712305397,0.41198538193489076,0.7686096124538898,open_hand
0.5209242105484009,0.9154447317123413,8.642786610835174e-07,0.4113808572292328,0.8558239936828613,-0.05048324540257454,0.3154415786266327,0.7429383993148804,-0.07397561520338058,0.24489688873291016,0.6470128297805786,-0.09349580109119415,0.18385246396064758,0.5804145932197571,-0.11317528784275055,0.41384291648864746,0.5147175788879395,-0.03950521722435951,0.37955302000045776,0.3547009229660034,-0.06952928751707077,0.3641701340675354,0.2533401846885681,-0.09619241952896118,0.35707372426986694,0.1645510196685791,-0.11764955520629883,0.49020177125930786,0.4893895387649536,-0.04235227033495903,0.5025306940078735,0.30842655897140503,-0.06669095158576965,0.5108336806297302,0.19186300039291382,-0.09187527000904083,0.5198060274124146,0.09289780259132385,-0.11214764416217804,0.5569096207618713,0.5069828629493713,-0.05287320539355278,0.5908723473548889,0.3463455140590668,-0.08590563386678696,0.6103006601333618,0.24589937925338745,-0.11452750861644745,0.6249936819076538,0.15626394748687744,-0.13555099070072174,0.6141196489334106,0.5575584769248962,-0.0679335743188858,0.6735554933547974,0.4616639316082001,-0.10351722687482834,0.7120553851127625,0.3966681659221649,-0.12338852882385254,0.7451176643371582,0.33284157514572144,-0.13686059415340424,1.138106325394009,1.8113049214488162,1.9339413842567719,1.8128476976796155,1.4887996456502106,1.0495341652444186,0.41442297555077734,0.7689434962111119,open_hand
0.5175206065177917,0.9110162854194641,8.532323363397154e-07,0.4093565344810486,0.8504105806350708,-0.047306694090366364,0.3150501847267151,0.7400051355361938,-0.06937393546104431,0.24645060300827026,0.6475948691368103,-0.08786103129386902,0.187705397605896,0.5811854004859924,-0.1065254807472229,0.41537904739379883,0.5091202855110168,-0.037644051015377045,0.3826966881752014,0.34663915634155273,-0.06597419828176498,0.36740371584892273,0.2453460991382599,-0.09106029570102692,0.3602953553199768,0.15780353546142578,-0.11121834814548492,0.49149513244628906,0.4868023991584778,-0.0415676012635231,0.5040258765220642,0.3053063452243805,-0.06392394751310349,0.5109649300575256,0.1898452341556549,-0.08816223591566086,0.5185998678207397,0.09323421120643616,-0.10784464329481125,0.5580713748931885,0.5058565735816956,-0.05276510864496231,0.5937920212745667,0.3435268998146057,-0.08431373536586761,0.611609935760498,0.2435704469680786,-0.11252398043870926,0.6246836185455322,0.1539631485939026,-0.1334538757801056,0.6145296096801758,0.5572380423545837,-0.06810732185840607,0.6752563714981079,0.4608951807022095,-0.10347022116184235,0.7134934663772583,0.39618468284606934,-0.12313664704561234,0.7465059161186218,0.3334881663322449,-0.13625377416610718,1.1203855536737446,1.820539171503348,1.9315810554227861,1.8175315523889128,1.489398224499013,1.070700605851178,0.4004297636913077,0.778311743533057,open_hand
0.5198920369148254,0.9154789447784424,8.477707069687312e-07,0.41111093759536743,0.8568402528762817,-0.049033306539058685,0.3159151077270508,0.7442348599433899,-0.07366442680358887,0.2463781088590622,0.64825439453125,-0.09460896253585815,0.18432161211967468,0.5829782485961914,-0.1158427894115448,0.41704460978507996,0.5155947804450989,-0.041594237089157104,0.3803728222846985,0.35475385189056396,-0.07290749996900558,0.36282438039779663,0.2519698441028595,-0.10030736029148102,0.35450002551078796,0.1632726490497589,-0.1220851019024849,0.4925779700279236,0.49107617139816284,-0.045633554458618164,0.5043255686759949,0.30753833055496216,-0.07127990573644638,0.5128403306007385,0.1902298629283905,-0.09670079499483109,0.5225036144256592,0.09335893392562866,-0.11680233478546143,0.5590030550956726,0.5088196396827698,-0.05695559084415436,0.5925853252410889,0.34480953216552734,-0.09017729759216309,0.6119353771209717,0.24361541867256165,-0.11788102984428406,0.626693069934845,0.1550653874874115,-0.13819526135921478,0.6164681911468506,0.5593226552009583,-0.07268449664115906,0.6762220859527588,0.46134042739868164,-0.1076592355966568,0.7145318984985352,0.39563167095184326,-0.1263466328382492,0.7472314834594727,0.33274397253990173,-0.13890813291072845,1.1371817008925018,1.8231204070566958,1.9413960353067299,1.824108935106129,1.4980454159138699,1.0589502490671663,0.42561828493345316,0.7693861612945561,open_hand
0.5222594738006592,0.916066586971283,8.849333426041994e-07,0.4103301167488098,0.8568407297134399,-0.05221084877848625,0.3151763677597046,0.7458584904670715,-0.07700519263744354,0.244996577501297,0.6501754522323608,-0.09773600101470947,0.1837044358253479,0.5832511782646179,-0.1185699924826622,0.4172980487346649,0.5156144499778748,-0.03995184227824211,0.3822549879550934,0.35393062233924866,-0.07019419968128204,0.36537909507751465,0.2516993582248688,-0.09729386866092682,0.35728201270103455,0.16257601976394653,-0.11905327439308167,0.4927555322647095,0.49108314514160156,-0.04225561022758484,0.505323052406311,0.30838266015052795,-0.06731434166431427,0.5138702392578125,0.19022855162620544,-0.09315436333417892,0.5241084098815918,0.09067749977111816,-0.11380796879529953,0.5581503510475159,0.5086859464645386,-0.052501678466796875,0.593451201915741,0.3463224172592163,-0.0858549177646637,0.6128724813461304,0.2444269359111786,-0.11497203260660172,0.628324031829834,0.1537933051586151,-0.136382594704628,0.6146959662437439,0.5582587718963623,-0.06749341636896133,0.6753542423248291,0.4615707993507385,-0.10326386243104935,0.7138717174530029,0.3958076238632202,-0.12341445684432983,0.7474627494812012,0.3317651152610779,-0.13712774217128754,1.143034680632768,1.8231197866061193,1.9462845345140838,1.8257684275681623,1.4974082266095465,1.0630256118175565,0.4245195384042586,0.7696267687363325,open_hand
0.5198429226875305,0.9131269454956055,8.681295753376617e-07,0.4112216830253601,0.853993833065033,-0.049417849630117416,0.3153342604637146,0.7435836791992188,-0.0730045884847641,0.24476011097431183,0.6491954326629639,-0.09255393594503403,0.18407955765724182,0.5832400918006897,-0.11229948699474335,0.4138772785663605,0.5137745141983032,-0.041600629687309265,0.3802109360694885,0.3520318567752838,-0.07160559296607971,0.36485275626182556,0.24999567866325378,-0.0975472703576088,0.35850948095321655,0.16131258010864258,-0.11837086826562881,0.49074703454971313,0.4897989332675934,-0.044945310801267624,0.5037986040115356,0.30780699849128723,-0.06958425045013428,0.5117273330688477,0.19085633754730225,-0.09466927498579025,0.5206124782562256,0.09153369069099426,-0.11486641317605972,0.5578697323799133,0.507879376411438,-0.05563276261091232,0.5933019518852234,0.3459387421607971,-0.089479960501194,0.6121019124984741,0.24484947323799133,-0.11864747107028961,0.626045286655426,0.15390995144844055,-0.14001654088497162,0.6149631142616272,0.5582826137542725,-0.07052681595087051,0.6760083436965942,0.4616575837135315,-0.10774129629135132,0.7146428823471069,0.3964806795120239,-0.12850451469421387,0.7475601434707642,0.33220136165618896,-0.14237642288208008,1.134083173912626,1.8232602160397346,1.944180013668145,1.8263137815374173,1.4998792279614508,1.0700737732154981,0.4136812770447124,0.7779166153897965,open_hand
0.5217486619949341,0.9175236225128174,8.844191938806034e-07,0.41184020042419434,0.8593848943710327,-0.05089281126856804,0.31696540117263794,0.7485052347183228,-0.0764235407114029,0.2469487339258194,0.6519208550453186,-0.09809338301420212,0.18436256051063538,0.5849463939666748,-0.11983966082334518,0.415650874376297,0.5159102082252502,-0.04187949374318123,0.38017401099205017,0.3528923988342285,-0.07292758673429489,0.36333346366882324,0.2498292326927185,-0.1001708135008812,0.35504311323165894,0.16051757335662842,-0.1220141276717186,0.49159055948257446,0.49176517128944397,-0.04530966654419899,0.5041090250015259,0.3082353472709656,-0.07123657315969467,0.5122190117835999,0.19039270281791687,-0.09740334004163742,0.5211504101753235,0.09117835760116577,-0.11826188862323761,0.5581543445587158,0.5098419785499573,-0.05626090615987778,0.593048632144928,0.3449810743331909,-0.0905022844672203,0.611964762210846,0.24455717206001282,-0.11927421391010284,0.6258305311203003,0.15529054403305054,-0.1403319388628006,0.6154524683952332,0.5603135228157043,-0.07167788594961166,0.6758345365524292,0.4610512852668762,-0.10810290277004242,0.7143175005912781,0.3948356509208679,-0.12798617780208588,0.7470998764038086,0.33036649227142334,-0.14135028421878815,1.1384960240254198,1.8281547876863804,1.9448218651086309,1.8218927818699684,1.5017920343732762,1.0657997751461563,0.419449225498066,0.7684654569779682,open_hand
0.5219069719314575,0.9146536588668823,8.607930794823915e-07,0.41190749406814575,0.8555328845977783,-0.05047820881009102,0.31517666578292847,0.7459964752197266,-0.07444468885660172,0.24489107728004456,0.6509804129600525,-0.09434712678194046,0.1851193606853485,0.5839354991912842,-0.1144963726401329,0.415549635887146,0.5171046853065491,-0.04174383357167244,0.38157981634140015,0.3544190526008606,-0.0725800171494484,0.3658461570739746,0.2516386806964874,-0.09942062199115753,0.3582821488380432,0.16214105486869812,-0.1207856759428978,0.4920189678668976,0.49252161383628845,-0.044673286378383636,0.504795253276825,0.30929145216941833,-0.07018682360649109,0.5118119120597839,0.19181466102600098,-0.09607138484716415,0.5195351243019104,0.0916014015674591,-0.11668433994054794,0.5585638284683228,0.5098602175712585,-0.05504944175481796,0.5939120054244995,0.34645652770996094,-0.08939224481582642,0.6131735444068909,0.24453672766685486,-0.11841219663619995,0.6276041865348816,0.15379124879837036,-0.1394234448671341,0.615726888179779,0.5600433945655823,-0.06977682560682297,0.6762130856513977,0.46195197105407715,-0.10651525855064392,0.7145435810089111,0.39635998010635376,-0.12639601528644562,0.7472158074378967,0.33277809619903564,-0.13957983255386353,1.1413832226673768,1.8318109439137389,1.9534786049746593,1.8346499787556492,1.5025452421354586,1.0715750077908177,0.4137189550973938,0.7812611198855731,open_hand
0.5250676870346069,0.9141494035720825,8.84852227045485e-07,0.4138387143611908,0.8572473526000977,-0.050613854080438614,0.3159407377243042,0.7467369437217712,-0.07460333406925201,0.24556733667850494,0.6497204303741455,-0.09416671842336655,0.183771014213562,0.5855081081390381,-0.11386081576347351,0.41629424691200256,0.5139038562774658,-0.043357644230127335,0.3809366524219513,0.35156410932540894,-0.07380536943674088,0.3653675615787506,0.24898701906204224,-0.10032189637422562,0.3585472106933594,0.16018536686897278,-0.121523417532444,0.49340003728866577,0.4900287389755249,-0.04591963812708855,0.5067445039749146,0.3068563938140869,-0.07072599232196808,0.5149845480918884,0.18933802843093872,-0.09566876292228699,0.5241901874542236,0.0897735059261322,-0.11573943495750427,0.5604216456413269,0.5084904432296753,-0.055846720933914185,0.5949543118476868,0.34447383880615234,-0.08963802456855774,0.6130444407463074,0.24436280131340027,-0.11824087053537369,0.6269180774688721,0.1542748212814331,-0.13918285071849823,0.6177597641944885,0.5589916706085205,-0.07010084390640259,0.6773790717124939,0.46113771200180054,-0.10724996775388718,0.7150994539260864,0.3968152403831482,-0.12766337394714355,0.7478211522102356,0.3331959843635559,-0.14119942486286163,1.1391326346799282,1.8272227276595887,1.9460304630454144,1.8215254500837141,1.4914769411046769,1.075092028523223,0.4209702784369473,0.7750166281749401,open_hand
0.5217291116714478,0.9189815521240234,8.519990615241113e-07,0.4124717116355896,0.8633386492729187,-0.05108436569571495,0.3170122802257538,0.7502963542938232,-0.07533291727304459,0.24690784513950348,0.6532646417617798,-0.09530109167098999,0.1856665313243866,0.5860010981559753,-0.11539002507925034,0.41673868894577026,0.5176175236701965,-0.0433599129319191,0.3827870786190033,0.35280048847198486,-0.07394276559352875,0.36683163046836853,0.24980181455612183,-0.10045335441827774,0.35843026638031006,0.16033384203910828,-0.12183302640914917,0.49312683939933777,0.493643581867218,-0.046407245099544525,0.5053811073303223,0.3099420964717865,-0.07210387289524078,0.512452244758606,0.19215241074562073,-0.0984259843826294,0.5198465585708618,0.09225928783416748,-0.11950825899839401,0.5594239830970764,0.511762797832489,-0.05677952617406845,0.5953155755996704,0.3457493484020233,-0.09179988503456116,0.6152210235595703,0.24458801746368408,-0.12162284553050995,0.6298609972000122,0.1543300747871399,-0.1433008462190628,0.6157746911048889,0.5623806118965149,-0.07144453376531601,0.6768682599067688,0.4627382457256317,-0.10974515974521637,0.7160009741783142,0.397078275680542,-0.13097074627876282,0.7492514848709106,0.33308112621307373,-0.1450355052947998,1.1355838651911903,1.83184703495807,1.9479530247512236,1.831644274832432,1.5042356664646503,1.0714004107187187,0.4085629445915968,0.7778977336178936,open_hand
0.5227073431015015,0.918840229511261,8.992214475256333e-07,0.4109309911727905,0.8607919216156006,-0.05125042051076889,0.31452152132987976,0.7486650943756104,-0.07510200887918472,0.244155153632164,0.6507017612457275,-0.09465310722589493,0.18285822868347168,0.5837746262550354,-0.1143224686384201,0.4149229824542999,0.5161682963371277,-0.04078562185168266,0.3805543780326843,0.3525852560997009,-0.07041560858488083,0.36522376537323,0.2496221959590912,-0.09673314541578293,0.35849493741989136,0.16009736061096191,-0.1179756224155426,0.4924817979335785,0.49146410822868347,-0.0431881919503212,0.5064758062362671,0.3077118396759033,-0.0674135684967041,0.5152844786643982,0.1892087459564209,-0.09284054487943649,0.5247500538825989,0.08902329206466675,-0.11335162073373795,0.5596270561218262,0.5092924237251282,-0.05321655422449112,0.5954713225364685,0.3462302088737488,-0.08654347062110901,0.6145346760749817,0.24443820118904114,-0.11587044596672058,0.6287075877189636,0.15376925468444824,-0.13744553923606873,0.6168426275253296,0.5596711039543152,-0.0677313283085823,0.677873432636261,0.46261662244796753,-0.10419660806655884,0.7165253758430481,0.39738619327545166,-0.1246849000453949,0.7494465112686157,0.33349019289016724,-0.13850483298301697,1.1396481430137226,1.8234876218553624,1.9449479344370932,1.8218399593475316,1.4928128700032917,1.0651128617753371,0.4200243970720217,0.773297808008897,open_hand
0.5173169374465942,0.9178240299224854,8.626772114439518e-07,0.40869519114494324,0.8596373796463013,-0.05037122219800949,0.3147740364074707,0.7488035559654236,-0.07514054328203201,0.24498440325260162,0.653257429599762,-0.09586352109909058,0.18351563811302185,0.5876542925834656,-0.11691668629646301,0.4154244065284729,0.5155085325241089,-0.04326001554727554,0.3831031024456024,0.3518810272216797,-0.0738963857293129,0.36739450693130493,0.24885693192481995,-0.10060690343379974,0.3599117398262024,0.1593937873840332,-0.12205778062343597,0.49233660101890564,0.49333804845809937,-0.046985700726509094,0.5056626200675964,0.3090561330318451,-0.07207918167114258,0.5129843950271606,0.19107750058174133,-0.09800794720649719,0.520936131477356,0.09160885214805603,-0.1189589574933052,0.5592666864395142,0.5131582021713257,-0.057996075600385666,0.5957193970680237,0.347989022731781,-0.09195243567228317,0.6148447394371033,0.245981365442276,-0.12111781537532806,0.6288177371025085,0.15461167693138123,-0.1425827443599701,0.6160005331039429,0.565085232257843,-0.07331040501594543,0.6766372919082642,0.4645562767982483,-0.11014875024557114,0.7155930995941162,0.39797401428222656,-0.1302127093076706,0.7488991022109985,0.33368414640426636,-0.14367562532424927,1.1309802022838966,1.8329419272922873,1.9512028860985378,1.8334850714412056,1.5067154885620668,1.0827119033958654,0.40844740267212387,0.7793991882258785,open_hand
0.5228500366210938,0.9217979907989502,8.795328199084906e-07,0.41313299536705017,0.8636080026626587,-0.051564428955316544,0.31621283292770386,0.7520744204521179,-0.07742385566234589,0.244863361120224,0.6553012132644653,-0.09920991212129593,0.18223997950553894,0.5883234739303589,-0.12123210728168488,0.4168170392513275,0.5204213261604309,-0.04389777034521103,0.37945201992988586,0.35756033658981323,-0.07644869387149811,0.361263245344162,0.2534162700176239,-0.10474938154220581,0.35228994488716125,0.16290929913520813,-0.12725333869457245,0.4935699999332428,0.49473699927330017,-0.04691942781209946,0.5059114694595337,0.3102075159549713,-0.07370304316282272,0.5152820944786072,0.1908455789089203,-0.09990933537483215,0.5258481502532959,0.09093621373176575,-0.1207171380519867,0.5604788661003113,0.5124419927597046,-0.057526350021362305,0.5944556593894958,0.34792518615722656,-0.09208641946315765,0.6142305731773376,0.24576088786125183,-0.12086806446313858,0.6292361617088318,0.15558719635009766,-0.14190395176410675,0.6183592081069946,0.5630704760551453,-0.07269399613142014,0.6782954931259155,0.46435320377349854,-0.10892264544963837,0.7165019512176514,0.3983147144317627,-0.1286301165819168,0.7488335967063904,0.33411797881126404,-0.14194801449775696,1.1421716382200575,1.8302560164655188,1.9496882112674918,1.8263295526632835,1.4988205121140301,1.063984015492145,0.4365793498632065,0.7677654555374559,open_hand
0.5195912718772888,0.9186339378356934,8.730407330403978e-07,0.4080762267112732,0.8597237467765808,-0.05235609784722328,0.3140870928764343,0.749701976776123,-0.07690759748220444,0.2440553456544876,0.6548326015472412,-0.09722054749727249,0.18371886014938354,0.5883182883262634,-0.1178472489118576,0.4169423282146454,0.519332230091095,-0.042322419583797455,0.3840498924255371,0.35615992546081543,-0.07313396781682968,0.36812007427215576,0.253217488527298,-0.1002102866768837,0.3603661060333252,0.1633787751197815,-0.12189863622188568,0.49319082498550415,0.49533045291900635,-0.04463759809732437,0.5062060952186584,0.31141480803489685,-0.07003884017467499,0.5134454965591431,0.19314903020858765,-0.09624949842691422,0.5218612551689148,0.09218186140060425,-0.11722496896982193,0.5590192079544067,0.5137541890144348,-0.05464673787355423,0.5942330360412598,0.34888559579849243,-0.08906669914722443,0.6131852269172668,0.24627164006233215,-0.11885891854763031,0.6280255317687988,0.15422916412353516,-0.14058145880699158,0.6154637932777405,0.5648431181907654,-0.06921285390853882,0.6766669154167175,0.46733611822128296,-0.10679484158754349,0.7155876159667969,0.4012458324432373,-0.12766894698143005,0.7493034601211548,0.33677250146865845,-0.14156435430049896,1.1386499235586087,1.83230760308524,1.9572969932853914,1.8401131574929632,1.5039343805261776,1.079118322082935,0.41399111315726816,0.7852459431142891,open_hand
0.5211764574050903,0.9199175834655762,8.965024562712642e-07,0.4111129939556122,0.8601465821266174,-0.05195080488920212,0.3150637149810791,0.7501174807548523,-0.07742320746183395,0.24401049315929413,0.6550798416137695,-0.09842311590909958,0.18134522438049316,0.5902478694915771,-0.11941755563020706,0.4142543077468872,0.5185161232948303,-0.04359694570302963,0.37752002477645874,0.355934202671051,-0.07461481541395187,0.3601900637149811,0.25218331813812256,-0.10169676691293716,0.35233330726623535,0.1627936065196991,-0.1231294795870781,0.4918421804904938,0.4951467514038086,-0.045635469257831573,0.5050482153892517,0.3108082413673401,-0.07083866000175476,0.5144951939582825,0.19317206740379333,-0.09617926925420761,0.5254009962081909,0.09508651494979858,-0.11629004031419754,0.5592411756515503,0.5142592787742615,-0.05518354848027229,0.5946916937828064,0.351171612739563,-0.0890117734670639,0.6144490242004395,0.24994096159934998,-0.1175399050116539,0.6298328638076782,0.16046777367591858,-0.13809360563755035,0.6173571348190308,0.5653194785118103,-0.0691647157073021,0.6771719455718994,0.46538102626800537,-0.10508693009614944,0.715328574180603,0.39978569746017456,-0.12424696981906891,0.7482353448867798,0.33614054322242737,-0.13679608702659607,1.1402748375479084,1.834172614435418,1.9452497745718949,1.8203465059680077,1.4972209997343837,1.0751418568331887,0.434275121312735,0.7680856647411228,open_hand
0.5169540643692017,0.9255548715591431,8.624695055914344e-07,0.40773722529411316,0.8677313923835754,-0.0515187531709671,0.312968909740448,0.7539157867431641,-0.07596258819103241,0.2433595508337021,0.6572957634925842,-0.096186563372612,0.18277978897094727,0.5891566872596741,-0.11671187728643417,0.41501376032829285,0.5223994851112366,-0.04325016960501671,0.3818100392818451,0.35770535469055176,-0.07452557981014252,0.3660697340965271,0.2537168860435486,-0.10156681388616562,0.3580499589443207,0.16337966918945312,-0.1233101561665535,0.4914952218532562,0.49827659130096436,-0.04631843790411949,0.5044555068016052,0.3145109713077545,-0.07267491519451141,0.5123245120048523,0.195631206035614,-0.09928009659051895,0.5205971002578735,0.09467634558677673,-0.12048425525426865,0.5577957034111023,0.5165231823921204,-0.05690329521894455,0.5935955047607422,0.3523787260055542,-0.0920160710811615,0.6128606200218201,0.2490634322166443,-0.12196626514196396,0.6270861625671387,0.1567257046699524,-0.14379127323627472,0.6141580939292908,0.567596435546875,-0.07188842445611954,0.6749509572982788,0.4687308967113495,-0.1094304621219635,0.7138980627059937,0.40126651525497437,-0.13034941256046295,0.7469686269760132,0.335244357585907,-0.1444685012102127,1.1342180460390077,1.8309003552801617,1.950073342306195,1.834633363245905,1.5092897124298632,1.0695692764725575,0.40993739128837614,0.7692696404690008,open_hand
0.5200589895248413,0.9194012880325317,8.933120057008637e-07,0.40890267491340637,0.8618135452270508,-0.05104312673211098,0.3125043511390686,0.7502222061157227,-0.07452479749917984,0.2416781634092331,0.653476893901825,-0.09374994784593582,0.17986896634101868,0.588726282119751,-0.11313214898109436,0.41252270340919495,0.5193315744400024,-0.03945474326610565,0.37780511379241943,0.3584609925746918,-0.06859713792800903,0.3619876205921173,0.2565195560455322,-0.0945889875292778,0.35527896881103516,0.16764286160469055,-0.1154998242855072,0.4896549582481384,0.49432629346847534,-0.04156110808253288,0.5043432116508484,0.31068500876426697,-0.06495387107133865,0.5131450295448303,0.19261765480041504,-0.08918771892786026,0.5230790972709656,0.09359517693519592,-0.10863175243139267,0.5567551851272583,0.5117529630661011,-0.051438309252262115,0.5938730239868164,0.35087984800338745,-0.08361592888832092,0.6131150126457214,0.2495163381099701,-0.1117057055234909,0.6278954744338989,0.15899381041526794,-0.1322832703590393,0.6140874028205872,0.5616563558578491,-0.06590171903371811,0.6750037670135498,0.4663337469100952,-0.10059131681919098,0.7129877805709839,0.40172964334487915,-0.11969531327486038,0.7458145618438721,0.3380086421966553,-0.13256356120109558,1.1390517934808446,1.8175011539917927,1.9452534321065968,1.8200707919951151,1.4891212900818582,1.065345916672253,0.4286487988522,0.774304086999296,open_hand
0.5181280374526978,0.9182584285736084,8.695766382516013e-07,0.4088824689388275,0.8598339557647705,-0.0511503741145134,0.31391197443008423,0.750834584236145,-0.07644415646791458,0.24396055936813354,0.655628502368927,-0.09755689650774002,0.18266072869300842,0.588583767414093,-0.11893005669116974,0.4135783612728119,0.5194149017333984,-0.04444575309753418,0.37990260124206543,0.3548489809036255,-0.07561735063791275,0.364390105009079,0.25094878673553467,-0.10236234217882156,0.3572189211845398,0.16126850247383118,-0.1236574724316597,0.4903982877731323,0.4963379502296448,-0.047426335513591766,0.5031791925430298,0.31293147802352905,-0.07331708818674088,0.511438250541687,0.19661083817481995,-0.09945335239171982,0.5206289291381836,0.09845799207687378,-0.12038910388946533,0.5567323565483093,0.5150782465934753,-0.05771154165267944,0.5929350256919861,0.35046133399009705,-0.09267625957727432,0.6124033331871033,0.24969962239265442,-0.12220155447721481,0.6270196437835693,0.1601506769657135,-0.14365547895431519,0.6127718091011047,0.5657054781913757,-0.07223623991012573,0.6736671924591064,0.46627259254455566,-0.10972819477319717,0.7128883600234985,0.40056490898132324,-0.13020706176757812,0.7466065883636475,0.3369396924972534,-0.14379632472991943,1.1402273512266845,1.8419522880161827,1.947425204740687,1.8314337522909845,1.5063948715871704,1.0849264786565296,0.41152306480727685,0.7741177003173371,open_hand
0.5294087529182434,0.7807681560516357,3.0671100148538244e-07,0.466774046421051,0.6324794292449951,-0.05128059536218643,0.4202079772949219,0.5471524596214294,-0.1479913890361786,0.3602431118488312,0.53993821144104,-0.22749385237693787,0.3042249083518982,0.5554124712944031,-0.3068059980869293,0.5207849740982056,0.49882155656814575,-0.30068230628967285,0.3910413086414337,0.4860215187072754,-0.33872365951538086,0.3460882902145386,0.5392091274261475,-0.2995281517505646,0.34642675518989563,0.557719886302948,-0.2728034555912018,0.5298005938529968,0.5985592007637024,-0.31276601552963257,0.39094048738479614,0.5864270925521851,-0.34683462977409363,0.3630369305610657,0.6288330554962158,-0.2718881368637085,0.37178343534469604,0.6444461345672607,-0.22388504445552826,0.5157157182693481,0.7022597193717957,-0.3157711327075958,0.39270347356796265,0.7180398106575012,-0.3262600302696228,0.35371726751327515,0.7488746047019958,-0.2491869330406189,0.34842967987060547,0.7448002696037292,-0.21107859909534454,0.49224933981895447,0.7870022058486938,-0.3233605921268463,0.4093751311302185,0.8219282627105713,-0.3464028835296631,0.37167996168136597,0.825671911239624,-0.32446712255477905,0.3604898750782013,0.8211774826049805,-0.3131754398345947,1.2218981379981826,1.0969292799774883,0.8449993197486539,0.774533440558906,0.9893412861719725,0.14985895390057977,0.28385971657384224,0.5479117727645187,fist
0.5453474521636963,0.7783034443855286,6.139304176144833e-09,0.49700361490249634,0.634926974773407,-0.044604334980249405,0.442593514919281,0.5480489134788513,-0.12598398327827454,0.377784788608551,0.5264293551445007,-0.19444173574447632,0.3133820593357086,0.5334519147872925,-0.2658349871635437,0.5407795310020447,0.4889548718929291,-0.2568167746067047,0.42478927969932556,0.473980188369751,-0.3191913068294525,0.3568042516708374,0.5115481615066528,-0.31369102001190186,0.32696184515953064,0.5546174645423889,-0.3045022785663605,0.5492607951164246,0.592097282409668,-0.27235522866249084,0.4200899004936218,0.5921822786331177,-0.3291112184524536,0.35616764426231384,0.6238601207733154,-0.2907903492450714,0.3357231914997101,0.6509723663330078,-0.2645982503890991,0.5350013971328735,0.6994789838790894,-0.28150370717048645,0.41137075424194336,0.7190496921539307,-0.32161906361579895,0.345276802778244,0.7215085625648499,-0.2757182717323303,0.3185536861419678,0.7211942076683044,-0.2498609721660614,0.510826051235199,0.792452335357666,-0.292834997177124,0.4156770706176758,0.821493923664093,-0.3369065523147583,0.3625675439834595,0.8221897482872009,-0.3248771131038666,0.34043368697166443,0.825755774974823,-0.31429940462112427,1.3015704199184748,1.3226454093242077,1.0934663845726666,1.0372487655492508,1.1462000698880852,0.13979564453959695,0.31719576310035996,0.5509148209439365,fist
0.5235307216644287,0.7643219828605652,-2.929070319623861e-07,0.4690953195095062,0.6294812560081482,-0.03593433275818825,0.40898290276527405,0.5322976112365723,-0.09603101760149002,0.34343236684799194,0.50862056016922,-0.14739668369293213,0.2909964323043823,0.5301833748817444,-0.19748786091804504,0.5315893888473511,0.4607253968715668,-0.18996690213680267,0.3818112313747406,0.45931315422058105,-0.22964546084403992,0.33890092372894287,0.5188333988189697,-0.2100943773984909,0.3472055196762085,0.5508842468261719,-0.19468174874782562,0.5514211654663086,0.5573581457138062,-0.203436940908432,0.3707094192504883,0.576758623123169,-0.2439279556274414,0.35386258363723755,0.629484236240387,-0.20602469146251678,0.38151535391807556,0.6382513046264648,-0.1819259375333786,0.5434926152229309,0.6629564762115479,-0.212410107254982,0.37325289845466614,0.6984442472457886,-0.238437682390213,0.3505236506462097,0.7181341648101807,-0.19323086738586426,0.3629392981529236,0.7142687439918518,-0.16959869861602783,0.5241962671279907,0.7621513605117798,-0.22393053770065308,0.4024139940738678,0.7905310988426208,-0.256841242313385,0.3684238791465759,0.7917002439498901,-0.2457686960697174,0.3633112907409668,0.7885589003562927,-0.23718228936195374,1.3190737983789675,1.1608744947373006,0.9020236549094182,0.8193200169337053,0.9852679757646692,0.20568124632310916,0.32490701050371146,0.5528252956206143,fist
0.523772656917572,0.7381009459495544,-5.940923841762924e-08,0.47641491889953613,0.5950683951377869,-0.04026447981595993,0.41371309757232666,0.49994757771492004,-0.10787279903888702,0.3370722234249115,0.4797530174255371,-0.1659374237060547,0.27662134170532227,0.4974864423274994,-0.22286054491996765,0.5296538472175598,0.43518176674842834,-0.19679707288742065,0.3677603602409363,0.4396367371082306,-0.2404002547264099,0.3371931314468384,0.4905874729156494,-0.22481995820999146,0.35578984022140503,0.5146337151527405,-0.21057485044002533,0.5449649095535278,0.5387335419654846,-0.20892760157585144,0.359475702047348,0.555518388748169,-0.24915309250354767,0.34893670678138733,0.6007589101791382,-0.21183881163597107,0.3782378137111664,0.6060113310813904,-0.18786118924617767,0.5327289700508118,0.6470133066177368,-0.2163124829530716,0.3560829758644104,0.6821461319923401,-0.239497110247612,0.3448377251625061,0.6976880431175232,-0.18976037204265594,0.3687410354614258,0.6883788108825684,-0.16293874382972717,0.5072917938232422,0.7450047731399536,-0.2267175316810608,0.37273266911506653,0.7707508206367493,-0.2532350420951843,0.3513805866241455,0.7667916417121887,-0.23497721552848816,0.36217692494392395,0.7582759261131287,-0.22135840356349945,1.4182152294383303,1.208698497138757,0.9389334508041632,0.7954665833656496,0.949039844572823,0.2829438252441687,0.3342849820452294,0.541263078418381,fist
0.4972878694534302,0.7198452949523926,-8.583521093896707e-08,0.4535616338253021,0.5686835050582886,-0.02506837621331215,0.3923467993736267,0.4655720889568329,-0.09565738588571548,0.32059937715530396,0.44200366735458374,-0.15858811140060425,0.27961212396621704,0.4714139997959137,-0.22200891375541687,0.5065162777900696,0.4037185311317444,-0.20813055336475372,0.3449934720993042,0.41236740350723267,-0.2374938279390335,0.3200228810310364,0.4704725742340088,-0.2048383504152298,0.3447853922843933,0.48570433259010315,-0.18200485408306122,0.5219137668609619,0.5021530985832214,-0.2277388721704483,0.34535443782806396,0.5239452719688416,-0.25237518548965454,0.3433798551559448,0.5728912353515625,-0.1947452574968338,0.3769434094429016,0.5751404166221619,-0.1587028056383133,0.5073106288909912,0.6047160029411316,-0.23930884897708893,0.34644508361816406,0.634618878364563,-0.24565722048282623,0.3408053517341614,0.6586834192276001,-0.18130582571029663,0.3670080304145813,0.6577776670455933,-0.1488429605960846,0.4807274341583252,0.6963931918144226,-0.25334346294403076,0.3624267876148224,0.7341594696044922,-0.2746943235397339,0.3446882963180542,0.7382014989852905,-0.2548668086528778,0.3571290969848633,0.7371987104415894,-0.2406848520040512,1.2593957812670333,1.0552653787650716,0.7790548902034784,0.6560400818452026,0.8830767919922303,0.24618005512763472,0.3096639786663034,0.5781237374179438,fist
0.5001977682113647,0.730251669883728,1.7333410085029755e-07,0.44404587149620056,0.572265088558197,-0.03246241807937622,0.3864244222640991,0.4730278551578522,-0.11514436453580856,0.3155556321144104,0.45725852251052856,-0.18701495230197906,0.2671850323677063,0.4717389643192291,-0.259339302778244,0.4873063266277313,0.4161715507507324,-0.24978157877922058,0.3529094159603119,0.4000324010848999,-0.2788236737251282,0.3112238645553589,0.45356374979019165,-0.23664934933185577,0.31964993476867676,0.47069063782691956,-0.20792436599731445,0.4962749481201172,0.5119779109954834,-0.26753148436546326,0.3410705327987671,0.5097314119338989,-0.2935981750488281,0.3307672142982483,0.5578756332397461,-0.22196613252162933,0.358683317899704,0.5698471665382385,-0.17561110854148865,0.4806663990020752,0.6101200580596924,-0.276447594165802,0.33023908734321594,0.6287211179733276,-0.280563622713089,0.33066803216934204,0.6671159267425537,-0.2054174840450287,0.36336737871170044,0.6710271835327148,-0.16710267961025238,0.4544925093650818,0.690205991268158,-0.288652241230011,0.3440081775188446,0.7212507724761963,-0.3087907135486603,0.3331298828125,0.7312474250793457,-0.28676268458366394,0.3524050712585449,0.7325179576873779,-0.2725606858730316,1.2569573245016479,1.0959151921646728,0.8014995363850278,0.648563873148506,0.897941683705595,0.21275755156357878,0.3224846912046896,0.5487216470339251,fist
0.47387078404426575,0.7561023831367493,-2.6541847830685583e-08,0.3972429037094116,0.5862375497817993,0.0011916441144421697,0.33906009793281555,0.4846532642841339,-0.07897123694419861,0.2657530903816223,0.4605006277561188,-0.15487420558929443,0.2197737842798233,0.47523385286331177,-0.232391357421875,0.44893312454223633,0.4078700840473175,-0.23309944570064545,0.30250149965286255,0.4057351052761078,-0.24859002232551575,0.27330732345581055,0.47134941816329956,-0.19587141275405884,0.28781405091285706,0.49511194229125977,-0.1608528047800064,0.45231419801712036,0.5100107789039612,-0.26604196429252625,0.29201722145080566,0.5169026851654053,-0.2749728560447693,0.30298876762390137,0.5800208449363708,-0.19359885156154633,0.3430182933807373,0.5934413075447083,-0.14606991410255432,0.4348922669887543,0.6107934713363647,-0.285514235496521,0.2860623002052307,0.6293442249298096,-0.26944082975387573,0.3087548017501831,0.672844648361206,-0.18719789385795593,0.3522457778453827,0.6745874285697937,-0.15236608684062958,0.4056990146636963,0.6933613419532776,-0.3047438859939575,0.2974678575992584,0.7237869501113892,-0.2977217733860016,0.31219878792762756,0.7385616302490234,-0.2599025368690491,0.34875601530075073,0.7387933731079102,-0.24228012561798096,1.2239732066250069,0.9877936671437415,0.7018026126682309,0.5820475551923143,0.7525890230961657,0.2773986473684405,0.31326557196461624,0.4803849056790544,fist
0.4743279814720154,0.7554405927658081,1.4139610371444178e-08,0.3866628110408783,0.5787099599838257,0.007694894447922707,0.32929328083992004,0.4823548197746277,-0.07187982648611069,0.2587960362434387,0.4578096866607666,-0.14967656135559082,0.21936434507369995,0.4746783971786499,-0.22712045907974243,0.4361394941806793,0.4017549753189087,-0.22782859206199646,0.28885290026664734,0.404771089553833,-0.24938327074050903,0.2695772051811218,0.4717578887939453,-0.19791457056999207,0.28676560521125793,0.4933883547782898,-0.1612943559885025,0.44155555963516235,0.500474214553833,-0.2662307620048523,0.27636483311653137,0.5212739706039429,-0.2767327129840851,0.2984239459037781,0.587997317314148,-0.18891488015651703,0.34351110458374023,0.5950937271118164,-0.13481757044792175,0.42835789918899536,0.599483072757721,-0.29265379905700684,0.2778042256832123,0.6320216655731201,-0.27876362204551697,0.3068443536758423,0.6780480742454529,-0.19075314700603485,0.3507717251777649,0.6711075305938721,-0.15017814934253693,0.4068184196949005,0.6813894510269165,-0.31904688477516174,0.2947206199169159,0.724111020565033,-0.30723804235458374,0.31446173787117004,0.7378408908843994,-0.26476389169692993,0.3501644730567932,0.734522819519043,-0.24402371048927307,1.1944903207037332,0.9737557866933261,0.6673683049021114,0.572765991680956,0.7419786634504099,0.2595429014106883,0.3227286667992455,0.4788944136484139,fist
0.47453925013542175,0.7633399367332458,-1.135657967665793e-07,0.39230698347091675,0.587486207485199,0.006038962863385677,0.3298594057559967,0.48629340529441833,-0.07129976153373718,0.2554721236228943,0.4553813934326172,-0.14829127490520477,0.21731147170066833,0.47881942987442017,-0.22498993575572968,0.44157060980796814,0.3978610634803772,-0.20323534309864044,0.2874239981174469,0.40959906578063965,-0.22229400277137756,0.2695298194885254,0.47703641653060913,-0.17413488030433655,0.2878204584121704,0.49751269817352295,-0.14219598472118378,0.44941607117652893,0.49745213985443115,-0.2429693341255188,0.27193683385849,0.5215156078338623,-0.25736019015312195,0.2950737178325653,0.5912802815437317,-0.1829257607460022,0.3392919600009918,0.5937086343765259,-0.1395396888256073,0.43676477670669556,0.595078706741333,-0.2716788649559021,0.27031755447387695,0.6317549347877502,-0.25970256328582764,0.3047381341457367,0.6799182891845703,-0.18333692848682404,0.3526187837123871,0.6734566688537598,-0.15318068861961365,0.4140806794166565,0.6792709231376648,-0.30079135298728943,0.2919527292251587,0.725458025932312,-0.29532983899116516,0.3178446590900421,0.7457779049873352,-0.26186493039131165,0.359509140253067,0.7391507625579834,-0.2486090511083603,1.2315998998417168,0.982141530063508,0.714428235921905,0.5966504540759986,0.7616444705139553,0.30561361915353497,0.30225986248700465,0.5066124056922626,fist
0.4663012623786926,0.7455106973648071,5.132476488256543e-08,0.38302165269851685,0.568290114402771,0.010560069233179092,0.3252573013305664,0.4755878448486328,-0.06981831043958664,0.2538168430328369,0.4544847011566162,-0.14853817224502563,0.2164987474679947,0.4680973291397095,-0.2268318384885788,0.4262002408504486,0.40230536460876465,-0.23104001581668854,0.28701305389404297,0.40483811497688293,-0.24949763715267181,0.2710660994052887,0.469991534948349,-0.1935015767812729,0.28657448291778564,0.4907684922218323,-0.1545526087284088,0.4289747178554535,0.5037966966629028,-0.2710036635398865,0.2707754671573639,0.518547773361206,-0.279077410697937,0.30065789818763733,0.5883488059043884,-0.18551337718963623,0.3456847667694092,0.5951751470565796,-0.12827736139297485,0.4153622090816498,0.5994940996170044,-0.2986851930618286,0.2722477316856384,0.6248579025268555,-0.2818637192249298,0.30910903215408325,0.6767270565032959,-0.18868912756443024,0.3522849977016449,0.6679325103759766,-0.1462736576795578,0.3947957754135132,0.6744760870933533,-0.32630327343940735,0.2923124432563782,0.7184383869171143,-0.3112199008464813,0.3218439221382141,0.7360174655914307,-0.26681143045425415,0.35947591066360474,0.7298383712768555,-0.2464233636856079,1.1965994163540659,0.9532026268386635,0.6342276851153092,0.5506962229593024,0.7369879060127007,0.282681673572374,0.33645017336149735,0.49218879766462464,fist
0.4623187482357025,0.7501930594444275,-9.639867215582854e-08,0.38238996267318726,0.5762977004051208,0.014018845744431019,0.321288526058197,0.4756682217121124,-0.062435347586870193,0.2485838681459427,0.4461585283279419,-0.13942170143127441,0.21511827409267426,0.4739714562892914,-0.21695370972156525,0.4288947582244873,0.3994394540786743,-0.20653033256530762,0.2813912332057953,0.4040876030921936,-0.22004860639572144,0.2644502520561218,0.47139450907707214,-0.16619490087032318,0.28193148970603943,0.49043548107147217,-0.13138477504253387,0.4331941604614258,0.4949028491973877,-0.24803191423416138,0.2661588191986084,0.5137304067611694,-0.2573339641094208,0.2904413938522339,0.5838615894317627,-0.1779499650001526,0.3339250087738037,0.587632954120636,-0.13252006471157074,0.4199603796005249,0.5879765152931213,-0.2766457200050354,0.2636524438858032,0.616078794002533,-0.25971266627311707,0.29816412925720215,0.6672526597976685,-0.1813228726387024,0.34509146213531494,0.6650944948196411,-0.15144261717796326,0.39755722880363464,0.6676666736602783,-0.3046568036079407,0.28465086221694946,0.7132967710494995,-0.2947864234447479,0.31159234046936035,0.7324190735816956,-0.2606046497821808,0.3531899154186249,0.727037787437439,-0.24845698475837708,1.202659850553683,0.9589088301217206,0.6885759618509135,0.5868121609917336,0.7626155537730773,0.3074647513103496,0.3086717678893442,0.5105576330685535,fist
0.4569607377052307,0.7429060339927673,-3.022201155999937e-08,0.37084999680519104,0.5715994834899902,0.018091533333063126,0.3153187036514282,0.4793863892555237,-0.05831531807780266,0.24796316027641296,0.45406341552734375,-0.1361476629972458,0.21290314197540283,0.4656314253807068,-0.21354810893535614,0.4184371829032898,0.4001682996749878,-0.21232762932777405,0.28352588415145874,0.4003651738166809,-0.23130781948566437,0.26353901624679565,0.46652084589004517,-0.1772441416978836,0.277212917804718,0.4875246286392212,-0.1397257298231125,0.4226628541946411,0.4995325207710266,-0.25745922327041626,0.2661798298358917,0.510727047920227,-0.2679067552089691,0.2913677394390106,0.5832273364067078,-0.17748229205608368,0.3357965648174286,0.5895341038703918,-0.12150147557258606,0.41031625866889954,0.5923547148704529,-0.2908500134944916,0.26723513007164,0.6136167645454407,-0.2775040566921234,0.3004148602485657,0.667746901512146,-0.18629759550094604,0.3435856103897095,0.6625545620918274,-0.14395341277122498,0.3906233310699463,0.6656081676483154,-0.3236948251724243,0.2893211841583252,0.704551637172699,-0.31144335865974426,0.3146580457687378,0.7250446081161499,-0.26750561594963074,0.35092926025390625,0.7225408554077148,-0.24651125073432922,1.198717470673468,0.9611995787328734,0.6465819930557861,0.5621238862899643,0.7560814799712029,0.2818554289123485,0.3344338429401854,0.5145791034178321,fist
0.4634748697280884,0.7421055436134338,-1.1251709253201625e-07,0.3910979926586151,0.5706017017364502,0.01727651059627533,0.33029597997665405,0.47031623125076294,-0.054960958659648895,0.25516214966773987,0.4388388991355896,-0.12806306779384613,0.2126995474100113,0.46626392006874084,-0.2022111713886261,0.42899730801582336,0.3960611820220947,-0.19760762155056,0.2796420753002167,0.40450242161750793,-0.21068058907985687,0.25974059104919434,0.4658709168434143,-0.158920556306839,0.2741487920284271,0.4845094680786133,-0.12472464889287949,0.43172281980514526,0.49016380310058594,-0.23919758200645447,0.2654431164264679,0.5105136036872864,-0.24610543251037598,0.2872791290283203,0.5750638246536255,-0.16766497492790222,0.3282861113548279,0.5800104737281799,-0.12253620475530624,0.4159511625766754,0.5818515419960022,-0.26809704303741455,0.2623952627182007,0.6118584871292114,-0.2493981122970581,0.2945302426815033,0.6575271487236023,-0.17252089083194733,0.33881133794784546,0.6543602347373962,-0.14284385740756989,0.39134860038757324,0.6596835851669312,-0.2961699664592743,0.2812342941761017,0.703068196773529,-0.2854020297527313,0.30757415294647217,0.7210641503334045,-0.2517598867416382,0.34735506772994995,0.7155786156654358,-0.23902830481529236,1.2157137157834341,0.9836682713336865,0.6996090867983065,0.5988549994231585,0.7655405676195797,0.28826909909828224,0.31474557944251486,0.5152803291989281,fist
0.46407681703567505,0.7394223213195801,-1.339748081363723e-07,0.39006149768829346,0.5738493204116821,0.006877165753394365,0.32695335149765015,0.47347089648246765,-0.06463044136762619,0.2533179521560669,0.44097524881362915,-0.13631513714790344,0.21687354147434235,0.47216472029685974,-0.20799309015274048,0.4329541325569153,0.39462268352508545,-0.18890468776226044,0.28132447600364685,0.4013763666152954,-0.20657995343208313,0.2609061598777771,0.463110089302063,-0.16101263463497162,0.27689436078071594,0.48092538118362427,-0.1318051964044571,0.44268858432769775,0.48418542742729187,-0.2273184359073639,0.26469045877456665,0.5108211636543274,-0.2440415620803833,0.2865220606327057,0.5758611559867859,-0.17687059938907623,0.32953062653541565,0.5766288042068481,-0.13809572160243988,0.43192747235298157,0.5751917958259583,-0.25510022044181824,0.2635875642299652,0.6124705672264099,-0.2474651336669922,0.29603683948516846,0.6576149463653564,-0.1795356720685959,0.34290245175361633,0.6532444953918457,-0.15343262255191803,0.4108438193798065,0.6569651961326599,-0.2829397916793823,0.2858293056488037,0.7044205665588379,-0.2820722758769989,0.30840009450912476,0.7241361141204834,-0.25443267822265625,0.34831172227859497,0.7196635603904724,-0.24440906941890717,1.2243295783530215,1.0082915554272236,0.7368451149538181,0.623906259814593,0.7918043665434684,0.2843705387714866,0.3194674818419391,0.5232882315240638,fist
0.4644128978252411,0.7421060800552368,-1.3350673100376298e-07,0.3881016969680786,0.5808810591697693,0.024779006838798523,0.32757091522216797,0.4825972616672516,-0.043653614819049835,0.2550099790096283,0.44799676537513733,-0.11576011031866074,0.2194608449935913,0.4622001647949219,-0.187526673078537,0.42585304379463196,0.39809268712997437,-0.18874575197696686,0.28350168466567993,0.39933526515960693,-0.20958565175533295,0.2667585015296936,0.46752238273620605,-0.16165147721767426,0.2852998673915863,0.48838526010513306,-0.12902867794036865,0.4310271739959717,0.48703253269195557,-0.23685164749622345,0.26540446281433105,0.50250643491745,-0.2508900761604309,0.2884855270385742,0.5764303207397461,-0.1699989289045334,0.33300551772117615,0.5827412009239197,-0.11990130692720413,0.41953784227371216,0.5781360864639282,-0.2735740840435028,0.26642388105392456,0.6068750023841858,-0.263929545879364,0.2976672053337097,0.6606910824775696,-0.1798456609249115,0.3419959843158722,0.6600160598754883,-0.14105075597763062,0.3994583487510681,0.6567702293395996,-0.3094007670879364,0.28968000411987305,0.7054163217544556,-0.3055473864078522,0.31289729475975037,0.7268098592758179,-0.2695150077342987,0.34995710849761963,0.7229194641113281,-0.25202521681785583,1.1912341202042014,0.9617622804509081,0.683004382505837,0.5834173622961155,0.793471507560639,0.26276218158364645,0.30348681862176824,0.5530058227515373,fist
0.45856767892837524,0.7397146224975586,-6.655925233189919e-08,0.3811998665332794,0.5671058893203735,0.017939116805791855,0.32448044419288635,0.46829360723495483,-0.05692654848098755,0.2534623146057129,0.4398881494998932,-0.13311325013637543,0.21368905901908875,0.46036630868911743,-0.2097170352935791,0.4281730353832245,0.3955686688423157,-0.20639874041080475,0.28542160987854004,0.39694973826408386,-0.22233542799949646,0.26649579405784607,0.46023181080818176,-0.16845515370368958,0.28176358342170715,0.4808289706707001,-0.13200537860393524,0.43111416697502136,0.49223247170448303,-0.2498924285173416,0.2691834568977356,0.5048057436943054,-0.2605670094490051,0.2926792800426483,0.5721368193626404,-0.17702390253543854,0.3355553448200226,0.5781879425048828,-0.1270298957824707,0.41638463735580444,0.5846413373947144,-0.2808152139186859,0.2657212018966675,0.6056106090545654,-0.2664376199245453,0.2995280623435974,0.6559550166130066,-0.18253333866596222,0.34479618072509766,0.6543380618095398,-0.1465919017791748,0.3931215703487396,0.6601420640945435,-0.31083959341049194,0.2848336696624756,0.6974328756332397,-0.30094408988952637,0.3120018243789673,0.7172704935073853,-0.262754887342453,0.3527747094631195,0.7136924266815186,-0.24634313583374023,1.2092622930303965,0.9642410132044409,0.6789044075167555,0.5790152817323333,0.763549765260403,0.29854529459477536,0.3156208599920157,0.5141168840750076,fist
0.45766663551330566,0.738653838634491,-2.7385114620415152e-08,0.3757421672344208,0.5689264535903931,0.016659989953041077,0.3181309998035431,0.4728533625602722,-0.06041254475712776,0.24845251441001892,0.4454506039619446,-0.13836006820201874,0.21685652434825897,0.46223801374435425,-0.21569424867630005,0.4220643937587738,0.39347195625305176,-0.21292755007743835,0.2849632799625397,0.39140042662620544,-0.23189756274223328,0.267936646938324,0.4633728861808777,-0.17852208018302917,0.2850916385650635,0.48411548137664795,-0.1419229358434677,0.4259995222091675,0.4897819757461548,-0.25676992535591125,0.2707369327545166,0.4975737929344177,-0.26860594749450684,0.2943612337112427,0.5731041431427002,-0.18180260062217712,0.33802539110183716,0.5785418152809143,-0.12849058210849762,0.41375237703323364,0.5835832357406616,-0.2883358597755432,0.27106142044067383,0.6037196516990662,-0.27516594529151917,0.30330851674079895,0.6595801115036011,-0.1875447928905487,0.34779781103134155,0.6551443934440613,-0.14812549948692322,0.39357662200927734,0.6597900986671448,-0.3190860152244568,0.29074612259864807,0.7003675699234009,-0.305857390165329,0.316526859998703,0.7205675840377808,-0.26324060559272766,0.35471972823143005,0.7174580097198486,-0.2439355105161667,1.1848514134012225,0.9434736758180827,0.661897689852748,0.5639492990949899,0.7399046268120684,0.28648371650556587,0.3038589847748881,0.5052955872610226,fist
0.45758116245269775,0.7435240745544434,-9.330528882856015e-08,0.38191330432891846,0.5672478079795837,0.010604395531117916,0.3252503275871277,0.4687332212924957,-0.06708322465419769,0.25461533665657043,0.43607401847839355,-0.1449633091688156,0.21170306205749512,0.45830434560775757,-0.22249546647071838,0.43610963225364685,0.38995957374572754,-0.20754630863666534,0.28834542632102966,0.39269083738327026,-0.22580869495868683,0.2684285342693329,0.45894181728363037,-0.1745050996541977,0.28341835737228394,0.48017963767051697,-0.13991864025592804,0.44037336111068726,0.48765385150909424,-0.24924810230731964,0.2752124071121216,0.5004724860191345,-0.2608530521392822,0.2965530455112457,0.5687786340713501,-0.18027111887931824,0.3391059339046478,0.5764135122299194,-0.1326100379228592,0.4261855483055115,0.5822135806083679,-0.2794777750968933,0.27266645431518555,0.6068430542945862,-0.26725029945373535,0.3038348853588104,0.6553657054901123,-0.18755243718624115,0.3484680652618408,0.6523754000663757,-0.15458394587039948,0.4045044779777527,0.6591497659683228,-0.30949074029922485,0.29315435886383057,0.7003988027572632,-0.30389487743377686,0.31707632541656494,0.720524251461029,-0.2690444588661194,0.35596394538879395,0.716755211353302,-0.2546508014202118,1.223064892775914,0.9656678869551248,0.6823585333288879,0.5872840219023161,0.770320118014209,0.311888784511921,0.3115744476080113,0.52219238326923,fist
0.4620944857597351,0.7342321872711182,-7.653257938500246e-08,0.3835291862487793,0.5668213963508606,0.021383747458457947,0.3272188901901245,0.473023384809494,-0.05114654451608658,0.2592795789241791,0.44377994537353516,-0.1260230839252472,0.2251373827457428,0.45760393142700195,-0.2004983127117157,0.43083393573760986,0.3904879093170166,-0.20372964441776276,0.291475385427475,0.39283308386802673,-0.22709789872169495,0.27305662631988525,0.4624752402305603,-0.17836438119411469,0.2908891439437866,0.4859073758125305,-0.14352959394454956,0.4362631142139435,0.48319777846336365,-0.2500528395175934,0.27524951100349426,0.49636194109916687,-0.2627744674682617,0.29287612438201904,0.5681363344192505,-0.17575064301490784,0.3352258801460266,0.5759370923042297,-0.12060781568288803,0.42356809973716736,0.5772382616996765,-0.2848403751850128,0.2755078673362732,0.6052384376525879,-0.274291455745697,0.30082350969314575,0.65529465675354,-0.18347756564617157,0.3421066403388977,0.6532939672470093,-0.1389513611793518,0.40257778763771057,0.6553914546966553,-0.3189086318016052,0.29574793577194214,0.7006626129150391,-0.30966830253601074,0.3166089951992035,0.7195766568183899,-0.26590999960899353,0.35175660252571106,0.7190563678741455,-0.24269747734069824,1.1703349433915278,0.9402348178031629,0.6643135322489515,0.5647567250683377,0.7516471468981167,0.2575173511383027,0.2897543039510664,0.5315610245629819,fist
0.45906731486320496,0.732640266418457,-8.786781080516448e-08,0.3883994221687317,0.5666926503181458,0.011814206838607788,0.32823440432548523,0.4656597673892975,-0.06165492907166481,0.25618776679039,0.43519261479377747,-0.13660605251789093,0.22156070172786713,0.45980173349380493,-0.21110403537750244,0.4396466314792633,0.3859322667121887,-0.19483257830142975,0.2895987331867218,0.39256730675697327,-0.21657419204711914,0.27335721254348755,0.4597298800945282,-0.17156437039375305,0.29325565695762634,0.48026424646377563,-0.14147870242595673,0.4450313448905945,0.47979360818862915,-0.23799140751361847,0.27350524067878723,0.4981183111667633,-0.2538793683052063,0.2957756519317627,0.5669688582420349,-0.17954842746257782,0.33967313170433044,0.5728525519371033,-0.13490349054336548,0.43049901723861694,0.5741680264472961,-0.2704842686653137,0.2701595425605774,0.6029595732688904,-0.26211774349212646,0.3026113510131836,0.6515886783599854,-0.18298594653606415,0.3489246070384979,0.6517038941383362,-0.14822319149971008,0.40586382150650024,0.656192421913147,-0.303212434053421,0.2906014025211334,0.7000056505203247,-0.3026033639907837,0.3162462115287781,0.7197855710983276,-0.26911479234695435,0.35739725828170776,0.7170274257659912,-0.2533901333808899,1.2051907387154845,0.9595800525827013,0.692921250404943,0.5801820506523573,0.7869289723994922,0.29354590142453285,0.2986333930996929,0.5394122546559657,fist
0.460221529006958,0.7298427820205688,2.6311614220730917e-08,0.3833897113800049,0.559101939201355,0.006758588366210461,0.32751232385635376,0.46368443965911865,-0.07012121379375458,0.2601287066936493,0.4371253252029419,-0.145741805434227,0.2270008772611618,0.45578062534332275,-0.22068916261196136,0.43386247754096985,0.3918129503726959,-0.2203586846590042,0.2917100191116333,0.39156168699264526,-0.24699766933918,0.27169790863990784,0.4564012885093689,-0.20123068988323212,0.28936082124710083,0.4788188636302948,-0.1681702584028244,0.4394110143184662,0.4866464138031006,-0.25981539487838745,0.277181476354599,0.4978877902030945,-0.2743332087993622,0.29546019434928894,0.5616514086723328,-0.1905537247657776,0.33992648124694824,0.5698978304862976,-0.13801264762878418,0.4267489016056061,0.5830358266830444,-0.28858599066734314,0.2773572504520416,0.6038234829902649,-0.28207090497016907,0.3024788498878479,0.6490540504455566,-0.1959921419620514,0.346251517534256,0.6460561752319336,-0.1538877934217453,0.4066224992275238,0.6640605926513672,-0.31741902232170105,0.2953335642814636,0.6997768878936768,-0.3133828639984131,0.31651508808135986,0.7122437953948975,-0.2729986906051636,0.3546138107776642,0.7124312520027161,-0.2514888048171997,1.1841812487112855,0.9737078589329203,0.6819523957188881,0.5863440679827502,0.7667006481978658,0.23765768028064088,0.30422390008542,0.5127254029091356,fist
0.456563264131546,0.7405554056167603,-4.824055377383729e-09,0.37576961517333984,0.5683348178863525,0.007530356291681528,0.32367897033691406,0.4760650396347046,-0.07233991473913193,0.25973647832870483,0.4452160596847534,-0.15046724677085876,0.22612397372722626,0.4487816095352173,-0.22728793323040009,0.43423885107040405,0.39081430435180664,-0.22696389257907867,0.2986524701118469,0.38616520166397095,-0.2503644824028015,0.2747293710708618,0.45712894201278687,-0.19840161502361298,0.28924599289894104,0.481952041387558,-0.16088232398033142,0.43916013836860657,0.4922216236591339,-0.266755074262619,0.28386542201042175,0.4969692528247833,-0.28003019094467163,0.2974807620048523,0.5659281015396118,-0.18892140686511993,0.34022057056427,0.5746462941169739,-0.1308973878622055,0.42544859647750854,0.5928196907043457,-0.2954978942871094,0.2853897213935852,0.6063586473464966,-0.287967324256897,0.30585891008377075,0.6556459665298462,-0.19557474553585052,0.34773263335227966,0.65151447057724,-0.1490599811077118,0.4036750793457031,0.6719409823417664,-0.32397541403770447,0.298827201128006,0.6971818804740906,-0.3153911828994751,0.31089556217193604,0.7108073234558105,-0.2692302465438843,0.3431684076786041,0.7112428545951843,-0.24438044428825378,1.1943047913612455,0.9523796314859883,0.6611569021717649,0.561615445234003,0.7427183396732788,0.26705004222623846,0.3013476484955075,0.48677662558134777,fist
0.46838539838790894,0.7461636662483215,-5.3992447845985225e-08,0.39551085233688354,0.5711895823478699,0.00981290452182293,0.3345996141433716,0.466746062040329,-0.064948670566082,0.2613673806190491,0.4362584352493286,-0.1396668553352356,0.22493407130241394,0.45957574248313904,-0.2144315391778946,0.4449180066585541,0.3923487365245819,-0.20395693182945251,0.29405951499938965,0.3934699296951294,-0.2209407091140747,0.2772763669490814,0.46091336011886597,-0.17125651240348816,0.2965877056121826,0.4837896525859833,-0.1373019963502884,0.4481627345085144,0.48854079842567444,-0.24273356795310974,0.2789037227630615,0.5038087964057922,-0.2514931559562683,0.29894307255744934,0.5677895545959473,-0.17330773174762726,0.3423649072647095,0.5723060369491577,-0.12682820856571198,0.43241629004478455,0.585348904132843,-0.2697879374027252,0.2757091522216797,0.6072231531143188,-0.254363089799881,0.30390697717666626,0.6518808007240295,-0.1751585602760315,0.34913668036460876,0.6509460806846619,-0.14144004881381989,0.40670785307884216,0.6675153970718384,-0.2967410385608673,0.29070764780044556,0.7032677531242371,-0.2881895899772644,0.31321191787719727,0.7187140583992004,-0.2523770332336426,0.3520006835460663,0.7180357575416565,-0.2361384630203247,1.2209517006090365,0.9656286539606548,0.7034047823364401,0.5868645870660919,0.7467703863788643,0.3046919971042699,0.28262466412739534,0.5145384973960899,fist
0.4665880799293518,0.742210328578949,-1.0289613783243112e-07,0.3993871212005615,0.5743809938430786,0.010928279720246792,0.3381751775741577,0.4694657027721405,-0.06246230751276016,0.26395881175994873,0.4337560832500458,-0.13696390390396118,0.22726431488990784,0.4546378552913666,-0.2107800841331482,0.4471731185913086,0.3923245072364807,-0.19678406417369843,0.2961352467536926,0.3929712176322937,-0.22112447023391724,0.2817978858947754,0.460219144821167,-0.17695343494415283,0.30468541383743286,0.4801271855831146,-0.14733846485614777,0.4522593021392822,0.48523086309432983,-0.23969194293022156,0.2759714424610138,0.49889278411865234,-0.25954100489616394,0.299446702003479,0.5689234733581543,-0.18666967749595642,0.3448948264122009,0.5726810693740845,-0.14314080774784088,0.4372909665107727,0.575920820236206,-0.2724306285381317,0.2718443274497986,0.6001386642456055,-0.26689374446868896,0.30570071935653687,0.6530460715293884,-0.19085444509983063,0.3537929356098175,0.6528813242912292,-0.15866532921791077,0.4136153757572174,0.6545524597167969,-0.3054642081260681,0.2936475872993469,0.6962776780128479,-0.30646541714668274,0.3199740946292877,0.7194355130195618,-0.27650225162506104,0.3613565266132355,0.7182852029800415,-0.26418542861938477,1.2209667891181717,0.9709266274903677,0.7195189377450038,0.6090022279512499,0.811409092013591,0.2936798733337884,0.2871671293993769,0.5403996577267817,fist
0.4634492099285126,0.7376924157142639,-4.414223297999342e-08,0.3887428045272827,0.5671255588531494,0.01028729509562254,0.3322884738445282,0.4686546325683594,-0.06461300700902939,0.2628275752067566,0.4372810423374176,-0.13946843147277832,0.22652411460876465,0.45145049691200256,-0.21329520642757416,0.44183382391929626,0.3944758176803589,-0.2108299434185028,0.29715800285339355,0.38964974880218506,-0.2348974049091339,0.27865004539489746,0.4577631950378418,-0.18717971444129944,0.298570454120636,0.47890591621398926,-0.1538199931383133,0.4467042088508606,0.4873514175415039,-0.2521558403968811,0.27791017293930054,0.4974229037761688,-0.268497109413147,0.2947043180465698,0.5655813813209534,-0.18698027729988098,0.33938103914260864,0.5719373226165771,-0.1361316442489624,0.4326591193675995,0.5818760991096497,-0.28263476490974426,0.27699506282806396,0.6050901412963867,-0.2759513258934021,0.3030478358268738,0.6536027193069458,-0.19166192412376404,0.34865802526474,0.6520956158638,-0.15170665085315704,0.4101865887641907,0.6625015735626221,-0.3131681978702545,0.2958522439002991,0.7022897005081177,-0.31117570400238037,0.3162587583065033,0.718468427658081,-0.2745150625705719,0.35477885603904724,0.7174504995346069,-0.25594645738601685,1.2044484460243918,0.9649351357035204,0.6965916259425321,0.5864540538470905,0.7837605587960697,0.2737415801905054,0.28988677728882484,0.5316621759668108,fist
0.46173161268234253,0.7402012348175049,-1.070536868041927e-07,0.38108178973197937,0.570006787776947,0.017588648945093155,0.3280295133590698,0.4736812114715576,-0.056832198053598404,0.2623313069343567,0.43974727392196655,-0.13308484852313995,0.2284519523382187,0.451321005821228,-0.20816829800605774,0.4359935522079468,0.3921961188316345,-0.20844851434230804,0.29722121357917786,0.3878929615020752,-0.2338971346616745,0.27417925000190735,0.457899272441864,-0.1850370168685913,0.28975844383239746,0.4805382490158081,-0.15045148134231567,0.4419649541378021,0.4860323667526245,-0.25478294491767883,0.2789055109024048,0.497198224067688,-0.270344614982605,0.2977127432823181,0.5729725956916809,-0.1834256947040558,0.34369367361068726,0.5794785022735596,-0.1283794790506363,0.4304855465888977,0.5799974203109741,-0.29026877880096436,0.28015896677970886,0.6065433025360107,-0.28278592228889465,0.3077589273452759,0.6607837677001953,-0.19316790997982025,0.3526473939418793,0.6575112342834473,-0.14977361261844635,0.4123293459415436,0.6589082479476929,-0.3253796696662903,0.3021579384803772,0.7031005620956421,-0.31856080889701843,0.32305991649627686,0.7222480773925781,-0.27612680196762085,0.35973837971687317,0.7210186719894409,-0.2544806897640228,1.1810495312335831,0.959648946252528,0.6580042271175304,0.5629483134101826,0.7625095704320536,0.24727774983408612,0.3185875020588115,0.5278280933081094,fist
0.45507580041885376,0.7349756956100464,-2.4241023410809248e-08,0.37801894545555115,0.5596140027046204,0.013176142238080502,0.3244170546531677,0.4669065773487091,-0.06530922651290894,0.2580396831035614,0.43888553977012634,-0.1437426060438156,0.22430771589279175,0.44905519485473633,-0.22084522247314453,0.4347827136516571,0.3908645510673523,-0.22059322893619537,0.29789671301841736,0.3859320282936096,-0.24197213351726532,0.2774505913257599,0.4557065963745117,-0.18859970569610596,0.2925518751144409,0.4791659116744995,-0.15117207169532776,0.43731948733329773,0.48926499485969543,-0.26412585377693176,0.28068163990974426,0.49388110637664795,-0.27497994899749756,0.3012336492538452,0.5675008296966553,-0.18296140432357788,0.3442910313606262,0.577928364276886,-0.1255328506231308,0.42309099435806274,0.5841984152793884,-0.2963511049747467,0.2796657383441925,0.6029791235923767,-0.28401315212249756,0.30894866585731506,0.6566357612609863,-0.1908511221408844,0.35065367817878723,0.6526036262512207,-0.1466032713651657,0.40284326672554016,0.6593462228775024,-0.32854828238487244,0.29915639758110046,0.69929039478302,-0.31731534004211426,0.32231366634368896,0.7180917263031006,-0.27264535427093506,0.35727688670158386,0.7159538269042969,-0.25071072578430176,1.1869157894331306,0.9377060132335033,0.6355672873990269,0.5480442618856363,0.7469425665421938,0.28259992989999594,0.3167498578242831,0.5171535872743841,fist
0.46021080017089844,0.7376335859298706,1.6620422371715904e-08,0.38311296701431274,0.5617589950561523,0.0084336893633008,0.32878679037094116,0.4643181562423706,-0.07052334398031235,0.26119574904441833,0.43724584579467773,-0.14827574789524078,0.22402429580688477,0.45034241676330566,-0.225121408700943,0.44028010964393616,0.39145225286483765,-0.2217700183391571,0.29951828718185425,0.38510096073150635,-0.24312463402748108,0.2766147255897522,0.4508078694343567,-0.19093473255634308,0.2904079556465149,0.4743598997592926,-0.15409408509731293,0.441770076751709,0.49123653769493103,-0.26282748579978943,0.28179216384887695,0.4918469786643982,-0.2727382183074951,0.30110275745391846,0.5633236765861511,-0.18282583355903625,0.3452025055885315,0.5754616260528564,-0.1268855333328247,0.42603904008865356,0.5893737077713013,-0.29287728667259216,0.2781628370285034,0.6003684997558594,-0.28270307183265686,0.3063204288482666,0.6533633470535278,-0.19308777153491974,0.34961122274398804,0.6513718366622925,-0.1502806395292282,0.40359610319137573,0.6683754920959473,-0.3227362036705017,0.2953419089317322,0.6980692148208618,-0.31453993916511536,0.31891536712646484,0.7164095640182495,-0.2709504961967468,0.35582560300827026,0.7173836827278137,-0.24899543821811676,1.2051501011257109,0.9678235577864808,0.6538099884136793,0.5698530642522549,0.7505459781308709,0.27760579540116015,0.327581982446596,0.5198391866033295,fist
0.4605322778224945,0.7379777431488037,-9.163050407323681e-08,0.3833140730857849,0.567903995513916,0.015288589522242546,0.32955724000930786,0.4681747555732727,-0.05876440182328224,0.260432630777359,0.43676164746284485,-0.13401521742343903,0.22312133014202118,0.44729703664779663,-0.20890028774738312,0.4384448528289795,0.3873463273048401,-0.20681893825531006,0.29501357674598694,0.3842150866985321,-0.22623130679130554,0.27492594718933105,0.4535726308822632,-0.17555631697177887,0.29238003492355347,0.47686564922332764,-0.14104650914669037,0.44194602966308594,0.4834127426147461,-0.25043779611587524,0.27829214930534363,0.4939992427825928,-0.2611422538757324,0.2987719178199768,0.5667331218719482,-0.1769518256187439,0.34371256828308105,0.574115514755249,-0.12600204348564148,0.42802783846855164,0.578545093536377,-0.28272688388824463,0.2765148878097534,0.5996034145355225,-0.26988184452056885,0.3057464361190796,0.6530439257621765,-0.1837937831878662,0.35076817870140076,0.6518740653991699,-0.14527416229248047,0.4056931734085083,0.6574296951293945,-0.3148832321166992,0.2960807681083679,0.6949571371078491,-0.30768850445747375,0.318467378616333,0.7157655358314514,-0.26910197734832764,0.35599514842033386,0.7159807682037354,-0.2511952221393585,1.2011979483484054,0.9538917182305674,0.6639848967320551,0.5632513043584387,0.7633574658089456,0.28347411619547963,0.3103874279053142,0.5302335980147318,fist
0.45708054304122925,0.7349718809127808,-1.657583048597644e-08,0.37357524037361145,0.5583680272102356,0.01338087860494852,0.32269519567489624,0.46567657589912415,-0.06616339832544327,0.25848671793937683,0.43634217977523804,-0.14600156247615814,0.2255808264017105,0.44625046849250793,-0.22501003742218018,0.43401527404785156,0.38679397106170654,-0.21958334743976593,0.29716476798057556,0.38023510575294495,-0.24332012236118317,0.2722601294517517,0.4461975693702698,-0.19254180788993835,0.2837878167629242,0.47012436389923096,-0.15638893842697144,0.438138484954834,0.48617222905158997,-0.2634468674659729,0.28004759550094604,0.4911915361881256,-0.2748134136199951,0.3016539216041565,0.566904604434967,-0.18256671726703644,0.3473690450191498,0.5783243775367737,-0.12460535019636154,0.4248676896095276,0.5820038914680481,-0.2963428497314453,0.28046050667762756,0.5990379452705383,-0.28540730476379395,0.3093452751636505,0.6534571647644043,-0.19175246357917786,0.35214927792549133,0.6496769785881042,-0.14655892550945282,0.4048720896244049,0.6571801900863647,-0.32901090383529663,0.29856032133102417,0.6932107210159302,-0.317207396030426,0.32069459557533264,0.7137810587882996,-0.26996761560440063,0.3559383749961853,0.7146751880645752,-0.24605189263820648,1.193603215140079,0.9729256940368982,0.6290570824665264,0.5495622883269751,0.7352814006234115,0.25656413944196893,0.3567811735130253,0.5037679779852143,fist
0.4573294222354889,0.738910973072052,-5.386261392459346e-08,0.3773956596851349,0.5609341859817505,0.012257499620318413,0.32426053285598755,0.465410977602005,-0.06620273739099503,0.25771868228912354,0.43624427914619446,-0.14541979134082794,0.22040235996246338,0.44951626658439636,-0.22396504878997803,0.4406752586364746,0.38502931594848633,-0.21223993599414825,0.29687362909317017,0.38320237398147583,-0.23595361411571503,0.27354246377944946,0.4500735402107239,-0.1875622719526291,0.2865223288536072,0.4742875099182129,-0.1534598171710968,0.4448501467704773,0.4826103746891022,-0.2558201849460602,0.28055769205093384,0.4919024109840393,-0.2670759856700897,0.3000342547893524,0.5638817548751831,-0.17955869436264038,0.3445946276187897,0.5744722485542297,-0.1254335194826126,0.43045559525489807,0.5790780782699585,-0.28880128264427185,0.2801510691642761,0.600795567035675,-0.277807354927063,0.3072206676006317,0.6510270237922668,-0.18878130614757538,0.34972286224365234,0.6473467350006104,-0.1471555233001709,0.4086703658103943,0.6559046506881714,-0.3217850625514984,0.2993584871292114,0.6948199272155762,-0.3143993020057678,0.31973379850387573,0.714005708694458,-0.27241644263267517,0.35528576374053955,0.712234616279602,-0.2515535354614258,1.2031247519968828,0.9669304345224737,0.650073767754015,0.5630198124952981,0.7528019993579852,0.275382182723436,0.3288129284042835,0.5163111714213494,fist
0.45823487639427185,0.7353413701057434,-9.869814299179325e-09,0.37787529826164246,0.5593645572662354,0.01805781200528145,0.327701210975647,0.4648247957229614,-0.058146312832832336,0.26239854097366333,0.43577587604522705,-0.13463018834590912,0.22647283971309662,0.4426231384277344,-0.21077391505241394,0.43546879291534424,0.39240598678588867,-0.22130876779556274,0.2981639802455902,0.3812865614891052,-0.24065323173999786,0.27297526597976685,0.44630759954452515,-0.18571732938289642,0.28463321924209595,0.47135448455810547,-0.1468416303396225,0.43650296330451965,0.4888221025466919,-0.26464414596557617,0.2795776128768921,0.48876136541366577,-0.27288246154785156,0.29927605390548706,0.5630103945732117,-0.1776966154575348,0.344074547290802,0.5774827003479004,-0.11792164295911789,0.42151910066604614,0.5843122005462646,-0.2957625985145569,0.28002434968948364,0.5994481444358826,-0.2822377383708954,0.30692461133003235,0.6524748802185059,-0.18755416572093964,0.34878775477409363,0.6505233645439148,-0.1416691392660141,0.4004923105239868,0.6601895093917847,-0.3259114921092987,0.29757723212242126,0.6932482719421387,-0.310663640499115,0.3190588057041168,0.7131882905960083,-0.26234450936317444,0.35306355357170105,0.7173886895179749,-0.2381594479084015,1.1833108053425758,0.9615866253623433,0.6284984399379477,0.5467379404901732,0.7202486496274721,0.2513730856972999,0.34507817623424425,0.5097412454908865,fist
0.45536279678344727,0.7385060787200928,-6.391977791508907e-08,0.37576809525489807,0.5615018606185913,0.010669896379113197,0.322562038898468,0.4674954116344452,-0.06969473510980606,0.25758129358291626,0.4367963671684265,-0.15082769095897675,0.22144001722335815,0.4526735544204712,-0.230671226978302,0.43921947479248047,0.3849731683731079,-0.2153109461069107,0.29763996601104736,0.382124662399292,-0.24051417410373688,0.2749149203300476,0.4538186192512512,-0.1911795437335968,0.28970056772232056,0.47776105999946594,-0.15637846291065216,0.44373777508735657,0.48345747590065,-0.25976359844207764,0.28377044200897217,0.4914708435535431,-0.27455565333366394,0.3018416166305542,0.5663380026817322,-0.18811486661434174,0.34583818912506104,0.5742560029029846,-0.13429826498031616,0.43087151646614075,0.5793734788894653,-0.2936742305755615,0.2830406129360199,0.6034194231033325,-0.2853412926197052,0.3095943331718445,0.6568410992622375,-0.19714824855327606,0.3533167541027069,0.6526727676391602,-0.15592001378536224,0.4116586446762085,0.6571946144104004,-0.32780179381370544,0.3022589087486267,0.6999915838241577,-0.32120662927627563,0.3220580518245697,0.7205628156661987,-0.2793138027191162,0.3584437072277069,0.7185018658638,-0.2586665153503418,1.1955787839878944,0.950626660988912,0.6555412180981105,0.5632797747392057,0.7603758369065873,0.28543301298527546,0.3124384204889334,0.5240519401805014,fist
0.4548380374908447,0.7411618232727051,-1.0172385600526468e-07,0.37779635190963745,0.5688096284866333,0.02363368682563305,0.32738083600997925,0.47550854086875916,-0.0478370264172554,0.2637360990047455,0.4393334984779358,-0.1212773472070694,0.22878336906433105,0.44457265734672546,-0.19408856332302094,0.434012234210968,0.3923867344856262,-0.20966967940330505,0.29821059107780457,0.38570404052734375,-0.2295895367860794,0.2749287486076355,0.4533191919326782,-0.17604322731494904,0.28879353404045105,0.4798298478126526,-0.13759028911590576,0.4378683567047119,0.48678866028785706,-0.2559221088886261,0.2801666259765625,0.4951581358909607,-0.2647618055343628,0.2972058355808258,0.5644626617431641,-0.1712939441204071,0.34086185693740845,0.5755956172943115,-0.11176595836877823,0.4243985414505005,0.5822819471359253,-0.29029712080955505,0.2812449038028717,0.6038897037506104,-0.27837246656417847,0.30552220344543457,0.6524524688720703,-0.18507878482341766,0.34658685326576233,0.6520121693611145,-0.13838419318199158,0.40433236956596375,0.6605427265167236,-0.3234995901584625,0.2994188070297241,0.6945549249649048,-0.3109165132045746,0.31789490580558777,0.7099994421005249,-0.26427868008613586,0.35030248761177063,0.7149463891983032,-0.23944997787475586,1.1637865324539576,0.9379386379414025,0.6366712225243895,0.545402031613773,0.7269113148277728,0.24816462117946705,0.3101106609421638,0.5238641183183128,fist
0.45702797174453735,0.7372755408287048,1.098297364166001e-08,0.378359317779541,0.5608953833580017,0.014467407949268818,0.32698854804039,0.4663669466972351,-0.06292462348937988,0.2606600224971771,0.438285768032074,-0.14042292535305023,0.22421619296073914,0.4497835636138916,-0.21740984916687012,0.43204137682914734,0.3922240734100342,-0.2166217863559723,0.2929317057132721,0.38589924573898315,-0.23558133840560913,0.27249735593795776,0.45138341188430786,-0.18246929347515106,0.28669553995132446,0.4743945300579071,-0.14495158195495605,0.43509018421173096,0.4885060787200928,-0.25879618525505066,0.27872616052627563,0.4931325316429138,-0.2653631567955017,0.3019278049468994,0.5628757476806641,-0.17375478148460388,0.34615233540534973,0.571485161781311,-0.11700121313333511,0.4217897057533264,0.5828912854194641,-0.28923600912094116,0.27851957082748413,0.6023426651954651,-0.27190282940864563,0.30860036611557007,0.6531994342803955,-0.17924697697162628,0.3508552014827728,0.6482518911361694,-0.13610564172267914,0.4020382761955261,0.6588805913925171,-0.31947824358940125,0.29583120346069336,0.6964010000228882,-0.3015746772289276,0.32012808322906494,0.714984655380249,-0.2538120150566101,0.3557094931602478,0.7151937484741211,-0.23069725930690765,1.193102757176254,0.9597074991193799,0.6429526158578394,0.540042896239296,0.7032828486181212,0.2746898894422638,0.3259619708420984,0.5102121213189019,fist
0.4557953476905823,0.7430529594421387,-8.489753611229389e-08,0.3799494504928589,0.5695460438728333,0.02021080255508423,0.32531237602233887,0.472036212682724,-0.055060841143131256,0.2560581564903259,0.43968531489372253,-0.13269442319869995,0.2178780436515808,0.44873666763305664,-0.20976506173610687,0.4351949989795685,0.3896700441837311,-0.2051597535610199,0.2926817536354065,0.3868614435195923,-0.2256312221288681,0.27102044224739075,0.4556420147418976,-0.17499010264873505,0.28474777936935425,0.4788234531879425,-0.1402106136083603,0.4372180998325348,0.48897379636764526,-0.25321653485298157,0.27502337098121643,0.4962323009967804,-0.26268720626831055,0.29759737849235535,0.5714288949966431,-0.17548249661922455,0.34217196702957153,0.5797498226165771,-0.12263494729995728,0.42097681760787964,0.5852664709091187,-0.2898705303668976,0.2739611864089966,0.6023610234260559,-0.2756359577178955,0.3062521815299988,0.6572239398956299,-0.18599317967891693,0.35017356276512146,0.6556788682937622,-0.14563816785812378,0.39744463562965393,0.6633725166320801,-0.3261282742023468,0.29275184869766235,0.6980706453323364,-0.3162578344345093,0.31714901328086853,0.7193756103515625,-0.2739204466342926,0.3526931405067444,0.7182855606079102,-0.25392597913742065,1.2046361989784964,0.959305769724466,0.6506333581445113,0.556806023683978,0.7660921912693066,0.28137211772774107,0.326958839297739,0.5321766028498982,fist
0.45565497875213623,0.7276325225830078,-1.9902666181792483e-08,0.3741910755634308,0.5566465258598328,0.01199353951960802,0.32092392444610596,0.46360713243484497,-0.06565488129854202,0.25430798530578613,0.43632879853248596,-0.1431969851255417,0.22001807391643524,0.44746124744415283,-0.21992728114128113,0.42869633436203003,0.38613361120224,-0.2167840451002121,0.2915344536304474,0.3832382261753082,-0.23941317200660706,0.2697446346282959,0.44721105694770813,-0.18796415627002716,0.2836790680885315,0.4701218008995056,-0.15157736837863922,0.43330344557762146,0.48357123136520386,-0.25980523228645325,0.2738175094127655,0.488888144493103,-0.27191221714019775,0.2964023947715759,0.5636183023452759,-0.1825089454650879,0.34046661853790283,0.5744118094444275,-0.12656407058238983,0.42122137546539307,0.5779543519020081,-0.2919253706932068,0.27380242943763733,0.5968387126922607,-0.2823774814605713,0.30453020334243774,0.6527987718582153,-0.19197802245616913,0.34717416763305664,0.6491993069648743,-0.14891725778579712,0.40245741605758667,0.6538857221603394,-0.32387852668762207,0.2944047451019287,0.6914188861846924,-0.31431660056114197,0.31704556941986084,0.7148683071136475,-0.2700681984424591,0.35147690773010254,0.7164101600646973,-0.24821797013282776,1.1957303314599061,0.9652903345729011,0.6431328487375237,0.5606423404510866,0.7543556800732009,0.26910496014620805,0.3397738182852484,0.524434793122091,fist
0.45808130502700806,0.7393264770507812,-1.5264761543676286e-07,0.387418657541275,0.5739102959632874,0.0066130864433944225,0.32829153537750244,0.47250741720199585,-0.06518398225307465,0.2563513517379761,0.4369654059410095,-0.13789871335029602,0.21619616448879242,0.4546395540237427,-0.20974771678447723,0.44074222445487976,0.38347122073173523,-0.18566390872001648,0.2875726521015167,0.38650521636009216,-0.2064322680234909,0.2661910057067871,0.45290809869766235,-0.16251307725906372,0.28367939591407776,0.47490444779396057,-0.1335158795118332,0.4497619867324829,0.47700852155685425,-0.2268475890159607,0.2696935534477234,0.4934099316596985,-0.24391740560531616,0.29020366072654724,0.5657527446746826,-0.1741410791873932,0.3358953893184662,0.5689218640327454,-0.13238860666751862,0.43765467405319214,0.5710886120796204,-0.2587980329990387,0.26817619800567627,0.6002328395843506,-0.2532040476799011,0.3001743257045746,0.6508978605270386,-0.18091681599617004,0.3482929468154907,0.6469728946685791,-0.1507028490304947,0.4158066511154175,0.6541435122489929,-0.2913428544998169,0.29109513759613037,0.6969379186630249,-0.2924756407737732,0.3145643174648285,0.7193542718887329,-0.26197549700737,0.3551178574562073,0.7168701887130737,-0.2488834261894226,1.2350099550334084,0.9909056194095814,0.7148420690790126,0.5998021661302817,0.7791128902462928,0.29924163141940624,0.3100314324203936,0.5456487926389156,fist
0.4573444724082947,0.7323485016822815,-4.877752957099801e-08,0.3757060766220093,0.5598729848861694,0.02461356483399868,0.3241276144981384,0.46922850608825684,-0.04832776263356209,0.2588730454444885,0.43613672256469727,-0.12436031550168991,0.21984295547008514,0.44256138801574707,-0.1996980756521225,0.43012285232543945,0.38750267028808594,-0.20636236667633057,0.29249051213264465,0.3846912384033203,-0.23421181738376617,0.2681915760040283,0.44910818338394165,-0.18702314794063568,0.28069940209388733,0.47272467613220215,-0.15212154388427734,0.4328734278678894,0.48162397742271423,-0.2557828426361084,0.27308642864227295,0.48995378613471985,-0.2733030915260315,0.29125136137008667,0.5617835521697998,-0.18347392976284027,0.3365735411643982,0.5727789998054504,-0.12453820556402206,0.41964229941368103,0.5763313174247742,-0.2939509153366089,0.2754514813423157,0.6019484400749207,-0.29018378257751465,0.2995562255382538,0.6527489423751831,-0.19617903232574463,0.34100037813186646,0.6488515138626099,-0.14676755666732788,0.40085870027542114,0.6543133854866028,-0.33092591166496277,0.2943814992904663,0.6947916150093079,-0.3231614828109741,0.3119490146636963,0.7139803767204285,-0.27535176277160645,0.3458508551120758,0.7151267528533936,-0.2482980489730835,1.182628271991008,0.9719138697072901,0.6565497699001042,0.5711758913195232,0.7596634424060213,0.2309883933564573,0.3283242613964317,0.5260402836041207,fist
0.4534928798675537,0.7302131652832031,-1.9547092833249735e-08,0.3767703175544739,0.556609034538269,0.007333635818213224,0.32154902815818787,0.4588012099266052,-0.07198347896337509,0.2540711462497711,0.43011149764060974,-0.15010906755924225,0.21872735023498535,0.44746237993240356,-0.22744488716125488,0.4361865222454071,0.38623276352882385,-0.21974395215511322,0.2946999669075012,0.38035503029823303,-0.2401735782623291,0.27204564213752747,0.44669097661972046,-0.18814177811145782,0.28491780161857605,0.4692220985889435,-0.15224391222000122,0.43972960114479065,0.4838814437389374,-0.2595498859882355,0.27867987751960754,0.4882609248161316,-0.270866334438324,0.29830920696258545,0.5595093965530396,-0.18488705158233643,0.34069254994392395,0.5693790912628174,-0.1321752816438675,0.4254046678543091,0.5794918537139893,-0.28794243931770325,0.2767600119113922,0.5989052057266235,-0.27606871724128723,0.3056609630584717,0.6495134234428406,-0.18914355337619781,0.3493669927120209,0.6466831564903259,-0.14965301752090454,0.4030027985572815,0.6559990644454956,-0.3164362907409668,0.29419028759002686,0.6943604946136475,-0.30930712819099426,0.31720221042633057,0.7144016027450562,-0.2690715789794922,0.354646772146225,0.7143240571022034,-0.24991652369499207,1.2069164305578062,0.9661948636662971,0.6611945689430337,0.5600055714071492,0.7518109039626795,0.2862819191428417,0.32500133195566117,0.5229299883816529,fist
0.4553975462913513,0.7364548444747925,1.7264774054837062e-09,0.3734793961048126,0.5608944296836853,0.006784902885556221,0.3222178518772125,0.46687042713165283,-0.07091864943504333,0.2605994939804077,0.4363252520561218,-0.14646585285663605,0.22631409764289856,0.4418383538722992,-0.22131961584091187,0.432394802570343,0.3860025405883789,-0.22389353811740875,0.29804787039756775,0.37900155782699585,-0.24309317767620087,0.27231353521347046,0.443239688873291,-0.18957655131816864,0.28416869044303894,0.4675275981426239,-0.1508822739124298,0.439237117767334,0.48259302973747253,-0.26026973128318787,0.2855476140975952,0.490582674741745,-0.26688632369041443,0.29801249504089355,0.5556985139846802,-0.1750895231962204,0.3391228914260864,0.5651192665100098,-0.11736826598644257,0.428717702627182,0.5797565579414368,-0.28539150953292847,0.28778883814811707,0.6008362174034119,-0.2718886137008667,0.3062499165534973,0.6465940475463867,-0.18251213431358337,0.34513160586357117,0.6425882577896118,-0.13921689987182617,0.4103730022907257,0.6568979024887085,-0.3103541433811188,0.3029296398162842,0.6947205066680908,-0.29670092463493347,0.31565043330192566,0.7081865072250366,-0.2519114315509796,0.3464961051940918,0.7091705799102783,-0.22908787429332733,1.1922211027967875,0.9691678953152458,0.6540048433811855,0.551954937753667,0.70100058974044,0.260218029864821,0.3212316883318842,0.5013150549026899,fist
0.4596750736236572,0.7370868921279907,-1.5881095549730162e-08,0.3786596953868866,0.5577940344810486,0.0037380049470812082,0.32540977001190186,0.461345374584198,-0.07530368119478226,0.260071337223053,0.4330516755580902,-0.15191152691841125,0.22416061162948608,0.44384869933128357,-0.22745315730571747,0.43897461891174316,0.3856368660926819,-0.22548463940620422,0.29694148898124695,0.37862300872802734,-0.24591843783855438,0.27276813983917236,0.4441249966621399,-0.19236572086811066,0.28657296299934387,0.46889668703079224,-0.1536611169576645,0.4433009922504425,0.48243072628974915,-0.2614997923374176,0.2814580202102661,0.4905420243740082,-0.2709103226661682,0.29663053154945374,0.5570213198661804,-0.18120083212852478,0.3398175537586212,0.566946268081665,-0.12489581853151321,0.4302135407924652,0.5783942341804504,-0.286607950925827,0.28191104531288147,0.599392831325531,-0.27552321553230286,0.3041629195213318,0.6463907361030579,-0.1886880248785019,0.34584125876426697,0.6420262455940247,-0.14724093675613403,0.4104095995426178,0.6548473834991455,-0.3118366599082947,0.2987549304962158,0.6912771463394165,-0.30159792304039,0.3141442835330963,0.7061452865600586,-0.25983574986457825,0.34692615270614624,0.7062618732452393,-0.2390860617160797,1.202960033031209,0.9695798842481491,0.6642970615435907,0.5719688811723044,0.728367150194344,0.2732508343709076,0.3153510127162418,0.49339155090100556,fist
0.5370872616767883,0.6815429329872131,-4.1329846567350614e-07,0.48400965332984924,0.5034414529800415,-0.02143680676817894,0.467808336019516,0.39996135234832764,-0.08949672430753708,0.452446311712265,0.3264293670654297,-0.15679484605789185,0.4448525905609131,0.3121093213558197,-0.2217046320438385,0.6508554220199585,0.3162021040916443,-0.15770649909973145,0.5095800161361694,0.2787508964538574,-0.19555579125881195,0.47064876556396484,0.3497060239315033,-0.17716197669506073,0.49324172735214233,0.3823869824409485,-0.1636156439781189,0.6671954989433289,0.41496196389198303,-0.18810223042964935,0.49926960468292236,0.37433597445487976,-0.21943295001983643,0.47030872106552124,0.44829261302948,-0.17292073369026184,0.5046012997627258,0.4643801152706146,-0.1431451141834259,0.6562861204147339,0.5213167667388916,-0.21534359455108643,0.4855755865573883,0.49329203367233276,-0.23032069206237793,0.46895408630371094,0.5459545850753784,-0.16996318101882935,0.5060445666313171,0.5641381740570068,-0.13980889320373535,0.6298762559890747,0.6201602220535278,-0.24608014523983002,0.495941698551178,0.6001100540161133,-0.2595292925834656,0.4854215979576111,0.6213224530220032,-0.23054449260234833,0.5201846957206726,0.6324880123138428,-0.2126360535621643,1.2544186694827424,0.9787412484406082,0.7462411709538908,0.527220565031202,0.6231299284872809,0.2938705653627284,0.24276128873480116,0.5197745265527542,fist
0.5453970432281494,0.6812699437141418,-1.91107901059695e-07,0.5000638365745544,0.4852702021598816,-0.009009546600282192,0.4776121973991394,0.38295644521713257,-0.08894013613462448,0.4621303379535675,0.3104814291000366,-0.17084859311580658,0.4641280770301819,0.2915534973144531,-0.2483144849538803,0.660651683807373,0.326535165309906,-0.19688549637794495,0.5422475934028625,0.2787609100341797,-0.2454204559326172,0.4955047070980072,0.3461686968803406,-0.21917207539081573,0.5122710466384888,0.38406598567962646,-0.19862817227840424,0.668881893157959,0.4272972345352173,-0.2417648285627365,0.540022611618042,0.3655184507369995,-0.27945035696029663,0.48848462104797363,0.4371771216392517,-0.20453020930290222,0.518906831741333,0.4677196145057678,-0.1521342247724533,0.6552908420562744,0.5317648649215698,-0.2834043800830841,0.5198771357536316,0.4793938994407654,-0.3026820719242096,0.476609468460083,0.5349912643432617,-0.2138044834136963,0.508857250213623,0.5695194005966187,-0.1629917323589325,0.6309943199157715,0.6244208812713623,-0.3289608955383301,0.525029718875885,0.5915806293487549,-0.3425648808479309,0.4952155351638794,0.6052906513214111,-0.30374500155448914,0.5174121260643005,0.630348801612854,-0.2790642976760864,1.2621080929563298,0.9656891457338156,0.7088926080048449,0.5406027625880178,0.7667662619517781,0.3107444970765621,0.25806174750827826,0.5549491788450667,fist
0.5358867049217224,0.6677960157394409,-5.185405029806134e-07,0.5031931400299072,0.4892367422580719,-0.0166640467941761,0.4913000464439392,0.3773229420185089,-0.08443694561719894,0.4868197441101074,0.2933511734008789,-0.15343362092971802,0.4982239603996277,0.27585726976394653,-0.21727974712848663,0.6898603439331055,0.3421180546283722,-0.15383189916610718,0.5738233327865601,0.28066539764404297,-0.19349516928195953,0.5217718482017517,0.347114622592926,-0.17094700038433075,0.5363146066665649,0.38461199402809143,-0.15465496480464935,0.7006118893623352,0.4374343752861023,-0.19067613780498505,0.5615279078483582,0.36934542655944824,-0.22632433474063873,0.5096567869186401,0.4490630030632019,-0.17018142342567444,0.5429426431655884,0.48304831981658936,-0.1309475600719452,0.6883702278137207,0.5351342558860779,-0.22628462314605713,0.545838475227356,0.4754375219345093,-0.24543140828609467,0.5073643922805786,0.5342931747436523,-0.17628180980682373,0.5416985750198364,0.5685712695121765,-0.13857293128967285,0.6643468141555786,0.6236193776130676,-0.2663205862045288,0.5553394556045532,0.5836392641067505,-0.28207719326019287,0.519193708896637,0.6055234670639038,-0.25266191363334656,0.5367836952209473,0.6322522163391113,-0.23416532576084137,1.3172438172245002,0.9450975751098147,0.6636015347006731,0.4995017632106273,0.6937430340670871,0.3841459135083432,0.29720432777316563,0.531715449395043,fist
0.5384887456893921,0.6832284331321716,-6.07776485139766e-07,0.5031912326812744,0.5092033743858337,-0.035436347126960754,0.5027806758880615,0.37977758049964905,-0.08550222218036652,0.509952187538147,0.2861757278442383,-0.13469107449054718,0.5395429730415344,0.28547683358192444,-0.17535141110420227,0.7154197692871094,0.33264636993408203,-0.06910786777734756,0.5969639420509338,0.26888322830200195,-0.11602512747049332,0.5498385429382324,0.33804792165756226,-0.12763331830501556,0.5667985677719116,0.37466293573379517,-0.13465023040771484,0.7392555475234985,0.41954681277275085,-0.08709283918142319,0.5820288062095642,0.3527652621269226,-0.13102903962135315,0.5360656976699829,0.43001678586006165,-0.11758727580308914,0.572801947593689,0.4622499346733093,-0.10431837290525436,0.7282558679580688,0.5168734788894653,-0.11072476953268051,0.5757677555084229,0.44865521788597107,-0.14431358873844147,0.5337362289428711,0.5070767998695374,-0.10914036631584167,0.5646605491638184,0.5403788089752197,-0.08590709418058395,0.6955522894859314,0.6083889007568359,-0.1406046748161316,0.5658579468727112,0.5649413466453552,-0.16680149734020233,0.5376461148262024,0.5976685881614685,-0.15460528433322906,0.565129816532135,0.6261162757873535,-0.14189107716083527,1.268547171985713,0.9859497304151031,0.7201183770241695,0.49241088412661205,0.4530807824994563,0.29694294882807243,0.27106324254832004,0.49112802219865465,fist
0.5408177971839905,0.683875322341919,-4.785727014677832e-07,0.5175794959068298,0.5001808404922485,-0.03222926706075668,0.5187875032424927,0.38280847668647766,-0.10030807554721832,0.5289859771728516,0.2945988178253174,-0.1706739068031311,0.5573587417602539,0.2769124209880829,-0.23283085227012634,0.732315719127655,0.33754926919937134,-0.09059443324804306,0.6220118403434753,0.2650702893733978,-0.1415741741657257,0.5746380090713501,0.3301321268081665,-0.14117874205112457,0.5885456800460815,0.3701193332672119,-0.13806496560573578,0.7550532817840576,0.4264075458049774,-0.11886361241340637,0.609963595867157,0.34172743558883667,-0.16646254062652588,0.5561321973800659,0.43130213022232056,-0.13561958074569702,0.5931557416915894,0.46735304594039917,-0.10811490565538406,0.7461094260215759,0.5258335471153259,-0.15290316939353943,0.6005951762199402,0.4440205693244934,-0.1846008002758026,0.5557088255882263,0.5129867792129517,-0.13414692878723145,0.5878150463104248,0.5484779477119446,-0.10306188464164734,0.7189639210700989,0.6158442497253418,-0.19353820383548737,0.596996009349823,0.5596867203712463,-0.21637964248657227,0.5642393231391907,0.5943395495414734,-0.1977408528327942,0.588986873626709,0.6210395693778992,-0.18241555988788605,1.3200299658593706,0.9737965530350814,0.6966853308375069,0.4966951899582275,0.5595139349508785,0.38415176589311006,0.28656051584395814,0.480448298622019,fist
0.5343002080917358,0.6900266408920288,-6.917321115906816e-07,0.512326180934906,0.5249406695365906,-0.040895938873291016,0.5299015641212463,0.3924124836921692,-0.09063667804002762,0.5513439178466797,0.29306551814079285,-0.13984885811805725,0.5865986347198486,0.2760370373725891,-0.17892028391361237,0.7459725737571716,0.3519195020198822,-0.04183468595147133,0.6495124101638794,0.26935338973999023,-0.09008442610502243,0.5995234251022339,0.3335157036781311,-0.10471177101135254,0.61198490858078,0.3724851608276367,-0.11172651499509811,0.7778939008712769,0.43317824602127075,-0.05391255393624306,0.6329847574234009,0.3499165177345276,-0.09929028898477554,0.5803449749946594,0.43573346734046936,-0.08889945596456528,0.6130305528640747,0.4717988967895508,-0.07352080196142197,0.7739133834838867,0.5249483585357666,-0.0748516097664833,0.6261921525001526,0.45095446705818176,-0.1084805354475975,0.5799763798713684,0.5174681544303894,-0.07840235531330109,0.6078922152519226,0.5465904474258423,-0.05592242628335953,0.747988224029541,0.6091616153717041,-0.1029830053448677,0.620123028755188,0.5562248229980469,-0.12259718030691147,0.587815523147583,0.5972293615341187,-0.11131119728088379,0.6112683415412903,0.6228792667388916,-0.09879808127880096,1.2679559281755368,0.9648061780540194,0.6796549973982942,0.47654248153401285,0.3968601188035905,0.3358445693972943,0.2971859454342555,0.4278192821238195,fist
0.5354017019271851,0.7030011415481567,-6.224857997949584e-07,0.5222340822219849,0.530021607875824,-0.03296532854437828,0.5392761826515198,0.3933716416358948,-0.08715467154979706,0.5620229244232178,0.2876795530319214,-0.1453651636838913,0.6053246259689331,0.2802339494228363,-0.19380077719688416,0.753038763999939,0.36389222741127014,-0.0363420806825161,0.6680294871330261,0.27757012844085693,-0.08853282034397125,0.6162876486778259,0.3395363390445709,-0.10054147988557816,0.6294830441474915,0.3783528804779053,-0.10527295619249344,0.7852506637573242,0.44268035888671875,-0.05748665705323219,0.6587284803390503,0.3511587977409363,-0.10576783865690231,0.5938453078269958,0.4386066198348999,-0.08831845968961716,0.6282183527946472,0.4739096462726593,-0.06648152321577072,0.781859815120697,0.5346990823745728,-0.08845512568950653,0.6526803374290466,0.449527382850647,-0.12528236210346222,0.5958229303359985,0.5200936198234558,-0.08805924654006958,0.6245927810668945,0.5551208853721619,-0.0602911077439785,0.7575007081031799,0.6213862895965576,-0.12630674242973328,0.6403034329414368,0.563814103603363,-0.1463647037744522,0.6022151708602905,0.6013075709342957,-0.13218995928764343,0.6259527802467346,0.6296961903572083,-0.11822796612977982,1.2871742265147614,0.9689295673814796,0.7005569222467952,0.500631558252636,0.4542886048059574,0.36768903841886,0.2822823792289485,0.4493267778949622,fist
0.5327324867248535,0.697353720664978,-6.133652732387418e-07,0.5267930030822754,0.5304797291755676,-0.04414430633187294,0.5439797639846802,0.3914373517036438,-0.10583918541669846,0.5702638626098633,0.28951114416122437,-0.1697598546743393,0.6247811317443848,0.2850787341594696,-0.2224074900150299,0.760634183883667,0.3722248077392578,-0.049165304750204086,0.6812909245491028,0.2795359790325165,-0.10877561569213867,0.6253061294555664,0.3406708836555481,-0.11853960156440735,0.635073184967041,0.3812151551246643,-0.11928631365299225,0.7925509214401245,0.452385276556015,-0.06608112156391144,0.6751924753189087,0.351756751537323,-0.12097050249576569,0.5996897220611572,0.4470732510089874,-0.0970999076962471,0.6341562271118164,0.4816872179508209,-0.06738511472940445,0.7905290126800537,0.5442200899124146,-0.09484001994132996,0.6606236100196838,0.45784080028533936,-0.13726402819156647,0.6000162959098816,0.5345513224601746,-0.09481074661016464,0.6327582001686096,0.5668553113937378,-0.0612821988761425,0.7683069705963135,0.6297286152839661,-0.1314297914505005,0.6505768895149231,0.5717483758926392,-0.1534607857465744,0.6097586154937744,0.6118872165679932,-0.13693657517433167,0.6347519159317017,0.6375126242637634,-0.12028275430202484,1.314578685371539,0.9721786132973049,0.6819875613538959,0.4831857613411676,0.46451395058605827,0.3892486460213008,0.3114069179621689,0.453138847684253,fist
0.5378930568695068,0.7102695107460022,-5.770700681750895e-07,0.5324963927268982,0.5371739864349365,-0.03799319639801979,0.551541805267334,0.3968883156776428,-0.10286283493041992,0.5824538469314575,0.2962034344673157,-0.17287661135196686,0.6393157839775085,0.2925558090209961,-0.23165568709373474,0.7650664448738098,0.379130482673645,-0.04885127395391464,0.6952257752418518,0.28727540373802185,-0.1105373278260231,0.6336994767189026,0.34326472878456116,-0.11723919212818146,0.6389131546020508,0.38105446100234985,-0.11560848355293274,0.7975736260414124,0.4597742557525635,-0.07362862676382065,0.6891900300979614,0.3576563596725464,-0.13036920130252838,0.6043714284896851,0.4513469934463501,-0.10011396557092667,0.6387723088264465,0.48836037516593933,-0.06527049094438553,0.7955408096313477,0.551314651966095,-0.1106933057308197,0.671713650226593,0.46134328842163086,-0.1538705825805664,0.6029709577560425,0.5384410619735718,-0.10449498146772385,0.6352258920669556,0.5741384029388428,-0.06717512011528015,0.7752352356910706,0.6362460851669312,-0.15561550855636597,0.6584732532501221,0.5790483355522156,-0.17934907972812653,0.6137861013412476,0.6190078258514404,-0.16101664304733276,0.6394471526145935,0.6457223892211914,-0.14356030523777008,1.3260185479856537,0.9864464983879168,0.6852787983336754,0.4896938723789721,0.5086856522163025,0.39631922158280697,0.3218689608055126,0.47729967827666214,fist
0.543928861618042,0.7149623036384583,-4.1917988369277737e-07,0.5405482053756714,0.5306835770606995,-0.03429524600505829,0.5567046403884888,0.3915961682796478,-0.10732599347829819,0.5868219137191772,0.296336829662323,-0.18710003793239594,0.6439926624298096,0.2998570203781128,-0.2564186453819275,0.7702887654304504,0.39249205589294434,-0.06115546450018883,0.7008005976676941,0.29346370697021484,-0.1257701963186264,0.6401304602622986,0.35130858421325684,-0.13113591074943542,0.6537704467773438,0.38616880774497986,-0.12939277291297913,0.798344612121582,0.47672364115715027,-0.0932106226682663,0.6986408233642578,0.3638983964920044,-0.15260811150074005,0.6124222278594971,0.46092545986175537,-0.11531990766525269,0.6515211462974548,0.49952197074890137,-0.07538637518882751,0.7932797074317932,0.5678496360778809,-0.1373254507780075,0.6768250465393066,0.4691464602947235,-0.18001826107501984,0.6061542630195618,0.5480916500091553,-0.12343532592058182,0.6449888944625854,0.5847156643867493,-0.08258591592311859,0.7736713290214539,0.6494347453117371,-0.18917953968048096,0.6605030298233032,0.5907549262046814,-0.2109377533197403,0.6160192489624023,0.6297209858894348,-0.18938477337360382,0.645963191986084,0.6567127108573914,-0.1713091880083084,1.3804794751598823,1.0255573254896584,0.6993877436696256,0.5110491800706443,0.5757474693203242,0.4265178046379099,0.34806743379738964,0.510623029666384,fist
0.545082688331604,0.7145897150039673,-3.414057232475898e-07,0.545933187007904,0.5271584391593933,-0.024317102506756783,0.560890793800354,0.3909197151660919,-0.10105249285697937,0.5885006785392761,0.29818975925445557,-0.1875491440296173,0.649061381816864,0.30797380208969116,-0.264491468667984,0.7727253437042236,0.3984631896018982,-0.06608723104000092,0.704465925693512,0.2980464696884155,-0.13089138269424438,0.6423954963684082,0.34939873218536377,-0.13338978588581085,0.6553723812103271,0.3807605504989624,-0.13008183240890503,0.7967197299003601,0.4844749867916107,-0.10762759298086166,0.7030985355377197,0.36605703830718994,-0.16598853468894958,0.6143930554389954,0.45929428935050964,-0.12213826924562454,0.6543130278587341,0.5009604692459106,-0.07852654159069061,0.7891448736190796,0.5759565830230713,-0.16026808321475983,0.6804936528205872,0.4687049686908722,-0.19980230927467346,0.6055557727813721,0.5438164472579956,-0.1352628469467163,0.6456203460693359,0.5847378373146057,-0.09096676111221313,0.7680020332336426,0.6571211814880371,-0.22021053731441498,0.663859486579895,0.5927218198776245,-0.23972155153751373,0.6160122752189636,0.6247020959854126,-0.21387480199337006,0.6433150172233582,0.6548195481300354,-0.1939448118209839,1.3873770094780737,1.0483716154543827,0.7060326333580442,0.5250243439089468,0.6305556158225029,0.4278363237061903,0.3657830412838703,0.5387780875686695,fist
0.5432584285736084,0.7189757227897644,-3.8560207826776605e-07,0.5440115928649902,0.534741997718811,-0.02144991047680378,0.5598427653312683,0.3989151120185852,-0.09609853476285934,0.5894134640693665,0.30510401725769043,-0.1813802421092987,0.6510961651802063,0.31165704131126404,-0.2565268874168396,0.7692614793777466,0.39810553193092346,-0.05846334248781204,0.7028611302375793,0.2937425673007965,-0.12445865571498871,0.6393982768058777,0.3464469313621521,-0.12741826474666595,0.6499848961830139,0.38218390941619873,-0.12373801320791245,0.7956789135932922,0.4836302399635315,-0.1011526882648468,0.7022325396537781,0.36574625968933105,-0.16051454842090607,0.6126673817634583,0.46140336990356445,-0.11796069890260696,0.6532802581787109,0.5019001960754395,-0.0745888203382492,0.7902401685714722,0.5752394199371338,-0.15527412295341492,0.6802147626876831,0.47024136781692505,-0.19658170640468597,0.6049416065216064,0.5479353070259094,-0.13387805223464966,0.6454212069511414,0.5859463810920715,-0.09022345393896103,0.7706736922264099,0.6559996008872986,-0.216426283121109,0.660313069820404,0.5956392288208008,-0.23689408600330353,0.6141574382781982,0.6320034861564636,-0.21251180768013,0.6452834010124207,0.6605008840560913,-0.1933232992887497,1.3716706179347107,1.0408929866729157,0.7077732980857444,0.529589393339165,0.6291934786292004,0.4180928222809966,0.3599627634260854,0.5513467241761353,fist
0.5419352054595947,0.7219308614730835,-4.5031623585600755e-07,0.542009174823761,0.5333845615386963,-0.019885968416929245,0.5606768131256104,0.39671361446380615,-0.09042952954769135,0.5911864638328552,0.3023795485496521,-0.17052313685417175,0.6523194313049316,0.3065348267555237,-0.24036391079425812,0.7727840542793274,0.4013209939002991,-0.05978546291589737,0.7026242017745972,0.2947070598602295,-0.12068060040473938,0.6398859024047852,0.34964707493782043,-0.12107378989458084,0.6507990956306458,0.38550248742103577,-0.11667416244745255,0.7999378442764282,0.48635879158973694,-0.10129941999912262,0.7011668086051941,0.3665306270122528,-0.1557064801454544,0.6151513457298279,0.46148353815078735,-0.11282170563936234,0.6556410193443298,0.5044980049133301,-0.07087428867816925,0.792704701423645,0.57982337474823,-0.15301991999149323,0.6826964616775513,0.47154882550239563,-0.19078674912452698,0.6082322001457214,0.5464878678321838,-0.12742818892002106,0.6461095809936523,0.5871007442474365,-0.0843353420495987,0.7696099877357483,0.6620727777481079,-0.21159006655216217,0.6593776345252991,0.5985723733901978,-0.23253682255744934,0.6122528910636902,0.6315234899520874,-0.20840676128864288,0.6415867209434509,0.6608936786651611,-0.1891612708568573,1.353792121196808,1.023626196826483,0.7021101346014698,0.5226385782971953,0.611242890721917,0.4034414803905928,0.350772036734854,0.5404470408512642,fist
0.5350825786590576,0.7137273550033569,-5.653546963912959e-07,0.5321066975593567,0.544201135635376,-0.03871243819594383,0.5582239627838135,0.39961573481559753,-0.10261363536119461,0.5985929369926453,0.29984065890312195,-0.17134302854537964,0.6633267998695374,0.302054762840271,-0.22898906469345093,0.7733551859855652,0.3997461497783661,-0.043927621096372604,0.7102221846580505,0.2988390326499939,-0.10700009763240814,0.6550388932228088,0.3320391774177551,-0.11583595722913742,0.6598552465438843,0.3551592230796814,-0.11512672901153564,0.80841064453125,0.4830074608325958,-0.06799472123384476,0.7018327713012695,0.3710615038871765,-0.12326721101999283,0.61599200963974,0.46302875876426697,-0.08966940641403198,0.6509316563606262,0.5033928751945496,-0.05170247331261635,0.8051925897598267,0.5757928490638733,-0.1056525707244873,0.68375164270401,0.4769982695579529,-0.14772294461727142,0.6113631725311279,0.5511292219161987,-0.09557853639125824,0.6445931792259216,0.5869771838188171,-0.05591205880045891,0.7825745344161987,0.6596747636795044,-0.15164685249328613,0.6632958650588989,0.5979392528533936,-0.17569532990455627,0.6169371604919434,0.6361545920372009,-0.1581135392189026,0.6448723673820496,0.6635773777961731,-0.14092758297920227,1.3409145242129523,1.0896340617960318,0.6746383294748493,0.48501512293852517,0.5096255615132224,0.34520062656199474,0.443510234258091,0.5038770661436582,fist
0.5447506904602051,0.7199016809463501,-4.0198000306190806e-07,0.5445945262908936,0.5375332236289978,-0.033172525465488434,0.5666972398757935,0.39517149329185486,-0.1058049276471138,0.6020227074623108,0.300545334815979,-0.18736982345581055,0.665961503982544,0.3065983057022095,-0.25790828466415405,0.7758455872535706,0.4037091135978699,-0.051214903593063354,0.7206358313560486,0.30158382654190063,-0.12216011434793472,0.658719003200531,0.33372724056243896,-0.12977659702301025,0.6619395017623901,0.35392218828201294,-0.12738271057605743,0.8047165870666504,0.4873899519443512,-0.08653215318918228,0.7121278643608093,0.3720402717590332,-0.15078020095825195,0.6179860234260559,0.46589821577072144,-0.10985079407691956,0.6538628935813904,0.5061664581298828,-0.06444033980369568,0.8006625175476074,0.5792890191078186,-0.13654547929763794,0.6905670166015625,0.47391003370285034,-0.1860993206501007,0.6120070815086365,0.5542395114898682,-0.12563614547252655,0.6496148705482483,0.5914313197135925,-0.07942095398902893,0.7831210494041443,0.6615798473358154,-0.19479259848594666,0.669483482837677,0.6002187132835388,-0.2226373702287674,0.6206969618797302,0.6397044658660889,-0.20192624628543854,0.6534258723258972,0.6670595407485962,-0.18272635340690613,1.3970338040100025,1.1266069243621257,0.6914617959729834,0.5116781999620379,0.60962653340631,0.38652562832682513,0.4589961277573495,0.5557135090962945,fist
0.5414755940437317,0.7122026681900024,-5.96802067320823e-07,0.5415446758270264,0.5374113917350769,-0.03344118595123291,0.5738885402679443,0.3911364674568176,-0.09395866841077805,0.6199373602867126,0.2903084456920624,-0.16066785156726837,0.6784650087356567,0.30928540229797363,-0.21551118791103363,0.7863044142723083,0.40538913011550903,-0.03522282838821411,0.7273344993591309,0.3066694736480713,-0.09777966886758804,0.6651525497436523,0.34624144434928894,-0.10494334995746613,0.664922833442688,0.371868371963501,-0.10329338908195496,0.8186025619506836,0.4883926510810852,-0.06241168826818466,0.7171246409416199,0.3725820481777191,-0.12140176445245743,0.6250086426734924,0.4676377475261688,-0.08896289765834808,0.6611196994781494,0.5077475905418396,-0.05019240081310272,0.814199686050415,0.5809988379478455,-0.10295882821083069,0.6967137455940247,0.4800986349582672,-0.14860792458057404,0.6222291588783264,0.5557079911231995,-0.09704772382974625,0.6567819714546204,0.5926809906959534,-0.055898990482091904,0.7899042367935181,0.6653169393539429,-0.15129956603050232,0.6737824082374573,0.6013096570968628,-0.1753043532371521,0.6273358464241028,0.6398482322692871,-0.15652348101139069,0.6568620800971985,0.6664670705795288,-0.13802193105220795,1.3190481091360908,1.041020535071448,0.669577085762836,0.48453826407225614,0.5132742838296782,0.3572600134296355,0.4035355649242716,0.5017363902393606,fist
0.5500136613845825,0.7172507047653198,-4.488243519062962e-07,0.5480294227600098,0.5369758605957031,-0.03262469917535782,0.5809289813041687,0.38876187801361084,-0.09775271266698837,0.6279904842376709,0.29828941822052,-0.17254015803337097,0.6919515132904053,0.31015920639038086,-0.23623403906822205,0.7864074110984802,0.4078375995159149,-0.027127737179398537,0.7439033389091492,0.30788522958755493,-0.10095763951539993,0.6904705762863159,0.3167227506637573,-0.11557696014642715,0.6876961588859558,0.3223835825920105,-0.11661595851182938,0.8180193305015564,0.4892711937427521,-0.059911806136369705,0.7331215143203735,0.3776737153530121,-0.12684676051139832,0.6366169452667236,0.46469056606292725,-0.09338404983282089,0.6709125638008118,0.5013766884803772,-0.0514414981007576,0.815026044845581,0.577660322189331,-0.10924781113862991,0.7102835774421692,0.4780508279800415,-0.16412453353405,0.6299183964729309,0.5533735752105713,-0.1116349846124649,0.6657595038414001,0.5880117416381836,-0.06801837682723999,0.7977612614631653,0.6580547094345093,-0.16662584245204926,0.6860352158546448,0.5992799401283264,-0.19607152044773102,0.6349126100540161,0.6390087008476257,-0.17831382155418396,0.666735053062439,0.6659736633300781,-0.16034753620624542,1.3773559634218762,1.2163455438708193,0.7080410411959265,0.5221054518186775,0.5739444220106349,0.3370963206164264,0.5357713571627248,0.5530893342809139,fist
0.5596719980239868,0.7227962017059326,-3.8266736623882025e-07,0.5569422245025635,0.5330186486244202,-0.018056824803352356,0.5876213312149048,0.38695791363716125,-0.08200949430465698,0.632365345954895,0.2988983690738678,-0.16106267273426056,0.6970393061637878,0.31527960300445557,-0.2301183044910431,0.7869759798049927,0.4147343635559082,-0.013907263986766338,0.7500524520874023,0.3100079596042633,-0.09044782817363739,0.6966949701309204,0.3132587671279907,-0.1061481162905693,0.6917904615402222,0.31880101561546326,-0.10651468485593796,0.8145891427993774,0.4940778315067291,-0.05733891949057579,0.7369334101676941,0.3801708519458771,-0.12666231393814087,0.6408803462982178,0.46821144223213196,-0.09080997109413147,0.6772289872169495,0.5079241991043091,-0.045636072754859924,0.8111352324485779,0.5795820355415344,-0.11742597073316574,0.7161127328872681,0.4762032628059387,-0.1742546558380127,0.6346905827522278,0.5505800843238831,-0.11803684383630753,0.6746689081192017,0.5876742601394653,-0.0705714300274849,0.795741617679596,0.6554061770439148,-0.18452325463294983,0.695628821849823,0.595421552658081,-0.21178561449050903,0.643588125705719,0.6304901242256165,-0.18965882062911987,0.6759130954742432,0.6593265533447266,-0.1684761792421341,1.4045852035712596,1.261889965793319,0.7174724377238861,0.549894964623676,0.617132833680754,0.35641402914185427,0.5736859274057015,0.5614729649059675,fist
0.5485243797302246,0.7124517560005188,-5.798133315693121e-07,0.5474989414215088,0.5358964204788208,-0.02759920433163643,0.5901972651481628,0.391154021024704,-0.08378105610609055,0.6447468400001526,0.29745644330978394,-0.14938236773014069,0.7005109786987305,0.31209826469421387,-0.20488381385803223,0.7887488007545471,0.4072803258895874,-0.020774321630597115,0.7491376399993896,0.2953551411628723,-0.09049036353826523,0.6954927444458008,0.310391902923584,-0.10474638640880585,0.6878705620765686,0.3304007649421692,-0.10528647154569626,0.8222984075546265,0.4884032607078552,-0.05031678080558777,0.7389880418777466,0.3716462254524231,-0.11205464601516724,0.6446442604064941,0.4627801775932312,-0.08191218227148056,0.6784652471542358,0.5046653747558594,-0.04310622811317444,0.8195008039474487,0.5793231725692749,-0.09453689306974411,0.7173454165458679,0.4774034321308136,-0.14453552663326263,0.6382944583892822,0.5502027869224548,-0.09508022665977478,0.672292947769165,0.5890716314315796,-0.05347564443945885,0.7976107597351074,0.6612985134124756,-0.14582063257694244,0.69206702709198,0.5954294800758362,-0.170276939868927,0.642155110836029,0.6314724683761597,-0.15030772984027863,0.6710608601570129,0.66110759973526,-0.13046367466449738,1.328534737766779,1.175612896075172,0.6963741542474876,0.5114622354224742,0.5211036934836556,0.28559557781807904,0.518474156122637,0.5018739817561018,fist
0.5510138273239136,0.714867353439331,-5.066168000666949e-07,0.5491064786911011,0.531745970249176,-0.03207411617040634,0.5880509614944458,0.38434290885925293,-0.09439525008201599,0.6395083069801331,0.296384334564209,-0.1675375998020172,0.7064595222473145,0.3116137981414795,-0.2298622578382492,0.7871112823486328,0.40671074390411377,-0.021090302616357803,0.750220537185669,0.29956790804862976,-0.10185904800891876,0.6929441690444946,0.31593120098114014,-0.1217644140124321,0.6864595413208008,0.33571696281433105,-0.12369523197412491,0.8177968263626099,0.48819664120674133,-0.052893709391355515,0.7425622940063477,0.37846839427948,-0.12610922753810883,0.6445119976997375,0.46533992886543274,-0.09716202318668365,0.6772168278694153,0.5044019818305969,-0.055791016668081284,0.8160896301269531,0.5767464637756348,-0.10202278196811676,0.7188881635665894,0.47943881154060364,-0.16243062913417816,0.6367064714431763,0.5532039403915405,-0.11301994323730469,0.6732295751571655,0.5894386172294617,-0.06856225430965424,0.8005310297012329,0.6572944521903992,-0.1587374061346054,0.6972053050994873,0.5975139737129211,-0.18831196427345276,0.6438739895820618,0.6356512308120728,-0.16894768178462982,0.6745166182518005,0.6646907329559326,-0.14825275540351868,1.3825828780222431,1.189635053690373,0.7108193170250025,0.5311924657277409,0.5631198912985644,0.31264130608815544,0.5142619649197148,0.5227083116054172,fist
0.5513176918029785,0.7291830778121948,-4.882181201537605e-07,0.5485614538192749,0.5354240536689758,-0.022455306723713875,0.5864230990409851,0.3899707794189453,-0.08458427339792252,0.6393157839775085,0.3033714294433594,-0.16027113795280457,0.7016369700431824,0.31728553771972656,-0.22566132247447968,0.781970202922821,0.40682458877563477,-0.01739593781530857,0.7455952167510986,0.30039578676223755,-0.09548508375883102,0.6842235922813416,0.3270547091960907,-0.11281467974185944,0.6818809509277344,0.3536613881587982,-0.11409901827573776,0.811846911907196,0.4889024496078491,-0.05656773969531059,0.7401131391525269,0.3795934021472931,-0.1280665099620819,0.6418566703796387,0.46844032406806946,-0.09657776355743408,0.6778969168663025,0.507805347442627,-0.054096922278404236,0.8101376295089722,0.5784832835197449,-0.11198177188634872,0.7199224233627319,0.48105743527412415,-0.16955924034118652,0.6370358467102051,0.5537233352661133,-0.11706013977527618,0.6737970113754272,0.590905487537384,-0.07176107913255692,0.7955650091171265,0.6587337851524353,-0.1744564324617386,0.6946667432785034,0.6016562581062317,-0.20132027566432953,0.6419773697853088,0.6355401873588562,-0.18006211519241333,0.6729364395141602,0.6628676056861877,-0.1590074598789215,1.3739983418357835,1.1524595597781881,0.7263406544380219,0.55215667879171,0.587580711996787,0.33155080253820324,0.4610124494688338,0.5218233017227975,fist
0.551182746887207,0.7296258211135864,-4.500736849877285e-07,0.5509325265884399,0.5239554643630981,-0.013509524054825306,0.5899713039398193,0.3826438784599304,-0.07586655020713806,0.6431469321250916,0.30323994159698486,-0.15543054044246674,0.7016547918319702,0.32270389795303345,-0.22583575546741486,0.7810943126678467,0.41139042377471924,-0.00912789162248373,0.7422178387641907,0.3010367751121521,-0.08800165355205536,0.6751799583435059,0.33743685483932495,-0.10491543263196945,0.6750476360321045,0.37061238288879395,-0.10531318187713623,0.805712103843689,0.4954807162284851,-0.05583513155579567,0.7425129413604736,0.38262495398521423,-0.12861065566539764,0.6410993337631226,0.47016260027885437,-0.09544871002435684,0.6807001829147339,0.5063533186912537,-0.05101700872182846,0.8033965229988098,0.5854966640472412,-0.11881062388420105,0.7210454344749451,0.4860557019710541,-0.1781695932149887,0.6338768005371094,0.5584211945533752,-0.12416962534189224,0.6751805543899536,0.5965778827667236,-0.07702669501304626,0.7915310859680176,0.6653870344161987,-0.18798328936100006,0.7019716501235962,0.6051324009895325,-0.21175144612789154,0.6455556750297546,0.6371027231216431,-0.18590007722377777,0.6761361956596375,0.6674371957778931,-0.16212132573127747,1.3961630613040845,1.1249896660973013,0.7510527581857518,0.5637917642108605,0.610648341749791,0.3779254278210654,0.4176315756721215,0.5587306674906677,fist
0.5463851690292358,0.730470597743988,-6.138200205896283e-07,0.5433883666992188,0.541438102722168,-0.013036005198955536,0.5904756188392639,0.3907949924468994,-0.06235286965966225,0.6499183773994446,0.30770015716552734,-0.12746678292751312,0.707760214805603,0.33107292652130127,-0.1833837777376175,0.7830812931060791,0.4129047989845276,0.0069156852550804615,0.7542831301689148,0.3110104203224182,-0.06781179457902908,0.6993523240089417,0.32400935888290405,-0.08710503578186035,0.6926746368408203,0.34160661697387695,-0.08927993476390839,0.8140100836753845,0.4948406517505646,-0.03390439227223396,0.7442658543586731,0.39113980531692505,-0.10351122170686722,0.6455020904541016,0.4760190546512604,-0.07643821090459824,0.6803130507469177,0.5121864676475525,-0.0360507033765316,0.8138216733932495,0.5851446986198425,-0.09099635481834412,0.7232582569122314,0.4925205707550049,-0.14867521822452545,0.6401152014732361,0.5634424686431885,-0.10026925057172775,0.676532506942749,0.5994951725006104,-0.05587919428944588,0.7995411157608032,0.6688294410705566,-0.1544562727212906,0.7032499313354492,0.6110198497772217,-0.1798163205385208,0.6481502056121826,0.6440120935440063,-0.1579655557870865,0.6774293184280396,0.672733724117279,-0.1357308179140091,1.3070906849795483,1.1864196235541815,0.7220337252261805,0.5385876173538351,0.5508471284672852,0.2677006225199923,0.5000776129307233,0.5276554763161934,fist
0.5495648384094238,0.74024498462677,-5.428437361842953e-07,0.5464603900909424,0.5416003465652466,-0.009824443608522415,0.5981117486953735,0.3942946791648865,-0.06074212118983269,0.6605062484741211,0.3181436061859131,-0.12943606078624725,0.7130136489868164,0.3400530517101288,-0.18969610333442688,0.786695659160614,0.42145246267318726,0.009394735097885132,0.7701022028923035,0.32269734144210815,-0.06840618699789047,0.7144188284873962,0.32527607679367065,-0.08922189474105835,0.7010067701339722,0.33833956718444824,-0.09194780141115189,0.8159956932067871,0.5060604810714722,-0.03558025136590004,0.7571044564247131,0.4021444022655487,-0.10780338943004608,0.6525735855102539,0.4795706868171692,-0.08082479238510132,0.6851783394813538,0.5166212916374207,-0.04008713364601135,0.8139558434486389,0.5966047048568726,-0.09722229838371277,0.7336503267288208,0.5010876655578613,-0.157358780503273,0.6445026397705078,0.5669468641281128,-0.1080746203660965,0.6801155209541321,0.6041709780693054,-0.063152015209198,0.7983553409576416,0.6787489652633667,-0.16486582159996033,0.709144115447998,0.6186574697494507,-0.19034749269485474,0.6518462300300598,0.648144006729126,-0.16644121706485748,0.6813855767250061,0.6786450147628784,-0.14327016472816467,1.3241784204342082,1.2320318512904513,0.7421691427899925,0.5578244214840727,0.5727848352948759,0.27628903035540947,0.5227022960148066,0.5389212724442367,fist
0.5471567511558533,0.7415056228637695,-5.172112196305534e-07,0.5494074821472168,0.5327665209770203,-0.0058051603846251965,0.5999825596809387,0.3904460370540619,-0.059721652418375015,0.6613706350326538,0.3167599141597748,-0.13359226286411285,0.7088654637336731,0.343952476978302,-0.20018406212329865,0.7890638113021851,0.42251354455947876,0.009242734871804714,0.7712048888206482,0.3214147388935089,-0.07318586856126785,0.7142243385314941,0.3292110562324524,-0.0965430736541748,0.6983338594436646,0.35087525844573975,-0.09955932945013046,0.8151569366455078,0.5093839764595032,-0.040459711104631424,0.7576990127563477,0.403518944978714,-0.11659857630729675,0.6545339226722717,0.48044300079345703,-0.08991213142871857,0.6859476566314697,0.5192930102348328,-0.04852714017033577,0.8117695450782776,0.6028828620910645,-0.1068967804312706,0.7334176301956177,0.5065080523490906,-0.16870169341564178,0.6453117728233337,0.5690385699272156,-0.11841240525245667,0.6784749031066895,0.6064471006393433,-0.07244985550642014,0.7954022884368896,0.6867948174476624,-0.17914651334285736,0.7068037390708923,0.6253235936164856,-0.2029966115951538,0.6508203744888306,0.6543909907341003,-0.1767641007900238,0.6799904108047485,0.6862824559211731,-0.1519184112548828,1.3270918941273027,1.2064799648569553,0.7466745136128754,0.5655789276693659,0.5862988781253792,0.28418330038103146,0.49436672188995306,0.5506399756966923,fist
0.5519914031028748,0.7453355193138123,-4.071756620760425e-07,0.5473887920379639,0.5339558720588684,-0.012596378102898598,0.5954529047012329,0.39059925079345703,-0.06923361867666245,0.6591675281524658,0.3212789297103882,-0.14623861014842987,0.7115973830223083,0.35008203983306885,-0.21555711328983307,0.7822659015655518,0.42393505573272705,0.013819211162626743,0.7717183232307434,0.3217669725418091,-0.07818537950515747,0.7200350761413574,0.3201744854450226,-0.10886359959840775,0.7016779780387878,0.3426334261894226,-0.11391274631023407,0.8076475858688354,0.5110749006271362,-0.03445537015795708,0.7589361071586609,0.41253727674484253,-0.12181959301233292,0.655902624130249,0.4840906858444214,-0.09960418939590454,0.6847202181816101,0.5234907269477844,-0.05742334574460983,0.8055453300476074,0.6029982566833496,-0.10210182517766953,0.7332931756973267,0.5114139318466187,-0.17352211475372314,0.6450739502906799,0.5687218308448792,-0.12556655704975128,0.6779288053512573,0.6026421189308167,-0.0776519700884819,0.7940873503684998,0.6845037341117859,-0.17641279101371765,0.7073273062705994,0.6268103718757629,-0.20350712537765503,0.6500195860862732,0.6532313227653503,-0.17743495106697083,0.679442822933197,0.6826112866401672,-0.1512366086244583,1.3707803024204475,1.2755101321896771,0.7599664510845942,0.5898815049490953,0.5954341483946529,0.29385821586670663,0.545916726034147,0.5303074109115885,fist
0.5298048257827759,0.747258186340332,-6.134702630333777e-07,0.5253344774246216,0.5552740693092346,-0.025280479341745377,0.5864766240119934,0.3993293046951294,-0.06846442818641663,0.6591874957084656,0.3191966414451599,-0.12496457248926163,0.7068871259689331,0.345764696598053,-0.1731601357460022,0.7720444798469543,0.41887298226356506,0.015411505475640297,0.7641345262527466,0.32748788595199585,-0.06382947415113449,0.7194664478302002,0.3234090805053711,-0.09033090621232986,0.6967037320137024,0.34239739179611206,-0.09452755004167557,0.8057871460914612,0.4999680817127228,-0.014313951134681702,0.7510694265365601,0.40525582432746887,-0.08810480684041977,0.6520216464996338,0.4824932813644409,-0.07029236108064651,0.6798614263534546,0.5201298594474792,-0.03335073962807655,0.8101927042007446,0.5933625102043152,-0.062120310962200165,0.7320852875709534,0.5089906454086304,-0.12670108675956726,0.6477431058883667,0.5733118653297424,-0.08649232983589172,0.676577091217041,0.6077329516410828,-0.04303158447146416,0.7974481582641602,0.6837000846862793,-0.11680213361978531,0.7074499130249023,0.6235067248344421,-0.14403924345970154,0.6522425413131714,0.6582733392715454,-0.12246189266443253,0.6803030967712402,0.6886433362960815,-0.09778351336717606,1.2720781625428979,1.2080561658619162,0.7395488939218615,0.5582667696980234,0.5091214532055593,0.21400107410503144,0.5088940970362875,0.48649267840036114,fist
0.5352447032928467,0.7493798732757568,-4.865897835770738e-07,0.533186137676239,0.5428838133811951,-0.011630868539214134,0.5893757939338684,0.39446118474006653,-0.058589670807123184,0.6591150164604187,0.325877845287323,-0.12383344024419785,0.7091005444526672,0.3498173952102661,-0.18183894455432892,0.7693019509315491,0.41394299268722534,0.021448466926813126,0.7700220942497253,0.32062917947769165,-0.05955194681882858,0.7272112369537354,0.3069659471511841,-0.0851026400923729,0.7008888125419617,0.3220011591911316,-0.08844500780105591,0.8030431866645813,0.5012294054031372,-0.02153247408568859,0.7584927678108215,0.4043251872062683,-0.09902630746364594,0.6534498333930969,0.4731937050819397,-0.08008842915296555,0.6750028729438782,0.5122504234313965,-0.04175913706421852,0.8061383962631226,0.5961182117462158,-0.08205879479646683,0.7342768311500549,0.5055769085884094,-0.14838002622127533,0.6445544958114624,0.5650737285614014,-0.10500260442495346,0.6730837821960449,0.6011484861373901,-0.06054643541574478,0.7949086427688599,0.6831504702568054,-0.14851272106170654,0.7067226767539978,0.6230229735374451,-0.17737971246242523,0.6491881608963013,0.653944730758667,-0.15384264290332794,0.6773205399513245,0.6862564086914062,-0.12861071527004242,1.2910220085096504,1.276379931922985,0.7612153019959942,0.5776843932633124,0.5516869934551202,0.26739248447818814,0.540278889907894,0.5317865817482966,fist
0.5367199778556824,0.7497875690460205,-4.295192752579169e-07,0.5348066091537476,0.5368660092353821,-0.016232721507549286,0.5904130339622498,0.39086514711380005,-0.07143788039684296,0.6588004231452942,0.3202345371246338,-0.14641200006008148,0.7020297050476074,0.3481677174568176,-0.21388190984725952,0.7770826816558838,0.4226822853088379,0.018224231898784637,0.7723682522773743,0.32373207807540894,-0.07008668035268784,0.7191240787506104,0.32154643535614014,-0.09759266674518585,0.6962867379188538,0.3485679626464844,-0.1001753881573677,0.8036180734634399,0.5107044577598572,-0.026873262599110603,0.7571355700492859,0.4120963513851166,-0.11189740896224976,0.6525336503982544,0.4808131754398346,-0.09039588272571564,0.6807060837745667,0.5201861262321472,-0.04811151698231697,0.8027984499931335,0.6048358678817749,-0.09155336022377014,0.7321054339408875,0.5153689980506897,-0.16270439326763153,0.6423405408859253,0.5718684792518616,-0.11768975853919983,0.6747182011604309,0.6069682836532593,-0.07077009975910187,0.7927315831184387,0.6897084712982178,-0.16291123628616333,0.709931492805481,0.6291062831878662,-0.1892842948436737,0.6511889696121216,0.656848132610321,-0.16350959241390228,0.6796524524688721,0.6887073516845703,-0.13700708746910095,1.347281369407309,1.233555059343908,0.7660132558040124,0.5867299680401202,0.5766248364993632,0.31684551273018896,0.5009799139038226,0.5302456952324615,fist
0.5211124420166016,0.7392095923423767,-6.225379252100538e-07,0.5218605995178223,0.54420405626297,-0.030941860750317574,0.5861043930053711,0.38983529806137085,-0.0771641656756401,0.6628643274307251,0.3132103681564331,-0.13485614955425262,0.7054535746574402,0.3499686121940613,-0.18399742245674133,0.781535804271698,0.4210032820701599,0.004198802635073662,0.7709680199623108,0.32436054944992065,-0.07175889611244202,0.7226698994636536,0.32317107915878296,-0.0937199667096138,0.7001314163208008,0.3479328751564026,-0.09577613323926926,0.8123618364334106,0.5064731240272522,-0.02278529666364193,0.7544090747833252,0.40693408250808716,-0.0947887971997261,0.649418830871582,0.47584691643714905,-0.07569406181573868,0.676173746585846,0.5154444575309753,-0.03884526342153549,0.8117486834526062,0.6035385727882385,-0.06710106134414673,0.7312198281288147,0.5120112895965576,-0.130645290017128,0.6422619223594666,0.56971675157547,-0.08961417526006699,0.6706054210662842,0.6063612699508667,-0.04623788222670555,0.7932025194168091,0.6961711049079895,-0.11855483055114746,0.7023687958717346,0.6263062953948975,-0.1456241011619568,0.645734965801239,0.6581215858459473,-0.12366821616888046,0.6738187074661255,0.6917328238487244,-0.09895765781402588,1.2538845178726656,1.1801858579828863,0.7362456785226194,0.5495581691078674,0.5034832662609667,0.23668518718178044,0.47799161466679213,0.49869765794058796,fist
0.5343760251998901,0.7475016117095947,-3.7614563552779146e-07,0.5367661714553833,0.5269790291786194,-0.020182356238365173,0.589847981929779,0.3791772127151489,-0.08101719617843628,0.6559535264968872,0.31051960587501526,-0.1601642519235611,0.7088028192520142,0.348533570766449,-0.23095570504665375,0.7811822295188904,0.42779600620269775,0.006056536454707384,0.7663776874542236,0.3230849504470825,-0.0872848704457283,0.7133511900901794,0.3184678554534912,-0.11754751950502396,0.6995243430137634,0.33161142468452454,-0.12286343425512314,0.8026917576789856,0.5190714597702026,-0.03925373777747154,0.7578611969947815,0.4108389616012573,-0.12846185266971588,0.6483670473098755,0.4812394976615906,-0.10426884144544601,0.6781811714172363,0.5199924111366272,-0.06009899079799652,0.7969958186149597,0.6138375997543335,-0.10452641546726227,0.726608395576477,0.51235032081604,-0.17777860164642334,0.6331604719161987,0.5712629556655884,-0.12682902812957764,0.6692555546760559,0.6064503192901611,-0.07640574872493744,0.7836102843284607,0.6975834369659424,-0.17705556750297546,0.6989763975143433,0.6296681761741638,-0.20373065769672394,0.6381417512893677,0.6564890146255493,-0.1752849966287613,0.6684828400611877,0.688075840473175,-0.14759427309036255,1.390132261606268,1.3087670425793103,0.777789348807306,0.5911063464153622,0.5868811246788553,0.30968110773623725,0.5632435304577155,0.5351389070213347,fist
0.5251547694206238,0.7415377497673035,-4.766231711528235e-07,0.5288403034210205,0.5313089489936829,-0.02310345321893692,0.5863340497016907,0.3856889009475708,-0.08465491980314255,0.6527217626571655,0.312893271446228,-0.16311447322368622,0.6994019150733948,0.346130907535553,-0.2330169379711151,0.7839476466178894,0.4246610999107361,-0.00032396300230175257,0.7611546516418457,0.32513126730918884,-0.09262129664421082,0.7004979848861694,0.33603256940841675,-0.12112327665090561,0.6884551048278809,0.3620310425758362,-0.1253826916217804,0.8067231178283691,0.516122043132782,-0.043572425842285156,0.7492066621780396,0.4100419580936432,-0.13027849793434143,0.6408697962760925,0.4818507730960846,-0.10571765154600143,0.675485372543335,0.5215582847595215,-0.062373086810112,0.7993296384811401,0.613831639289856,-0.10624656826257706,0.7216236591339111,0.5161318182945251,-0.17772077023983002,0.6291640996932983,0.5720521211624146,-0.12830698490142822,0.6652964949607849,0.6091941595077515,-0.07942762970924377,0.7810508012771606,0.7023420333862305,-0.176189124584198,0.694276750087738,0.6350115537643433,-0.20369401574134827,0.6341301798820496,0.6594907641410828,-0.17751319706439972,0.6632667183876038,0.6917158365249634,-0.15103082358837128,1.3512606934576403,1.1884036662071333,0.7532003091049586,0.573834554097317,0.57977212959067,0.3009893161551128,0.47345530244526907,0.5291879268537741,fist
0.5250144004821777,0.7450395822525024,-4.60763061482794e-07,0.531237006187439,0.5274356007575989,-0.01762646622955799,0.5879490971565247,0.3840646743774414,-0.07900211215019226,0.6548149585723877,0.3160843849182129,-0.1582006961107254,0.7034576535224915,0.34591802954673767,-0.2299184501171112,0.7824647426605225,0.4396281838417053,-0.003135714679956436,0.7627739310264587,0.33701103925704956,-0.09441815316677094,0.7061870098114014,0.33315131068229675,-0.12252875417470932,0.693086564540863,0.34206855297088623,-0.12756724655628204,0.8033444285392761,0.5305314660072327,-0.04998050257563591,0.748950719833374,0.41653746366500854,-0.1343553364276886,0.6390334963798523,0.48632940649986267,-0.10728394240140915,0.6707499623298645,0.5258991122245789,-0.06378839910030365,0.7943902015686035,0.626781702041626,-0.11536400765180588,0.7198389172554016,0.5196573138237,-0.1849045753479004,0.6258991360664368,0.5764138102531433,-0.13183477520942688,0.660025954246521,0.6152418255805969,-0.08218704164028168,0.7748865485191345,0.7123339176177979,-0.1875871866941452,0.6875689625740051,0.6389172673225403,-0.2153690904378891,0.6283724904060364,0.664154589176178,-0.1873559206724167,0.6584740281105042,0.6985680460929871,-0.16045711934566498,1.3917013918640964,1.281553966234307,0.7629408047257722,0.5762277109154675,0.6024069089095732,0.2900441271353176,0.551810973092874,0.5586003310463173,fist
0.5172915458679199,0.743054211139679,-4.738156178518693e-07,0.5249790549278259,0.5381386280059814,-0.03008010983467102,0.586139976978302,0.3910159468650818,-0.09363473951816559,0.6543533802032471,0.31743836402893066,-0.17119410634040833,0.7047722935676575,0.3528958559036255,-0.2397507280111313,0.7843643426895142,0.4391288757324219,-0.012404685840010643,0.7589190006256104,0.3414722681045532,-0.10832764208316803,0.7010279893875122,0.34618914127349854,-0.14046885073184967,0.6928269863128662,0.3581502437591553,-0.148173987865448,0.80826336145401,0.5304433107376099,-0.05072642117738724,0.7469371557235718,0.41893890500068665,-0.13882935047149658,0.6354036927223206,0.49223774671554565,-0.11410363763570786,0.6708909273147583,0.5302794575691223,-0.07134674489498138,0.7993353009223938,0.6277604699134827,-0.10853645205497742,0.7163391709327698,0.5258357524871826,-0.1805274337530136,0.6234038472175598,0.5832223892211914,-0.12931641936302185,0.6595372557640076,0.6202719211578369,-0.07963432371616364,0.7774147987365723,0.7147003412246704,-0.17430859804153442,0.6840982437133789,0.645681619644165,-0.20475713908672333,0.6250079274177551,0.6703357100486755,-0.18006768822669983,0.655552864074707,0.7016414403915405,-0.1543530821800232,1.3596899681710701,1.2316804689041683,0.7472648583396151,0.5607890165229221,0.5806668044483239,0.25417800439059457,0.521448605264531,0.5248989911497103,fist
0.5215151309967041,0.7497149109840393,-4.2924074250549893e-07,0.5293916463851929,0.5404989719390869,-0.021227076649665833,0.5870993137359619,0.3965246081352234,-0.08239798247814178,0.6548817753791809,0.3244931697845459,-0.16044116020202637,0.7032760977745056,0.36080044507980347,-0.2295108437538147,0.7825911641120911,0.44524407386779785,0.00023784404038451612,0.7639928460121155,0.3493998646736145,-0.09037279337644577,0.7123866677284241,0.3433314561843872,-0.1185133084654808,0.7042751908302307,0.34705325961112976,-0.12443948537111282,0.806471049785614,0.5368723273277283,-0.04404158517718315,0.7472632527351379,0.429116815328598,-0.1280682533979416,0.6367323398590088,0.49908265471458435,-0.1012607291340828,0.6703798174858093,0.5368795990943909,-0.057583969086408615,0.7975025177001953,0.631766676902771,-0.10752002894878387,0.713701605796814,0.5336440801620483,-0.1760154813528061,0.6209415793418884,0.59038907289505,-0.12402163445949554,0.6570947170257568,0.6267273426055908,-0.07487116754055023,0.7768113017082214,0.7158750891685486,-0.1786428689956665,0.6820076704025269,0.6518836617469788,-0.20690946280956268,0.6242303252220154,0.6772461533546448,-0.18238575756549835,0.6560099124908447,0.7087403535842896,-0.15774007141590118,1.3582811654743037,1.2817719870175401,0.7423136025443565,0.5518345817413566,0.5895962773856378,0.2956892477422596,0.5694652118058685,0.5564741860815565,fist
0.516829252243042,0.746355414390564,-4.698345605902432e-07,0.5231356620788574,0.5416105389595032,-0.03350014239549637,0.5877972841262817,0.39486637711524963,-0.09536956995725632,0.6602926254272461,0.32734549045562744,-0.16930465400218964,0.7107970118522644,0.3623166084289551,-0.23447367548942566,0.785746693611145,0.4479314088821411,-0.017525874078273773,0.7668393850326538,0.3511703610420227,-0.11210086196660995,0.7165749073028564,0.3381989300251007,-0.14436420798301697,0.7036646604537964,0.33708977699279785,-0.15266014635562897,0.810067892074585,0.5393361449241638,-0.05294664204120636,0.7505896091461182,0.42952045798301697,-0.1383650302886963,0.639362633228302,0.4993426203727722,-0.11350192129611969,0.6693041324615479,0.5384226441383362,-0.0717209205031395,0.7996149659156799,0.6366060376167297,-0.10760267823934555,0.7176190614700317,0.5339384078979492,-0.1777459979057312,0.62504643201828,0.5898270606994629,-0.12603506445884705,0.6581384539604187,0.6268438100814819,-0.0770014151930809,0.7755688428878784,0.7227658033370972,-0.1705610156059265,0.6804317831993103,0.6519078612327576,-0.2022920399904251,0.6215099692344666,0.6767744421958923,-0.177885502576828,0.6514258980751038,0.7080886363983154,-0.15248817205429077,1.3504360934039874,1.309380625220156,0.7376196982050036,0.5524553484242497,0.5703999770809395,0.23677672494044513,0.6054993199021287,0.5202292579970257,fist
0.5080996155738831,0.7432229518890381,-4.589472837324138e-07,0.5181318521499634,0.5435960292816162,-0.03307431936264038,0.586471676826477,0.39041686058044434,-0.092103511095047,0.661247968673706,0.31728798151016235,-0.1636914759874344,0.7113484144210815,0.36685991287231445,-0.22574813663959503,0.7806169390678406,0.4441250264644623,-0.006630995310842991,0.760097086429596,0.3494560122489929,-0.10122503340244293,0.7118533849716187,0.3465017080307007,-0.13362069427967072,0.7086032629013062,0.35311365127563477,-0.14197012782096863,0.8065950870513916,0.535873293876648,-0.041051462292671204,0.7483563423156738,0.42898350954055786,-0.12897799909114838,0.6351180672645569,0.4991876184940338,-0.10492554306983948,0.6689055562019348,0.538203775882721,-0.06154896691441536,0.7977095246315002,0.632918655872345,-0.09547776728868484,0.7147694826126099,0.5355657935142517,-0.16824670135974884,0.6207336187362671,0.5910419225692749,-0.11716900020837784,0.6561049818992615,0.6289201974868774,-0.06597709655761719,0.7740182876586914,0.7208281755447388,-0.15827475488185883,0.6781726479530334,0.6520100831985474,-0.19059817492961884,0.618475079536438,0.6779279112815857,-0.16701388359069824,0.6489511132240295,0.7105470895767212,-0.14078669250011444,1.3223313209641336,1.2604575529324458,0.7319869743962013,0.5421659536509251,0.5517597107226131,0.23223687088796474,0.5623219329808846,0.5214719300045477,fist
0.5025277137756348,0.7396289110183716,-5.618477416646783e-07,0.515167772769928,0.5430838465690613,-0.03509996086359024,0.583336591720581,0.3958624303340912,-0.09378872811794281,0.6584169864654541,0.3239055871963501,-0.16378381848335266,0.7053847908973694,0.36492985486984253,-0.2235824018716812,0.7838950753211975,0.4553554952144623,-0.012025796808302402,0.7638587951660156,0.3504723906517029,-0.1021215096116066,0.7066184878349304,0.34932130575180054,-0.13032959401607513,0.69550621509552,0.36097073554992676,-0.1360030174255371,0.8077235221862793,0.5466341972351074,-0.04318724572658539,0.7450714111328125,0.4321807622909546,-0.1251026690006256,0.6312718987464905,0.4996362626552582,-0.09977513551712036,0.6638523936271667,0.538502037525177,-0.05736490339040756,0.797356367111206,0.6426771879196167,-0.09346818923950195,0.709964394569397,0.5390915870666504,-0.16039037704467773,0.6166855692863464,0.5941582322120667,-0.10999342054128647,0.6495730876922607,0.6325961351394653,-0.06110761687159538,0.7716224789619446,0.7281456589698792,-0.1523667573928833,0.673280656337738,0.6569180488586426,-0.1816151887178421,0.6156760454177856,0.6826359629631042,-0.15894930064678192,0.6462776064872742,0.7141982913017273,-0.13412785530090332,1.3231300152393894,1.2270069211310042,0.726305671287518,0.5275789771831397,0.5451190686276631,0.24259127764975472,0.540958727524929,0.5294257198734156,fist
0.5019343495368958,0.7416292428970337,-4.690841137744428e-07,0.5126067996025085,0.5511414408683777,-0.044311001896858215,0.5782046914100647,0.4004778265953064,-0.10882876068353653,0.6505134701728821,0.32408034801483154,-0.18330815434455872,0.7025379538536072,0.36319175362586975,-0.24702151119709015,0.7768824696540833,0.4482414126396179,-0.0201362706720829,0.7570048570632935,0.3530009388923645,-0.11966990679502487,0.7025290727615356,0.3525223135948181,-0.15432508289813995,0.692482054233551,0.36415672302246094,-0.16289636492729187,0.8034899234771729,0.5405445694923401,-0.0488918200135231,0.7443194389343262,0.4372270405292511,-0.14088384807109833,0.6311962604522705,0.5026530027389526,-0.11946264654397964,0.6607822179794312,0.5392650365829468,-0.07704830914735794,0.7944006323814392,0.6380544900894165,-0.09828346222639084,0.7067912220954895,0.5440813302993774,-0.17491649091243744,0.6148880124092102,0.5979197025299072,-0.12805481255054474,0.6479725241661072,0.6317772269248962,-0.0791531652212143,0.7718731760978699,0.7245506644248962,-0.1567920595407486,0.6671995520591736,0.6620883345603943,-0.19217482209205627,0.6093069314956665,0.6891109347343445,-0.17212538421154022,0.6408402323722839,0.7178934812545776,-0.14784057438373566,1.3519231703078307,1.238964681548233,0.7342813526292383,0.5445137292537997,0.5584438625258573,0.23166933461035027,0.5402264333742204,0.5281887750606648,fist
0.497324675321579,0.742948591709137,-4.876519597019069e-07,0.5071545243263245,0.5504346489906311,-0.03873516246676445,0.5746939182281494,0.39985331892967224,-0.10077182948589325,0.6503037810325623,0.3234270215034485,-0.1741146743297577,0.7009094953536987,0.36960190534591675,-0.23700693249702454,0.7711249589920044,0.44923555850982666,-0.013189032673835754,0.7551569938659668,0.351260781288147,-0.11050032079219818,0.7014260292053223,0.3502926826477051,-0.14353331923484802,0.6926100254058838,0.3642140030860901,-0.15135234594345093,0.7974103093147278,0.5425121188163757,-0.04513497278094292,0.7417569160461426,0.43639108538627625,-0.13490618765354156,0.6268777847290039,0.5010867714881897,-0.11118196696043015,0.6557074189186096,0.5391172170639038,-0.06738144904375076,0.7882869243621826,0.6404420137405396,-0.0975835844874382,0.7026817798614502,0.5448421239852905,-0.1705973893404007,0.6097003817558289,0.5973518490791321,-0.12069186568260193,0.6429322957992554,0.633095920085907,-0.07034733146429062,0.7655066847801208,0.7275009751319885,-0.1590101420879364,0.664944589138031,0.660588264465332,-0.19116108119487762,0.6064761877059937,0.6863683462142944,-0.16889484226703644,0.6375961303710938,0.716833233833313,-0.14361122250556946,1.3386262902100254,1.2433930396523336,0.7335594362644995,0.5375419582721708,0.5566426034261799,0.23708741523882373,0.5430427106835157,0.5340431948320808,fist
0.497500479221344,0.7493729591369629,-4.1567332687009184e-07,0.5084551572799683,0.546299159526825,-0.03603184223175049,0.5710806846618652,0.40220847725868225,-0.103118397295475,0.6410349607467651,0.32786834239959717,-0.18358159065246582,0.6885848641395569,0.3591313362121582,-0.2542394995689392,0.7670179009437561,0.4480201303958893,-0.01666170172393322,0.7514191269874573,0.3474060893058777,-0.11652018874883652,0.6948531866073608,0.34984448552131653,-0.1495925337076187,0.6808832287788391,0.3711322844028473,-0.15655581653118134,0.7920479774475098,0.5419238209724426,-0.053439248353242874,0.7359312772750854,0.4346887171268463,-0.14500391483306885,0.6221515536308289,0.4975079596042633,-0.1206795945763588,0.6496325731277466,0.5373611450195312,-0.07674186676740646,0.782368540763855,0.6404436230659485,-0.11076760292053223,0.6995816230773926,0.5430881381034851,-0.18538154661655426,0.6058475971221924,0.5938451886177063,-0.13484768569469452,0.6374308466911316,0.6314797401428223,-0.08468131721019745,0.7605904936790466,0.7268281579017639,-0.1767759919166565,0.6625025868415833,0.6606320738792419,-0.2096361368894577,0.6036413311958313,0.6839240193367004,-0.18656513094902039,0.6335484385490417,0.7151429057121277,-0.16109046339988708,1.382240595998967,1.2315892460962143,0.746811486388401,0.5535768070197977,0.5865100698040606,0.2710487480478852,0.513511036681738,0.5420834508814265,fist
0.49055755138397217,0.7437282800674438,-4.447884975888883e-07,0.5029658079147339,0.5430253148078918,-0.037531740963459015,0.5694755911827087,0.3949302136898041,-0.09976660460233688,0.6419854164123535,0.32136350870132446,-0.1743030995130539,0.6902739405632019,0.36393797397613525,-0.23936200141906738,0.7670083045959473,0.44656339287757874,-0.008505706675350666,0.7494719624519348,0.3528210520744324,-0.10418867319822311,0.6990037560462952,0.3451312780380249,-0.13671007752418518,0.6879158616065979,0.3529604971408844,-0.1440686285495758,0.7920204401016235,0.5381193161010742,-0.041633978486061096,0.7344415783882141,0.43371349573135376,-0.13080695271492004,0.6205288767814636,0.4983016848564148,-0.1092105284333229,0.6501994132995605,0.5373219847679138,-0.0671522468328476,0.7827467918395996,0.6360999941825867,-0.09517093002796173,0.6983998417854309,0.5428352952003479,-0.1690794676542282,0.604507327079773,0.5942050218582153,-0.12132978439331055,0.637573778629303,0.6298777461051941,-0.07229601591825485,0.7585468888282776,0.7248830795288086,-0.15732549130916595,0.6614325642585754,0.6595487594604492,-0.18864788115024567,0.6016836166381836,0.6846322417259216,-0.16535145044326782,0.6315726041793823,0.7162588834762573,-0.13955295085906982,1.3378255541642379,1.2548577745097151,0.7336271422133877,0.5432080060087078,0.5453352599492777,0.26125719477164705,0.5535195499684232,0.5280164084967224,fist
0.4914015829563141,0.7447649240493774,-4.319286404097511e-07,0.5033444166183472,0.543084442615509,-0.03151586651802063,0.5676109790802002,0.3955307900905609,-0.09410081803798676,0.6392737627029419,0.3237844705581665,-0.17143592238426208,0.692968487739563,0.3680408000946045,-0.2392244189977646,0.7628539204597473,0.44503363966941833,-0.005411246791481972,0.7476792335510254,0.34927141666412354,-0.1066032126545906,0.696282684803009,0.3450566530227661,-0.14297419786453247,0.6857870221138,0.3576318323612213,-0.15207147598266602,0.7863616943359375,0.5393153429031372,-0.04397331178188324,0.7329937815666199,0.4345960319042206,-0.13775599002838135,0.6188642978668213,0.49698784947395325,-0.11651280522346497,0.648758590221405,0.534870445728302,-0.07373209297657013,0.7763887047767639,0.6376101970672607,-0.10333532094955444,0.694194495677948,0.5429434180259705,-0.17925666272640228,0.6015680432319641,0.5929177403450012,-0.13032670319080353,0.6359551548957825,0.6280964612960815,-0.08024643361568451,0.7535374760627747,0.7244410514831543,-0.17113934457302094,0.6577821373939514,0.6600778698921204,-0.203024759888649,0.5998619794845581,0.6835611462593079,-0.17950637638568878,0.6312428116798401,0.7143070697784424,-0.15356825292110443,1.3521616130302498,1.2677736107292736,0.7524564841289848,0.5587698372020247,0.579664888612118,0.2431812187565315,0.5447778207339531,0.5444727962945755,fist
0.48674166202545166,0.7483121752738953,-4.638793313915812e-07,0.4976379871368408,0.5460580587387085,-0.03035597875714302,0.5645280480384827,0.3967861235141754,-0.0899229347705841,0.6382578611373901,0.32323139905929565,-0.16388587653636932,0.6860308051109314,0.3654499650001526,-0.228590190410614,0.761221706867218,0.4526229202747345,0.000405985105317086,0.7463292479515076,0.35497692227363586,-0.09365346282720566,0.6984738707542419,0.34608036279678345,-0.12524473667144775,0.6883113980293274,0.35342937707901,-0.13181708753108978,0.7862111926078796,0.5441647171974182,-0.03698814660310745,0.7308507561683655,0.4331734776496887,-0.12523438036441803,0.6175830364227295,0.4968138337135315,-0.1030956283211708,0.6465240716934204,0.5361812710762024,-0.06029978767037392,0.7770979404449463,0.6401869058609009,-0.09455401450395584,0.6939870715141296,0.5402536988258362,-0.16721978783607483,0.6003741025924683,0.5918152332305908,-0.11925804615020752,0.6329413652420044,0.6287356019020081,-0.07002828270196915,0.7538870573043823,0.7255968451499939,-0.1602982133626938,0.6568320393562317,0.6568564772605896,-0.1905650943517685,0.5977996587753296,0.6821019649505615,-0.16744409501552582,0.62781822681427,0.7146934866905212,-0.14186780154705048,1.3406416458565455,1.2695936306980022,0.7475196828867658,0.5529161621621043,0.5568696927728818,0.2677432751070323,0.550747723189723,0.5411614476879166,fist
0.4877817630767822,0.7501987814903259,-4.0623268660056056e-07,0.503050684928894,0.5403690338134766,-0.024927671998739243,0.567480206489563,0.3917178809642792,-0.08635913580656052,0.6381762623786926,0.3196202218532562,-0.16393353044986725,0.6867407560348511,0.36632782220840454,-0.2323503941297531,0.7649242877960205,0.4519214630126953,0.003964029718190432,0.7449084520339966,0.3550534248352051,-0.08710253983736038,0.6973438858985901,0.3447917699813843,-0.11647685617208481,0.6903354525566101,0.34854069352149963,-0.12277164310216904,0.787636399269104,0.5447817444801331,-0.03804865851998329,0.7306077480316162,0.43529707193374634,-0.12299640476703644,0.617533802986145,0.4986581802368164,-0.09768390655517578,0.6488215923309326,0.5367738604545593,-0.053809527307748795,0.7763004302978516,0.6406413316726685,-0.09995601326227188,0.6935285329818726,0.5400460958480835,-0.16879521310329437,0.5991728901863098,0.5924454927444458,-0.1179262101650238,0.6340103149414062,0.6300264596939087,-0.06839742511510849,0.7525648474693298,0.7258283495903015,-0.16994531452655792,0.6568431854248047,0.6571376323699951,-0.19723980128765106,0.5979712605476379,0.6814557909965515,-0.17258711159229279,0.6287766695022583,0.7141813635826111,-0.147214874625206,1.3431045524397356,1.2759269467231218,0.7462641004283531,0.5506885911524568,0.5664166509257348,0.3039257234547989,0.5601825449956267,0.5513506912445377,fist
0.4907856285572052,0.7498113512992859,-3.4417689676047303e-07,0.5043610334396362,0.5380331873893738,-0.025027642026543617,0.567717969417572,0.39281606674194336,-0.08832968771457672,0.6375114917755127,0.32139265537261963,-0.16870564222335815,0.6848928332328796,0.36272066831588745,-0.24011072516441345,0.7615387439727783,0.445543497800827,0.0037482634652405977,0.7470226287841797,0.3523784875869751,-0.0914623811841011,0.7003387212753296,0.344340443611145,-0.12407026439905167,0.692686915397644,0.34971362352371216,-0.1320417821407318,0.7854188680648804,0.540622889995575,-0.04024207964539528,0.7292572259902954,0.4373908042907715,-0.12879733741283417,0.6175732016563416,0.5022057890892029,-0.10428015142679214,0.647512674331665,0.5405071377754211,-0.060559459030628204,0.7755804657936096,0.6378409266471863,-0.10491999238729477,0.6946881413459778,0.5409922003746033,-0.17643068730831146,0.6009865403175354,0.594277560710907,-0.1255868524312973,0.634839653968811,0.6300711631774902,-0.07606548070907593,0.7544841766357422,0.7234593629837036,-0.1779337376356125,0.6589530110359192,0.6593181490898132,-0.20735904574394226,0.6002181768417358,0.6832246780395508,-0.18358714878559113,0.6311343908309937,0.7141590118408203,-0.15897999703884125,1.3618721795086564,1.2850117898486229,0.7382216576346472,0.5560741430896486,0.5914631819486371,0.3001493193459352,0.5739973724777598,0.5508435139660586,fist
0.49315401911735535,0.7549195289611816,-3.136280497528787e-07,0.49976006150245667,0.544226884841919,-0.03527482599020004,0.5649475455284119,0.39980387687683105,-0.10046335309743881,0.6342641711235046,0.3324706554412842,-0.17987366020679474,0.6813294291496277,0.35769152641296387,-0.25089210271835327,0.7589829564094543,0.45073655247688293,-0.0057672723196446896,0.7527973651885986,0.3642374575138092,-0.10350872576236725,0.7132452130317688,0.33832430839538574,-0.13855388760566711,0.6927995085716248,0.3347064256668091,-0.14672505855560303,0.7828190922737122,0.5444301962852478,-0.043798431754112244,0.7327700257301331,0.4405963122844696,-0.13432563841342926,0.6228068470954895,0.5028672218322754,-0.11215296387672424,0.644679844379425,0.5429334044456482,-0.0694277435541153,0.77337646484375,0.6417377591133118,-0.10326313227415085,0.6971102952957153,0.5449016094207764,-0.17804142832756042,0.6051533818244934,0.5971754193305969,-0.1302204579114914,0.6362437605857849,0.628897488117218,-0.08232131600379944,0.7535098195075989,0.7272425889968872,-0.17146098613739014,0.6598557829856873,0.6627714037895203,-0.20421162247657776,0.6012710332870483,0.6880494356155396,-0.1815815269947052,0.632278323173523,0.716311514377594,-0.15762287378311157,1.4029904040805947,1.3522820640974709,0.74753633440102,0.5757248562746774,0.5925509569437504,0.29741317514675103,0.6300000756997535,0.5403276463530687,fist
0.49541395902633667,0.760645866394043,-2.8147587727289647e-07,0.5031225085258484,0.5477466583251953,-0.03216579556465149,0.5675227642059326,0.4016437530517578,-0.09629806876182556,0.6377155780792236,0.33431828022003174,-0.17621919512748718,0.6880728602409363,0.3662659823894501,-0.24751608073711395,0.7594009041786194,0.4550841152667999,0.003814646741375327,0.750012218952179,0.3651067614555359,-0.09550590813159943,0.7101156711578369,0.3440590500831604,-0.13205228745937347,0.6963915228843689,0.3430977761745453,-0.14081083238124847,0.781424880027771,0.5483165383338928,-0.03640814125537872,0.7355135083198547,0.4442010521888733,-0.12927238643169403,0.625089168548584,0.5070065259933472,-0.10794823616743088,0.65019291639328,0.5447989106178284,-0.0646396279335022,0.7726030945777893,0.6444647908210754,-0.09877418726682663,0.7010304927825928,0.546392023563385,-0.176050066947937,0.6073880791664124,0.5999299883842468,-0.1285160630941391,0.6399185657501221,0.632398247718811,-0.07932450622320175,0.7553654313087463,0.7287421226501465,-0.1696404218673706,0.6658340096473694,0.6636122465133667,-0.20206907391548157,0.6065009236335754,0.6885228157043457,-0.17879565060138702,0.637586772441864,0.7175366878509521,-0.1538553535938263,1.4072820908166066,1.3525950354128504,0.7634265987501099,0.5832904784670984,0.5973062701614819,0.3058303857429737,0.6158024971575023,0.5441009486531204,fist
0.49519509077072144,0.7617405652999878,-3.8159086557243427e-07,0.5040754079818726,0.5509653687477112,-0.022279998287558556,0.5695319771766663,0.4007432758808136,-0.08086584508419037,0.6450936794281006,0.33145615458488464,-0.1571463942527771,0.6955648064613342,0.376539021730423,-0.22460225224494934,0.7597156167030334,0.45401808619499207,0.012040614150464535,0.7546482086181641,0.36099958419799805,-0.08170931041240692,0.7079669833183289,0.34951698780059814,-0.11284598708152771,0.694622278213501,0.3577738404273987,-0.11876357346773148,0.7830482125282288,0.548869788646698,-0.03172577917575836,0.7380865216255188,0.4480174779891968,-0.12034446746110916,0.6251278519630432,0.5117820501327515,-0.09597410261631012,0.652557909488678,0.5494990944862366,-0.051211126148700714,0.7756145000457764,0.6465825438499451,-0.09646767377853394,0.7024759650230408,0.553855299949646,-0.16879159212112427,0.6087391972541809,0.6062862873077393,-0.11932013928890228,0.6424693465232849,0.639896810054779,-0.06975499540567398,0.7581692934036255,0.7336928844451904,-0.1690157651901245,0.6683623194694519,0.6704449653625488,-0.1975683569908142,0.6095015406608582,0.6957042217254639,-0.17315779626369476,0.6409862041473389,0.7264049649238586,-0.1479465216398239,1.3601189625065426,1.296272341417261,0.748801481811891,0.5661198699356065,0.5862087482589284,0.2990772828609196,0.5775588260430023,0.5619063860583063,fist
0.4980825185775757,0.7690306901931763,-3.4486811273382045e-07,0.5040885806083679,0.5523282885551453,-0.02857121452689171,0.5697986483573914,0.4033114016056061,-0.08857499063014984,0.6447225213050842,0.3384835124015808,-0.1650732159614563,0.6944966316223145,0.3735140562057495,-0.23363357782363892,0.7598692774772644,0.46021920442581177,0.009829169139266014,0.7585268020629883,0.37107810378074646,-0.08869479596614838,0.7161996364593506,0.342393159866333,-0.12722299993038177,0.6932679414749146,0.33833831548690796,-0.13688431680202484,0.7826566696166992,0.5536935329437256,-0.030476758256554604,0.7428855299949646,0.45220428705215454,-0.12106335163116455,0.6319019198417664,0.5130090713500977,-0.1012314036488533,0.652887761592865,0.552829921245575,-0.05910278111696243,0.7754285335540771,0.650614857673645,-0.09258251637220383,0.7078771591186523,0.5537198781967163,-0.16769705712795258,0.614620566368103,0.6057507991790771,-0.12106151878833771,0.6443559527397156,0.6399975419044495,-0.07259642332792282,0.759083092212677,0.7356308698654175,-0.1628800630569458,0.6716146469116211,0.6696152091026306,-0.19319701194763184,0.6122933626174927,0.6953403353691101,-0.1682569980621338,0.6422868371009827,0.7273511290550232,-0.1421937644481659,1.3948778679310558,1.3744250388842572,0.7605373381353273,0.5810847813175913,0.5772851251213564,0.28744505245447355,0.6469225689442819,0.5404840486395189,fist
0.4962370991706848,0.7705124020576477,-3.5909505413656007e-07,0.501927375793457,0.5559588074684143,-0.02414565160870552,0.569869875907898,0.3982419967651367,-0.07858160883188248,0.6496408581733704,0.32794538140296936,-0.1506918966770172,0.7002846598625183,0.38008105754852295,-0.2141476571559906,0.756641685962677,0.4524546265602112,0.0236895140260458,0.752975344657898,0.3665805160999298,-0.07169020920991898,0.7109141945838928,0.3491869270801544,-0.10618167370557785,0.7012773156166077,0.35377103090286255,-0.11352628469467163,0.7807670831680298,0.5460447072982788,-0.018373724073171616,0.745879590511322,0.44961264729499817,-0.11087929457426071,0.6324563026428223,0.5089718103408813,-0.09050193428993225,0.6582141518592834,0.5452074408531189,-0.04563324525952339,0.7762113213539124,0.6436898708343506,-0.08253590017557144,0.7110992670059204,0.5554362535476685,-0.16057388484477997,0.6148840188980103,0.6063001155853271,-0.11477793008089066,0.6478344202041626,0.6382843852043152,-0.06417675316333771,0.7629336714744568,0.731556236743927,-0.15449877083301544,0.6774076223373413,0.6733309030532837,-0.18583369255065918,0.6153169870376587,0.6973155736923218,-0.16229145228862762,0.6454574465751648,0.7270323038101196,-0.13584887981414795,1.3498363544131906,1.3175854827279152,0.7749516517719202,0.5818758153951138,0.5688582537414826,0.28662138450693125,0.5721842763694805,0.5604513901451325,fist
0.4951772689819336,0.7796673774719238,-3.8119608802844596e-07,0.4981442093849182,0.5640320777893066,-0.024041282013058662,0.569398820400238,0.40383780002593994,-0.07595614343881607,0.6511117219924927,0.33157333731651306,-0.145888552069664,0.6992376446723938,0.37955427169799805,-0.2067614644765854,0.7546691298484802,0.45401617884635925,0.02772662788629532,0.7531107664108276,0.3671726584434509,-0.0718139037489891,0.7061640024185181,0.35840535163879395,-0.10947190225124359,0.6948842406272888,0.37376463413238525,-0.1179112046957016,0.7801038026809692,0.5473562479019165,-0.014387804083526134,0.7504504323005676,0.45353153347969055,-0.1124391108751297,0.6340205073356628,0.5086514949798584,-0.09664401412010193,0.6584758758544922,0.5433382987976074,-0.053462158888578415,0.777195930480957,0.6448736786842346,-0.07893110066652298,0.7160758376121521,0.5580028891563416,-0.16179339587688446,0.6178110241889954,0.6045405864715576,-0.11834321171045303,0.6498597264289856,0.6344266533851624,-0.06745092570781708,0.7643874883651733,0.7318567037582397,-0.15106111764907837,0.6811173558235168,0.6751672029495239,-0.18458020687103271,0.6191439628601074,0.6983012557029724,-0.16126905381679535,0.649920642375946,0.7272636294364929,-0.13386565446853638,1.3439363987628448,1.2706450123087523,0.7941890401886619,0.6051600050478982,0.5740896181544638,0.24229986080058638,0.5029070865019593,0.5460924137491208,fist
0.4958454966545105,0.7895218133926392,-3.505128631786647e-07,0.4951763451099396,0.5759217143058777,-0.026240279898047447,0.5680219531059265,0.4129343628883362,-0.07602963596582413,0.6518589854240417,0.3400086760520935,-0.14396122097969055,0.7005555033683777,0.3834952712059021,-0.20295637845993042,0.7529628872871399,0.4593788981437683,0.0368986651301384,0.7506709098815918,0.3735640347003937,-0.06443105638027191,0.7071362733840942,0.3653402328491211,-0.10501056909561157,0.7026301026344299,0.3785153925418854,-0.11489517241716385,0.780035674571991,0.5511916279792786,-0.003949018195271492,0.758167564868927,0.46035122871398926,-0.10620405524969101,0.6384658813476562,0.5144040584564209,-0.09437474608421326,0.6633936166763306,0.544800877571106,-0.0514596626162529,0.78062903881073,0.6474447250366211,-0.06815390288829803,0.7236047983169556,0.5630563497543335,-0.15727706253528595,0.6209654808044434,0.6103222966194153,-0.11749086529016495,0.6536721587181091,0.6372968554496765,-0.06564193218946457,0.772001326084137,0.7337096929550171,-0.1398010402917862,0.6897197365760803,0.6796648502349854,-0.1756548434495926,0.6253643035888672,0.7045167684555054,-0.1527402549982071,0.6575185060501099,0.7323188781738281,-0.12393325567245483,1.3424745221299048,1.278503325852541,0.8115304710271323,0.6170864761997885,0.5704424279905423,0.23785799677570213,0.49134111253459667,0.5422238928923206,fist
0.5004910230636597,0.7947078943252563,-2.1053773480161908e-07,0.49781864881515503,0.5798469185829163,-0.03798827901482582,0.5702377557754517,0.4179643988609314,-0.0943622961640358,0.6551987528800964,0.34893345832824707,-0.16692006587982178,0.7077707648277283,0.3893565535545349,-0.23039492964744568,0.7557742595672607,0.45834100246429443,0.02983405441045761,0.7517077326774597,0.3750922679901123,-0.07812374830245972,0.7105627655982971,0.36350446939468384,-0.12426648288965225,0.7076582908630371,0.37446460127830505,-0.13680428266525269,0.781869649887085,0.5505975484848022,-0.006779226940125227,0.7619190216064453,0.46710267663002014,-0.1150706335902214,0.6434192657470703,0.5210588574409485,-0.10573578625917435,0.6687929630279541,0.5497298836708069,-0.06301280111074448,0.7828558683395386,0.6483777761459351,-0.06850278377532959,0.7311208248138428,0.5713692307472229,-0.16316840052604675,0.6286283135414124,0.6154651045799255,-0.12542788684368134,0.6610459089279175,0.6385233402252197,-0.0735209584236145,0.776650607585907,0.7357714176177979,-0.13871100544929504,0.698981761932373,0.6895445585250854,-0.17811618745326996,0.6335989236831665,0.7105287909507751,-0.15654365718364716,0.6639456152915955,0.7337250709533691,-0.12783993780612946,1.3695343212357631,1.3100697557130245,0.8154814063389936,0.632754975282537,0.5805180550129164,0.2543612842740281,0.520963748161506,0.5237679715588265,fist
0.49359339475631714,0.7942335605621338,-3.307165741261997e-07,0.4947230815887451,0.5951958894729614,-0.03605971857905388,0.5743342041969299,0.42573100328445435,-0.08469611406326294,0.6626686453819275,0.35412347316741943,-0.14769674837589264,0.7158957123756409,0.3954395651817322,-0.20259547233581543,0.7593996524810791,0.46342015266418457,0.024587055668234825,0.7572923898696899,0.38975989818573,-0.08016102761030197,0.7274857759475708,0.3669242560863495,-0.12542441487312317,0.7228778004646301,0.37098121643066406,-0.1385144144296646,0.7867998480796814,0.5554442405700684,-0.010374666191637516,0.768364429473877,0.47223541140556335,-0.1178760677576065,0.6491668820381165,0.5259619355201721,-0.11030706018209457,0.6667227149009705,0.558256983757019,-0.069301538169384,0.7878779768943787,0.6541707515716553,-0.06869488954544067,0.7370894551277161,0.577782392501831,-0.16468171775341034,0.6345148682594299,0.6214583516120911,-0.12763634324073792,0.6613891124725342,0.6472867727279663,-0.07557335495948792,0.7781690955162048,0.7446810007095337,-0.13500449061393738,0.7010021805763245,0.6955907344818115,-0.17942394316196442,0.6343724131584167,0.7156888842582703,-0.1594438999891281,0.6608032584190369,0.7384524941444397,-0.1309613287448883,1.320435381307665,1.3241355546781668,0.7950851636394235,0.6225470603726044,0.5804999839721486,0.1822559151123232,0.5482734832169078,0.503708882991973,fist
0.4918786883354187,0.7953318953514099,-3.330085291963769e-07,0.49907994270324707,0.5944570899009705,-0.036811985075473785,0.5813051462173462,0.4245074689388275,-0.08271495997905731,0.6648220419883728,0.34792715311050415,-0.14287853240966797,0.7154184579849243,0.3905520737171173,-0.19399885833263397,0.765243649482727,0.46724721789360046,0.03625333681702614,0.7622579336166382,0.39199596643447876,-0.06584253907203674,0.7302576899528503,0.3722533881664276,-0.10934119671583176,0.7258024215698242,0.37702512741088867,-0.12072238326072693,0.7915852069854736,0.5602537989616394,0.0043213763274252415,0.7728890180587769,0.4736022651195526,-0.1003241240978241,0.6530551910400391,0.5268541574478149,-0.09265509247779846,0.6737745404243469,0.5569663643836975,-0.050709307193756104,0.7935656309127808,0.6598422527313232,-0.051732420921325684,0.7428619861602783,0.5791971683502197,-0.14665842056274414,0.6402424573898315,0.6246033310890198,-0.11109840869903564,0.6679218411445618,0.6499580144882202,-0.058831263333559036,0.7848545908927917,0.7503753900527954,-0.11576181650161743,0.7071874737739563,0.6968703269958496,-0.1593269258737564,0.6405860781669617,0.7205879092216492,-0.14012278616428375,0.6675817370414734,0.7462970018386841,-0.11138017475605011,1.3163951568767742,1.2974714650719028,0.7983112204435056,0.6189287520081456,0.5610848423137041,0.19750417162729214,0.5249538813487076,0.5221753235464764,fist
0.4974674582481384,0.803902268409729,-2.227626225703716e-07,0.5021930932998657,0.5930050015449524,-0.042657170444726944,0.5798309445381165,0.42486244440078735,-0.0967961847782135,0.6655957698822021,0.3501719832420349,-0.16585655510425568,0.7267781496047974,0.39376986026763916,-0.22529080510139465,0.7659769058227539,0.46957772970199585,0.03708956390619278,0.7591776847839355,0.39104411005973816,-0.07044168561697006,0.720037043094635,0.3772352337837219,-0.11635754257440567,0.7229136228561401,0.3818601369857788,-0.12849701941013336,0.790697455406189,0.5645798444747925,0.0050455182790756226,0.7754061222076416,0.47135692834854126,-0.10353930294513702,0.6544026136398315,0.524880051612854,-0.09443549811840057,0.6823382377624512,0.5552532076835632,-0.05000152811408043,0.7914966344833374,0.6642155647277832,-0.05315813794732094,0.7443641424179077,0.5774465799331665,-0.15149588882923126,0.6401675343513489,0.6218264102935791,-0.11551867425441742,0.6730988025665283,0.6484674215316772,-0.06180707737803459,0.785262942314148,0.7528095841407776,-0.11995065212249756,0.7110255360603333,0.6960273385047913,-0.16238874197006226,0.6446977257728577,0.7171937823295593,-0.1424061357975006,0.6732581853866577,0.7439382076263428,-0.11309576779603958,1.376646376545363,1.308841034054637,0.8291354393449472,0.6407454623409646,0.5744837901043193,0.25783997630794897,0.5141199183072337,0.5261443660620732,fist
0.49416452646255493,0.8016274571418762,-2.3902728685243346e-07,0.49820083379745483,0.5994821190834045,-0.04248631000518799,0.5796210169792175,0.42611831426620483,-0.0902935042977333,0.6666859984397888,0.3478412628173828,-0.15198364853858948,0.7236589789390564,0.38054323196411133,-0.20499402284622192,0.7608006000518799,0.46613168716430664,0.03720822557806969,0.7633128762245178,0.3919457793235779,-0.06835826486349106,0.7362895011901855,0.36983436346054077,-0.11471563577651978,0.7353453636169434,0.37477779388427734,-0.1269810050725937,0.7865389585494995,0.5581868886947632,0.007201851345598698,0.7783790230751038,0.4686967134475708,-0.10282416641712189,0.6614210605621338,0.5167380571365356,-0.09828255325555801,0.6802318096160889,0.5477584004402161,-0.05615518242120743,0.7902639508247375,0.6561352610588074,-0.048168376088142395,0.7464348077774048,0.5765182375907898,-0.14887575805187225,0.6456221342086792,0.6190720200538635,-0.11697878688573837,0.6732161641120911,0.6442626714706421,-0.06471899896860123,0.787283718585968,0.7453994750976562,-0.1118430346250534,0.7148091197013855,0.693060576915741,-0.1584842950105667,0.6483481526374817,0.7150689959526062,-0.14077189564704895,0.6735116243362427,0.7400315999984741,-0.1119249016046524,1.3705778407254157,1.3309302823265126,0.8402215896854003,0.6491186612714844,0.5786664261062302,0.2078550149344373,0.5121211647502683,0.5264072962861998,fist
0.49320027232170105,0.7956182360649109,-2.1152263229851087e-07,0.499381959438324,0.5944859981536865,-0.04528588429093361,0.5819073915481567,0.4275764524936676,-0.09717205166816711,0.6659778356552124,0.34982335567474365,-0.16308405995368958,0.7254302501678467,0.3815327286720276,-0.21959829330444336,0.7620063424110413,0.4623292088508606,0.039468586444854736,0.7641067504882812,0.38724416494369507,-0.06395895779132843,0.7313373684883118,0.3700059950351715,-0.10568508505821228,0.7320069074630737,0.37517666816711426,-0.11433437466621399,0.7881506681442261,0.5557722449302673,0.010444498620927334,0.7768339514732361,0.46752095222473145,-0.09642251580953598,0.657829999923706,0.5227224826812744,-0.087215356528759,0.6824557781219482,0.5519920587539673,-0.04190673306584358,0.7916903495788574,0.6537562012672424,-0.04489621892571449,0.7480875253677368,0.5738211870193481,-0.14361479878425598,0.6450037360191345,0.6209661364555359,-0.11032664775848389,0.6768603920936584,0.6438451409339905,-0.05766000598669052,0.7897520065307617,0.7427122592926025,-0.10865035653114319,0.7182863354682922,0.6902207136154175,-0.1515444964170456,0.6503931879997253,0.7149726748466492,-0.13264340162277222,0.6772090196609497,0.7390176057815552,-0.10386675596237183,1.3754439461277133,1.3064843429048392,0.8186378431979487,0.6445730374585971,0.5751939090606031,0.27783118858889116,0.5190441199888397,0.5182467076635139,fist
0.49666494131088257,0.799970269203186,-2.0841801529059012e-07,0.49957937002182007,0.5923304557800293,-0.04848194867372513,0.5784493684768677,0.42263418436050415,-0.09768374264240265,0.6655281782150269,0.3509625792503357,-0.16028490662574768,0.7297467589378357,0.3815886378288269,-0.21346928179264069,0.7598117589950562,0.4647619128227234,0.0427657812833786,0.7612571716308594,0.3848983645439148,-0.06415989249944687,0.7350648641586304,0.3648369312286377,-0.11175379902124405,0.7356438040733337,0.37288588285446167,-0.12328308820724487,0.7853633761405945,0.5559893250465393,0.016537722200155258,0.7788898944854736,0.46719279885292053,-0.0956454649567604,0.6611205339431763,0.520723819732666,-0.0931006520986557,0.6806390285491943,0.5558855533599854,-0.05029058828949928,0.7908561825752258,0.6528719067573547,-0.03643614426255226,0.7487412095069885,0.5726631283760071,-0.1411510407924652,0.6471291184425354,0.6176002025604248,-0.11195384711027145,0.675979733467102,0.6427162289619446,-0.058876316994428635,0.7905732989311218,0.7400610446929932,-0.09790017455816269,0.7206079363822937,0.6857336759567261,-0.1449301689863205,0.6535422801971436,0.7096219062805176,-0.1267518401145935,0.6794961094856262,0.7365459203720093,-0.09623707085847855,1.3858818480012682,1.3339246044693627,0.8187227797848969,0.6492962081143742,0.571240861780281,0.23998184147744822,0.5406492020509025,0.49270685627079175,fist
0.49490877985954285,0.7986229062080383,-2.7623892151495966e-07,0.497904896736145,0.593666136264801,-0.041471462696790695,0.5766653418540955,0.4248518645763397,-0.08846820890903473,0.6650298833847046,0.35361963510513306,-0.14970603585243225,0.7360081076622009,0.3813711404800415,-0.2017957717180252,0.7500683069229126,0.46023625135421753,0.04204530268907547,0.7539549469947815,0.38628435134887695,-0.06227637082338333,0.7202715873718262,0.36974668502807617,-0.10602088272571564,0.7235524654388428,0.37325480580329895,-0.11585477739572525,0.7766268253326416,0.5519269704818726,0.01251724362373352,0.7774372696876526,0.46005117893218994,-0.0970761701464653,0.6575927138328552,0.516446053981781,-0.09093927592039108,0.6817964911460876,0.5509271621704102,-0.046546630561351776,0.7843431830406189,0.6494817733764648,-0.04256367310881615,0.7495929002761841,0.5661492347717285,-0.1455956995487213,0.6451541781425476,0.6137509942054749,-0.11262752115726471,0.6756397485733032,0.6394543647766113,-0.05795111879706383,0.7877078056335449,0.7377032041549683,-0.105288065969944,0.7216776609420776,0.6803630590438843,-0.15196360647678375,0.6525250673294067,0.7063848376274109,-0.13157421350479126,0.6780512928962708,0.7336055636405945,-0.09993087500333786,1.39439646921026,1.3254868908084407,0.8374250808110776,0.6611133354686175,0.5832472082718374,0.23278142006051014,0.5210641535391592,0.5080555410180776,fist
0.4880427122116089,0.7931077480316162,-3.0877336598678085e-07,0.49337512254714966,0.5954102873802185,-0.037331756204366684,0.5751215815544128,0.4257450997829437,-0.080344557762146,0.6607604026794434,0.34983235597610474,-0.13792966306209564,0.724882960319519,0.379611074924469,-0.1861528903245926,0.7432224154472351,0.45805105566978455,0.04872647672891617,0.7520657777786255,0.3876829147338867,-0.0456702783703804,0.713169276714325,0.3747338652610779,-0.08165271580219269,0.7136223316192627,0.3762059211730957,-0.08736345916986465,0.7700373530387878,0.5466902256011963,0.020310021936893463,0.7680743336677551,0.4590824842453003,-0.07906346768140793,0.6488733291625977,0.5180445313453674,-0.06863687187433243,0.6774362921714783,0.5461315512657166,-0.02322278916835785,0.7781003713607788,0.6426771879196167,-0.03280698135495186,0.74522465467453,0.5619957447052002,-0.12702037394046783,0.6417638659477234,0.6140463948249817,-0.09419077634811401,0.6729469299316406,0.6385090351104736,-0.04171112924814224,0.7820286154747009,0.7315192222595215,-0.09312797337770462,0.7177489995956421,0.6765196323394775,-0.1345321387052536,0.6510758399963379,0.7050945162773132,-0.11466183513402939,0.6775078177452087,0.7309735417366028,-0.08463336527347565,1.3640937443533594,1.285196925241267,0.8321756290462214,0.6522004287053615,0.5775667264936938,0.2652707317089096,0.4938063061579264,0.519346661443313,fist
0.48836344480514526,0.7965914607048035,-1.9530510542153934e-07,0.4901145398616791,0.5926821231842041,-0.04347500950098038,0.567192792892456,0.426469087600708,-0.09121991693973541,0.6523175835609436,0.3555743098258972,-0.15349826216697693,0.7288827896118164,0.3701316714286804,-0.20670178532600403,0.7349990010261536,0.45791542530059814,0.05005773529410362,0.741446316242218,0.3860602378845215,-0.04921624809503555,0.7083168029785156,0.3677322566509247,-0.09140872210264206,0.7096924781799316,0.3674493432044983,-0.10025323927402496,0.7627413868904114,0.5459108352661133,0.022932542487978935,0.7625247836112976,0.4531291723251343,-0.08228814601898193,0.648210346698761,0.5101732611656189,-0.07820942252874374,0.6735137701034546,0.5434243679046631,-0.03563976660370827,0.7726078629493713,0.6403778791427612,-0.030075516551733017,0.7400674819946289,0.5560932755470276,-0.1293274313211441,0.6398337483406067,0.606734037399292,-0.10053984075784683,0.6696282029151917,0.6326270699501038,-0.04915909469127655,0.7796991467475891,0.7260079979896545,-0.09077252447605133,0.7179504036903381,0.6698024868965149,-0.13453449308872223,0.6527420878410339,0.6994321942329407,-0.11554628610610962,0.678342342376709,0.7284320592880249,-0.085160993039608,1.427264415061757,1.3244053490331975,0.8477453846510206,0.6695560138852468,0.5883213050176495,0.29057434640126695,0.5127359469187502,0.5145087965527895,fist
0.48043501377105713,0.7939889430999756,-2.5114258050962235e-07,0.48475712537765503,0.5982320308685303,-0.039361290633678436,0.563079833984375,0.42986422777175903,-0.08392345905303955,0.6479707956314087,0.35634198784828186,-0.14280103147029877,0.7260531783103943,0.3708575665950775,-0.1927589625120163,0.7275843620300293,0.45949587225914,0.04813818633556366,0.7360821962356567,0.3878847360610962,-0.04549805819988251,0.7016994953155518,0.37298041582107544,-0.08123651891946793,0.706366777420044,0.3774690330028534,-0.08650373667478561,0.75637286901474,0.5453869104385376,0.02113163284957409,0.7602334022521973,0.4563376307487488,-0.07695631682872772,0.6428114771842957,0.5149040222167969,-0.0665430948138237,0.6695267558097839,0.5469540953636169,-0.021011410281062126,0.7662973403930664,0.6387907862663269,-0.03073297254741192,0.7372186183929443,0.5588656663894653,-0.1242857277393341,0.6350533962249756,0.6101343631744385,-0.09228671342134476,0.6658257246017456,0.6368975043296814,-0.040284622460603714,0.7730814218521118,0.7247782945632935,-0.08976063132286072,0.7133563160896301,0.6705083250999451,-0.13061384856700897,0.6480686068534851,0.6999713182449341,-0.11079272627830505,0.6739852428436279,0.7281960248947144,-0.08070063591003418,1.4135502591945477,1.2948048452524759,0.838165714020351,0.6621135920590848,0.5907876201285689,0.2910281618026952,0.49836156737093057,0.513076352633875,fist
0.4822542071342468,0.8002263307571411,-2.5433359951421153e-07,0.48164838552474976,0.6006920337677002,-0.03886959329247475,0.5574939846992493,0.4354686737060547,-0.08350958675146103,0.6414836049079895,0.3645794987678528,-0.14280156791210175,0.7239410281181335,0.37067902088165283,-0.19293680787086487,0.7229429483413696,0.45995503664016724,0.05056430771946907,0.7285425662994385,0.38565751910209656,-0.04423876479268074,0.6927845478057861,0.3696169853210449,-0.08159391582012177,0.6964583992958069,0.37300312519073486,-0.08792328834533691,0.7539333701133728,0.5448803305625916,0.022567853331565857,0.7548099756240845,0.4540371596813202,-0.07688380777835846,0.6395316123962402,0.5118619799613953,-0.06826173514127731,0.6656622886657715,0.5424920916557312,-0.024046720936894417,0.7658708095550537,0.6374028325080872,-0.03066171519458294,0.7322499752044678,0.5594255328178406,-0.12617449462413788,0.630533754825592,0.6121718287467957,-0.09611009806394577,0.6610680222511292,0.6356141567230225,-0.045506395399570465,0.7756039500236511,0.7218480706214905,-0.09107684344053268,0.7116432189941406,0.6735814809799194,-0.13442493975162506,0.6453097462654114,0.7043995261192322,-0.11674269288778305,0.6717916131019592,0.7304139733314514,-0.08812899142503738,1.4170121743611923,1.3009444034383761,0.8493235437830127,0.6619892938303736,0.5899850165899152,0.2906764229107971,0.49186933050701476,0.5318038552379731,fist
0.4853099286556244,0.8000217080116272,-2.0913765297336795e-07,0.4816678762435913,0.6004853844642639,-0.0425528883934021,0.5569426417350769,0.43491291999816895,-0.08962904661893845,0.6426712274551392,0.3662542700767517,-0.15043416619300842,0.7202260494232178,0.3800641894340515,-0.202707439661026,0.7210726737976074,0.45737409591674805,0.03894144669175148,0.7258486151695251,0.38701826333999634,-0.06534043699502945,0.6964632868766785,0.36872828006744385,-0.11003430932760239,0.6993700861930847,0.3711733818054199,-0.12038738280534744,0.7520836591720581,0.5425994396209717,0.011583809740841389,0.7516468167304993,0.45418745279312134,-0.09563788026571274,0.6372412443161011,0.5162643790245056,-0.08972727507352829,0.6623864769935608,0.5486734509468079,-0.0466194823384285,0.763485312461853,0.6371316909790039,-0.041119370609521866,0.7316794991493225,0.5587438344955444,-0.14297392964363098,0.6312114000320435,0.6113811135292053,-0.11198616027832031,0.6603466868400574,0.6349650025367737,-0.0596100315451622,0.7713468670845032,0.7231557369232178,-0.10125891119241714,0.7078425288200378,0.6753847002983093,-0.1494515836238861,0.6425668001174927,0.7054336071014404,-0.13111993670463562,0.668986976146698,0.730692446231842,-0.10111993551254272,1.4077774227725832,1.3324005454119972,0.8384255224996795,0.6682619566336463,0.5954030460079953,0.23020832668238012,0.5277495388346963,0.5125802970636173,fist
0.48072755336761475,0.7970950603485107,-1.719354116858085e-07,0.4799841642379761,0.6001685857772827,-0.05053936317563057,0.5539124608039856,0.44009679555892944,-0.0993616133928299,0.6351802945137024,0.3732602596282959,-0.15970268845558167,0.7126272320747375,0.36424005031585693,-0.21185986697673798,0.7206724286079407,0.46612921357154846,0.033093374222517014,0.7318789958953857,0.39910566806793213,-0.06800711154937744,0.7082284092903137,0.363818496465683,-0.11371960490942001,0.7047949433326721,0.3527131676673889,-0.12530052661895752,0.7486263513565063,0.5506443977355957,0.010059904307126999,0.750554621219635,0.4600785970687866,-0.09434817731380463,0.6388528347015381,0.516110360622406,-0.09113866835832596,0.6554431915283203,0.5514672994613647,-0.050716202706098557,0.7587078809738159,0.6443340182304382,-0.038470275700092316,0.7305928468704224,0.5635411143302917,-0.13922671973705292,0.6302986741065979,0.6139490604400635,-0.11057522147893906,0.6551685333251953,0.6392711400985718,-0.06005098298192024,0.7670500874519348,0.729751706123352,-0.09493877738714218,0.7104906439781189,0.6763806939125061,-0.1435365378856659,0.6429582238197327,0.7042289972305298,-0.12491967529058456,0.6657660007476807,0.7320137023925781,-0.09486960619688034,1.4686381666556825,1.4093057378402554,0.8393772520351522,0.6667036116437733,0.5983358813988796,0.24075946728022826,0.5985034925081479,0.5111912783086213,fist
0.48114442825317383,0.8005568385124207,-1.6929696755596524e-07,0.4780028760433197,0.6048630475997925,-0.0536230131983757,0.5508577823638916,0.4414190649986267,-0.10193504393100739,0.6312538385391235,0.3717176914215088,-0.16119661927223206,0.7155202031135559,0.36602574586868286,-0.211859330534935,0.7198091149330139,0.4671362638473511,0.03432152792811394,0.7260115146636963,0.3952205777168274,-0.06751445680856705,0.7003377079963684,0.3647868037223816,-0.11262197047472,0.7024949789047241,0.3610880970954895,-0.12356670200824738,0.7486180067062378,0.5493058562278748,0.013119262643158436,0.7535009384155273,0.45603054761886597,-0.0942346602678299,0.6415708661079407,0.508715033531189,-0.09263892471790314,0.6611465215682983,0.5447486639022827,-0.05185503512620926,0.7604784965515137,0.6424210667610168,-0.03398239612579346,0.7320197820663452,0.561846911907196,-0.13978028297424316,0.6314949989318848,0.6112970113754272,-0.11420324444770813,0.6583675146102905,0.6376885175704956,-0.0634869858622551,0.7708029747009277,0.7281054258346558,-0.08895847946405411,0.7133815884590149,0.6757591962814331,-0.14180149137973785,0.6449500322341919,0.7038414478302002,-0.12582850456237793,0.6674906015396118,0.7321171760559082,-0.09603451937437057,1.4630554749287086,1.3816229969515141,0.8634353280925504,0.677890427118407,0.6005457674224687,0.24341681028997367,0.5486077168278004,0.5245279858801761,fist
0.48475271463394165,0.8035737872123718,-1.4648664148353419e-07,0.4782896637916565,0.6036401987075806,-0.05346015468239784,0.552155077457428,0.4386973977088928,-0.0998598113656044,0.6358579993247986,0.3731854557991028,-0.15681321918964386,0.7179234027862549,0.36997437477111816,-0.20509620010852814,0.7183939814567566,0.4637185037136078,0.033366914838552475,0.7215909361839294,0.39116257429122925,-0.06977610290050507,0.6987800598144531,0.3665778636932373,-0.1156083196401596,0.7057102918624878,0.36833655834198,-0.12683838605880737,0.7473978996276855,0.5468596816062927,0.012625099159777164,0.754623532295227,0.45698001980781555,-0.09530103206634521,0.6418282389640808,0.5109643936157227,-0.09313342720270157,0.6626176238059998,0.5465224981307983,-0.051918257027864456,0.7591233849525452,0.6414048671722412,-0.03402647376060486,0.7340313196182251,0.5626967549324036,-0.14146225154399872,0.6319455504417419,0.612282931804657,-0.11508288979530334,0.6589130163192749,0.6383455991744995,-0.06348678469657898,0.7705714106559753,0.7291507720947266,-0.08837010711431503,0.7156464457511902,0.6784735321998596,-0.1428004652261734,0.6462289094924927,0.7061195373535156,-0.12633737921714783,0.6690433025360107,0.7338792085647583,-0.09590326994657516,1.4513011809624496,1.3723657339422675,0.8622687737868339,0.6757288605900872,0.5962962845060796,0.21557928719841382,0.5389099725805189,0.5239891076233649,fist
0.4810975193977356,0.7962172031402588,-2.1260593996430543e-07,0.4811493158340454,0.6006125211715698,-0.04923047497868538,0.5577863454818726,0.4435400664806366,-0.09539662301540375,0.6369784474372864,0.37737423181533813,-0.15246173739433289,0.7132354378700256,0.36094117164611816,-0.20092463493347168,0.7228514552116394,0.4634721279144287,0.03277803957462311,0.7325502038002014,0.3988352417945862,-0.06425648182630539,0.7008973360061646,0.3678547143936157,-0.1049833595752716,0.6982221007347107,0.3568462133407593,-0.11357441544532776,0.7500186562538147,0.5463240146636963,0.010240351781249046,0.7542333006858826,0.4573274254798889,-0.08994266390800476,0.6408836245536804,0.5139114856719971,-0.0831146091222763,0.661405086517334,0.5476939082145691,-0.040898531675338745,0.7595539093017578,0.6405787467956543,-0.03731107339262962,0.7359066605567932,0.5624009370803833,-0.13714371621608734,0.6333038210868835,0.6152531504631042,-0.1077791228890419,0.660239577293396,0.6408369541168213,-0.057153988629579544,0.7693437337875366,0.7283486723899841,-0.09232369810342789,0.717761754989624,0.6802021861076355,-0.14288687705993652,0.6478299498558044,0.7077411413192749,-0.12545308470726013,0.6697978973388672,0.7334688901901245,-0.09598246961832047,1.4504039838139196,1.3698648806435656,0.8434463764295812,0.664209126637552,0.6012609553911585,0.24159610929687245,0.5650393166902558,0.5281207941273847,fist
0.48333829641342163,0.8012821078300476,-2.598023627342627e-07,0.4812967777252197,0.6039916276931763,-0.047739896923303604,0.5569432973861694,0.43895819783210754,-0.092095285654068,0.6379730105400085,0.3694765269756317,-0.14772900938987732,0.7189238667488098,0.36396604776382446,-0.1938146948814392,0.7248059511184692,0.4620366394519806,0.035749077796936035,0.7296927571296692,0.39400437474250793,-0.06443456560373306,0.6939645409584045,0.37317436933517456,-0.10670806467533112,0.6941566467285156,0.3705962896347046,-0.11606509983539581,0.7521300911903381,0.544288158416748,0.012811584398150444,0.7551320195198059,0.4559681713581085,-0.09136789292097092,0.6427941918373108,0.5116487741470337,-0.08661585301160812,0.6689040660858154,0.5422499179840088,-0.045173872262239456,0.7632623910903931,0.638917863368988,-0.03528761491179466,0.7355268597602844,0.5627310276031494,-0.13900262117385864,0.6348611116409302,0.6146631836891174,-0.11058742552995682,0.6646662354469299,0.6378964185714722,-0.05928188934922218,0.7739096283912659,0.7274378538131714,-0.09067437052726746,0.7180111408233643,0.6801891922950745,-0.14303560554981232,0.6494947671890259,0.7091587781906128,-0.12595035135746002,0.6732449531555176,0.7340282797813416,-0.09584138542413712,1.432960291693641,1.3258778336162182,0.8648910187625208,0.6750174787362251,0.599564135651072,0.2200151037765957,0.5036933947042345,0.5332037052696084,fist
0.48780062794685364,0.7959067821502686,-2.570745891716797e-07,0.4860583543777466,0.6008478999137878,-0.047327395528554916,0.5628900527954102,0.4403914511203766,-0.09552191197872162,0.6473137736320496,0.37527236342430115,-0.1554139107465744,0.7267815470695496,0.3758315443992615,-0.20650768280029297,0.7291953563690186,0.4552856683731079,0.027059858664870262,0.7273235321044922,0.38598307967185974,-0.07461447268724442,0.6885254979133606,0.37860700488090515,-0.11457380652427673,0.6935734152793884,0.3863239288330078,-0.12202847003936768,0.7585682272911072,0.5408172607421875,0.0023872135207057,0.7595884799957275,0.45312657952308655,-0.10153201967477798,0.6426814198493958,0.5140390992164612,-0.09175316989421844,0.670484185218811,0.5474502444267273,-0.04700189083814621,0.7693713903427124,0.6375131607055664,-0.04718165099620819,0.7399723529815674,0.5605932474136353,-0.14972524344921112,0.6359976530075073,0.613665759563446,-0.11720763891935349,0.6669330596923828,0.6411563754081726,-0.06389661133289337,0.7774178385734558,0.7278273105621338,-0.1039535328745842,0.7216559052467346,0.6784199476242065,-0.15424348413944244,0.6522306799888611,0.7063537240028381,-0.13504306972026825,0.6761465072631836,0.7331812381744385,-0.10414508730173111,1.4127719660527192,1.275049919758922,0.8385516473311733,0.6590973454519181,0.6026053857283177,0.2456276330808192,0.481789775467044,0.5225793264862134,fist
0.48844683170318604,0.7967557907104492,-4.041740169213881e-07,0.48857152462005615,0.6082430481910706,-0.04647565260529518,0.5659816861152649,0.4497164189815521,-0.08676008880138397,0.6465798616409302,0.38008105754852295,-0.13776525855064392,0.7226264476776123,0.36138999462127686,-0.17935135960578918,0.7349091172218323,0.4636416435241699,0.03254149854183197,0.7458893656730652,0.40002062916755676,-0.06626799702644348,0.7040198445320129,0.3758959174156189,-0.10760772228240967,0.6948718428611755,0.372441828250885,-0.11619209498167038,0.7609098553657532,0.5443522930145264,0.00930722989141941,0.7708896398544312,0.45890843868255615,-0.09546592831611633,0.6546729207038879,0.5059619545936584,-0.09383289515972137,0.6732640266418457,0.5354048013687134,-0.05451241880655289,0.771985650062561,0.6385340094566345,-0.03787275403738022,0.7488975524902344,0.5687347650527954,-0.14218883216381073,0.6466192007064819,0.6133943200111389,-0.11429798603057861,0.6704946756362915,0.6377605199813843,-0.06288547068834305,0.7790663838386536,0.729915201663971,-0.0920599028468132,0.7307939529418945,0.6840478777885437,-0.14683674275875092,0.6604909896850586,0.7082927227020264,-0.12916246056556702,0.6799434423446655,0.7329354882240295,-0.0976586863398552,1.415463575616209,1.3080051626346525,0.8739781442393939,0.672230962567093,0.60355126860399,0.18805752835139466,0.4725914308951866,0.5445074632638796,fist
0.4871981739997864,0.7939989566802979,-4.509468851665588e-07,0.4905780255794525,0.6072588562965393,-0.04382583126425743,0.5719534158706665,0.44323790073394775,-0.08214323967695236,0.6552501320838928,0.3714955747127533,-0.1312233805656433,0.7328335642814636,0.37207698822021484,-0.1707879602909088,0.7405763864517212,0.4622473120689392,0.030973562970757484,0.7467108964920044,0.39909952878952026,-0.06621403247117996,0.7088186144828796,0.38130325078964233,-0.10461994260549545,0.7069216966629028,0.38358351588249207,-0.11181586980819702,0.7665446400642395,0.544062077999115,0.007924161851406097,0.774052083492279,0.46066105365753174,-0.09410066157579422,0.656599223613739,0.5120672583580017,-0.08741455525159836,0.681181013584137,0.5422321557998657,-0.045600906014442444,0.7778029441833496,0.6402214169502258,-0.038569457828998566,0.7544858455657959,0.5693864822387695,-0.14133316278457642,0.651050865650177,0.615452229976654,-0.10910331457853317,0.6769214272499084,0.6423934102058411,-0.055167391896247864,0.7831214666366577,0.7338154911994934,-0.09185577183961868,0.7354494333267212,0.6866690516471863,-0.14531688392162323,0.666021466255188,0.7098291516304016,-0.12569741904735565,0.6855345368385315,0.73517245054245,-0.0930718183517456,1.3795579699526226,1.2769893510742005,0.8564037034650506,0.6642536821238544,0.6050547852958841,0.17452546317279785,0.4636395775253177,0.5300891520393115,fist
0.49423956871032715,0.7986702919006348,-2.628363233725395e-07,0.4933190941810608,0.6075084805488586,-0.052717313170433044,0.5745058059692383,0.44580015540122986,-0.10158950090408325,0.6604858040809631,0.3771308958530426,-0.1613062471151352,0.7381431460380554,0.3739759922027588,-0.21149012446403503,0.7452489733695984,0.4588853120803833,0.030062448233366013,0.7518588304519653,0.39158934354782104,-0.07352352142333984,0.7121925354003906,0.3798034191131592,-0.11584289371967316,0.7095776200294495,0.38569146394729614,-0.12389842420816422,0.7741187810897827,0.5436766147613525,0.008952903561294079,0.7766934633255005,0.4612913727760315,-0.09629238396883011,0.6599675416946411,0.5173808336257935,-0.08944030851125717,0.6864362359046936,0.5480934381484985,-0.045966774225234985,0.784309446811676,0.639482855796814,-0.0380522646009922,0.7563566565513611,0.5664767026901245,-0.14216706156730652,0.6531650424003601,0.6169710159301758,-0.11293143033981323,0.6824876070022583,0.6441786885261536,-0.060808081179857254,0.7915937900543213,0.7300428152084351,-0.09276597201824188,0.7361842393875122,0.6808207631111145,-0.14447037875652313,0.6679909825325012,0.70923912525177,-0.12718218564987183,0.6920492053031921,0.7369216680526733,-0.09667565673589706,1.4085626595943503,1.2725400405403717,0.8426246667265087,0.6627526384827299,0.6037706593394003,0.2452255219952047,0.4795337369499352,0.5164628884301777,fist
0.49289628863334656,0.7914360761642456,-3.901003822193161e-07,0.49889251589775085,0.6014593243598938,-0.041128624230623245,0.5828848481178284,0.4374828338623047,-0.08074938505887985,0.667107880115509,0.36983683705329895,-0.13289161026477814,0.745635986328125,0.37048405408859253,-0.17613637447357178,0.7495287656784058,0.46529072523117065,0.04066433757543564,0.7600245475769043,0.3984984755516052,-0.054806485772132874,0.7244142889976501,0.3713349401950836,-0.09259425848722458,0.7176653742790222,0.36629459261894226,-0.09885947406291962,0.7770591974258423,0.5473853349685669,0.016212962567806244,0.7814830541610718,0.4584771394729614,-0.0832962617278099,0.6627967953681946,0.512790322303772,-0.07531473785638809,0.6839659214019775,0.5464978814125061,-0.031767766922712326,0.7869188785552979,0.6408336758613586,-0.032412320375442505,0.7581353187561035,0.5614514350891113,-0.13137176632881165,0.6544485092163086,0.6124935150146484,-0.10077319294214249,0.6804888844490051,0.6416095495223999,-0.0485486164689064,0.7915616631507874,0.7283731698989868,-0.08791547268629074,0.732174813747406,0.6757627725601196,-0.13771268725395203,0.664369523525238,0.7058510780334473,-0.12001431733369827,0.6882222890853882,0.7358187437057495,-0.08968883007764816,1.3912810513675988,1.309463126206357,0.8328696252748222,0.6532958733471893,0.5921429398915113,0.21948033337449663,0.520678448522808,0.528174224544588,fist
0.4885406494140625,0.7895485162734985,-4.4118442588114704e-07,0.4969066083431244,0.5920659899711609,-0.031238723546266556,0.5794509649276733,0.4303119480609894,-0.07266873121261597,0.6616008877754211,0.36388951539993286,-0.12990468740463257,0.738764762878418,0.36775124073028564,-0.17780472338199615,0.7439672350883484,0.45035499334335327,0.04866144061088562,0.7503130435943604,0.38412612676620483,-0.048927612602710724,0.6974247694015503,0.37801504135131836,-0.08711262792348862,0.6883106231689453,0.3834705054759979,-0.0929589495062828,0.7712072134017944,0.5356875061988831,0.016418514773249626,0.7728767395019531,0.450614869594574,-0.08342470228672028,0.6522164344787598,0.5057752132415771,-0.07503757625818253,0.6777769923210144,0.5362564325332642,-0.031757086515426636,0.7810544371604919,0.6312419772148132,-0.039973657578229904,0.7521978616714478,0.5523673892021179,-0.13767887651920319,0.6470491886138916,0.6039780974388123,-0.10677774250507355,0.6736208200454712,0.633873701095581,-0.05549590662121773,0.7865495681762695,0.7209817171096802,-0.10261398553848267,0.7249662280082703,0.6683499813079834,-0.15107938647270203,0.6562566757202148,0.6982803344726562,-0.13330428302288055,0.6792956590652466,0.7280205488204956,-0.10334348678588867,1.3717890616143034,1.2148938936483713,0.8356033555590037,0.6524885452116447,0.5929931668016004,0.26284965681903166,0.4336879781195972,0.538270619578373,fist
0.47844573855400085,0.780305027961731,-5.93428410411434e-07,0.48131656646728516,0.5856406688690186,-0.0274948850274086,0.5633228421211243,0.41506969928741455,-0.05541743338108063,0.651967465877533,0.3507729470729828,-0.09732203930616379,0.7274235486984253,0.3593997359275818,-0.131083682179451,0.7246358394622803,0.4404836595058441,0.04862015321850777,0.7334270477294922,0.3794483542442322,-0.041605979204177856,0.6984532475471497,0.3659220039844513,-0.08139724284410477,0.6939413547515869,0.3646741807460785,-0.09157189726829529,0.7549139857292175,0.5217227339744568,0.018860720098018646,0.7546125650405884,0.44235920906066895,-0.07780597358942032,0.6413332223892212,0.49504441022872925,-0.07656938582658768,0.6568573117256165,0.5299217104911804,-0.041745662689208984,0.7679967284202576,0.6170651912689209,-0.032670602202415466,0.7382664084434509,0.5442240834236145,-0.12747985124588013,0.6377718448638916,0.59063321352005,-0.09706216305494308,0.6551092267036438,0.6211801171302795,-0.04749796912074089,0.7702339887619019,0.7131710648536682,-0.09030041843652725,0.7164159417152405,0.6572079062461853,-0.13878384232521057,0.6462775468826294,0.6810128688812256,-0.11918984353542328,0.6603018641471863,0.7098510265350342,-0.08847367763519287,1.3357993024062322,1.258630236665459,0.8186017135809662,0.6397020604135779,0.5650265884349921,0.13734960780701622,0.4657673830247977,0.4905546193474129,fist
0.46250224113464355,0.7540580630302429,-8.212028888010536e-07,0.46158409118652344,0.5884776711463928,-0.02528911828994751,0.5441938042640686,0.4174111485481262,-0.04001709073781967,0.6309208869934082,0.34466177225112915,-0.06378278136253357,0.7076285481452942,0.335409939289093,-0.07990118861198425,0.7047641277313232,0.4290674328804016,0.0364924855530262,0.7190123796463013,0.3609808683395386,-0.03271040692925453,0.689168393611908,0.33708953857421875,-0.06313946098089218,0.6788340210914612,0.3300516903400421,-0.0726255252957344,0.7414258122444153,0.5076082944869995,0.014296522364020348,0.7352840900421143,0.4248676002025604,-0.060390159487724304,0.6252233982086182,0.4690212309360504,-0.057717859745025635,0.6293848752975464,0.5074154734611511,-0.03023959882557392,0.7547480463981628,0.6019906997680664,-0.025163399055600166,0.7152215242385864,0.5308074951171875,-0.09875083714723587,0.6166322231292725,0.5708766579627991,-0.0671016275882721,0.628685474395752,0.6033487319946289,-0.024565942585468292,0.7487268447875977,0.7005235552787781,-0.07045247405767441,0.6821654438972473,0.6425222754478455,-0.10881736129522324,0.6138799786567688,0.6651898622512817,-0.08888044953346252,0.630805492401123,0.6951746940612793,-0.06227022781968117,1.3199860702382133,1.2927245369550586,0.8036070595429683,0.6058984335382126,0.5070531498745848,0.08102184951440997,0.507259093856028,0.5113758601808351,fist
0.4418821334838867,0.7299540042877197,-1.0188208534600562e-06,0.44239306449890137,0.5758212208747864,-0.029567435383796692,0.522253155708313,0.40873047709465027,-0.04246196150779724,0.6075455546379089,0.3336526155471802,-0.06205650791525841,0.6850477457046509,0.32246553897857666,-0.07245999574661255,0.692101776599884,0.4053162634372711,0.03003762848675251,0.7004706859588623,0.3229018449783325,-0.04104163870215416,0.6497032046318054,0.32297226786613464,-0.0753476545214653,0.6271525025367737,0.3355327248573303,-0.0869206115603447,0.7313343286514282,0.4852352738380432,0.012338406406342983,0.7129205465316772,0.40726497769355774,-0.06190541759133339,0.6060952544212341,0.454253226518631,-0.06617593765258789,0.6008222103118896,0.49343031644821167,-0.04506094753742218,0.7436041235923767,0.5818973183631897,-0.021974435076117516,0.6907227635383606,0.5142087340354919,-0.09361642599105835,0.5934299826622009,0.555770218372345,-0.06809553503990173,0.5994218587875366,0.5863456130027771,-0.030342966318130493,0.7339462041854858,0.6835504770278931,-0.06224975362420082,0.6578377485275269,0.6282771825790405,-0.09856521338224411,0.5886622667312622,0.6521090269088745,-0.08112653344869614,0.6014177203178406,0.6799322366714478,-0.056136179715394974,1.2657630803628155,1.1716899959793459,0.7607485507869922,0.5677677716417368,0.46505114436140077,0.16107961238952975,0.4362950569771715,0.49264715875821047,fist
0.4309793710708618,0.7426380515098572,-8.929932846513111e-07,0.43010208010673523,0.5571430921554565,-0.027186181396245956,0.4972962737083435,0.39257386326789856,-0.05314569175243378,0.573505163192749,0.3147936761379242,-0.08804484456777573,0.649451732635498,0.3048907518386841,-0.11342190206050873,0.6817314028739929,0.39393484592437744,0.018647145479917526,0.6768109202384949,0.3039519190788269,-0.060667380690574646,0.6188326478004456,0.31592893600463867,-0.09682620316743851,0.6030845046043396,0.3333462178707123,-0.11136750876903534,0.7209970951080322,0.47545865178108215,-0.0073197330348193645,0.6783305406570435,0.3797849416732788,-0.09041382372379303,0.5708104372024536,0.4501855969429016,-0.0930640920996666,0.5823617577552795,0.4989400804042816,-0.07161274552345276,0.7282007336616516,0.5721286535263062,-0.0499127097427845,0.6533175706863403,0.4906092882156372,-0.1272577941417694,0.5590157508850098,0.544991672039032,-0.0983169674873352,0.5771449208259583,0.5758498907089233,-0.06034986302256584,0.7113454341888428,0.6661597490310669,-0.09853380918502808,0.6171330809593201,0.6121499538421631,-0.14020609855651855,0.5526583194732666,0.6428501605987549,-0.12473449856042862,0.5749582648277283,0.6694313883781433,-0.10230935364961624,1.2733655159366322,1.160651410421287,0.7497299873521795,0.582752411360288,0.48478147239035274,0.13803656215351626,0.4349804398439185,0.43963459552051687,fist
0.41596925258636475,0.7304350733757019,-1.0889834811678156e-06,0.4145779609680176,0.5303787589073181,-0.034046050161123276,0.47194933891296387,0.375599205493927,-0.06312262266874313,0.5393016934394836,0.2931252717971802,-0.0968942642211914,0.6082266569137573,0.2806170582771301,-0.11940073221921921,0.6781803369522095,0.37662968039512634,-0.0020732281263917685,0.6464418768882751,0.26780471205711365,-0.07517372816801071,0.5706376433372498,0.3023686707019806,-0.1105758547782898,0.5468526482582092,0.3431066870689392,-0.12614832818508148,0.7169651389122009,0.46021440625190735,-0.020281875506043434,0.6250269412994385,0.36369574069976807,-0.0904221162199974,0.5313243269920349,0.4428299069404602,-0.09515088051557541,0.5464022159576416,0.49383896589279175,-0.08229200541973114,0.7167981266975403,0.561802089214325,-0.05269544944167137,0.6041919589042664,0.47371938824653625,-0.1180712878704071,0.5211374163627625,0.5370157957077026,-0.09096071869134903,0.53831946849823,0.5756159424781799,-0.05888447165489197,0.689665675163269,0.6581698656082153,-0.09162334352731705,0.5791075825691223,0.5864130258560181,-0.12743036448955536,0.5200343728065491,0.6174280643463135,-0.11214105784893036,0.5363865494728088,0.6460531949996948,-0.09104804694652557,1.2432973587696015,1.056436574092384,0.6973283270397647,0.5084533798807657,0.4270198187444702,0.216905174632136,0.3876076933978509,0.3772647422780299,fist
0.40283218026161194,0.7294188141822815,-1.0966499530695728e-06,0.40114814043045044,0.5240165591239929,-0.028196508064866066,0.4482027292251587,0.37938961386680603,-0.06498797237873077,0.4991616904735565,0.2838602066040039,-0.10733317583799362,0.5505357980728149,0.2449941337108612,-0.13833163678646088,0.6696128249168396,0.36893993616104126,-0.012406067922711372,0.6141589283943176,0.2550644278526306,-0.08137405663728714,0.5398435592651367,0.29940664768218994,-0.11112748831510544,0.519717276096344,0.3481057286262512,-0.12357281893491745,0.7046505808830261,0.45113587379455566,-0.03511670231819153,0.5836174488067627,0.3456253707408905,-0.09920374304056168,0.4959811866283417,0.4327400326728821,-0.09695218503475189,0.5139334797859192,0.4868811368942261,-0.08180699497461319,0.6988381743431091,0.5521467328071594,-0.0699726790189743,0.5631725192070007,0.456570029258728,-0.12409550696611404,0.48716145753860474,0.5252935290336609,-0.08950038999319077,0.5044252276420593,0.5649639368057251,-0.057324450463056564,0.6649311780929565,0.6453433036804199,-0.11177254468202591,0.5371735692024231,0.5767094492912292,-0.14283868670463562,0.48658859729766846,0.6120707392692566,-0.126730278134346,0.5067148208618164,0.6409076452255249,-0.10686267167329788,1.27416155424505,1.0133470549637897,0.677216893131863,0.48934334492160003,0.4206856374281424,0.263635372708619,0.3520109512487062,0.37914121603755097,fist
0.40566977858543396,0.736038088798523,-9.397032272318029e-07,0.40158721804618835,0.5220841765403748,-0.017758456990122795,0.4248490333557129,0.3713822364807129,-0.07198671251535416,0.4599147140979767,0.2668505311012268,-0.13412584364414215,0.51289963722229,0.23522093892097473,-0.18579985201358795,0.6540387272834778,0.3594497740268707,-0.0517277792096138,0.573714017868042,0.24906492233276367,-0.12025953084230423,0.494948148727417,0.301402747631073,-0.13685594499111176,0.4854998290538788,0.35238975286483765,-0.14194896817207336,0.6824718117713928,0.44394147396087646,-0.08902879059314728,0.5492291450500488,0.34206974506378174,-0.15516230463981628,0.46411266922950745,0.42640453577041626,-0.13713930547237396,0.48375561833381653,0.48009172081947327,-0.11324083060026169,0.6725034117698669,0.5431912541389465,-0.13503947854042053,0.5231950283050537,0.4546235501766205,-0.18288515508174896,0.45105916261672974,0.5233575105667114,-0.13454440236091614,0.4703963100910187,0.5668853521347046,-0.09926766902208328,0.6393446922302246,0.6323966383934021,-0.18766462802886963,0.49651139974594116,0.5791721343994141,-0.21787741780281067,0.44935035705566406,0.620570719242096,-0.19979318976402283,0.4725225269794464,0.6544734239578247,-0.18121249973773956,1.3219202676848707,1.011244318515432,0.7050053331818448,0.5011138146807624,0.5087137273876772,0.31073975626903216,0.3176054758545177,0.4549267608508519,fist
0.4026610851287842,0.7225773334503174,-9.312478255196766e-07,0.3786933422088623,0.5098406672477722,-0.03962323069572449,0.3911183476448059,0.351269006729126,-0.09336407482624054,0.4171085059642792,0.24476033449172974,-0.14570389688014984,0.4636861979961395,0.23227106034755707,-0.18743491172790527,0.6372121572494507,0.3445548713207245,-0.09129311889410019,0.5324251055717468,0.23173002898693085,-0.15694589912891388,0.4506845474243164,0.2877919375896454,-0.17493298649787903,0.4447828233242035,0.33999156951904297,-0.18305541574954987,0.6568419933319092,0.4394625127315521,-0.11426083743572235,0.5007343292236328,0.3397054076194763,-0.18104659020900726,0.42577579617500305,0.40473073720932007,-0.1733388900756836,0.438238263130188,0.4577556550502777,-0.16094134747982025,0.6370368599891663,0.5418814420700073,-0.1434827446937561,0.46858125925064087,0.4495394825935364,-0.19556303322315216,0.40499868988990784,0.5075064897537231,-0.1565147489309311,0.4204792380332947,0.5564393997192383,-0.12788733839988708,0.5930655598640442,0.6367405652999878,-0.17951790988445282,0.44197484850883484,0.5738053321838379,-0.21588729321956635,0.39687272906303406,0.6154029369354248,-0.1996758133172989,0.4153045415878296,0.6569309830665588,-0.18194028735160828,1.3302178087900427,1.0728657834879138,0.78518822395729,0.5296600002782273,0.4879208297618706,0.2755206496322814,0.30206928448052733,0.5074419110638173,fist
0.3776772618293762,0.7053742408752441,-9.405104037796264e-07,0.3566635549068451,0.4966733157634735,-0.05210589990019798,0.3663000762462616,0.3376680016517639,-0.09975316375494003,0.38371384143829346,0.22179314494132996,-0.14152218401432037,0.4083620309829712,0.2316725105047226,-0.17218193411827087,0.6167473196983337,0.3316503167152405,-0.08454231917858124,0.49978432059288025,0.22349204123020172,-0.13994371891021729,0.41709354519844055,0.280724436044693,-0.15852920711040497,0.41131073236465454,0.33068883419036865,-0.1687949001789093,0.6337217092514038,0.4405721426010132,-0.0935937911272049,0.4581209719181061,0.33860406279563904,-0.14882206916809082,0.38582977652549744,0.3969309329986572,-0.1463785171508789,0.40117841958999634,0.4453863501548767,-0.1390802562236786,0.6058300137519836,0.5541216135025024,-0.10903419554233551,0.42117053270339966,0.4625777006149292,-0.15665051341056824,0.3639774024486542,0.5061053037643433,-0.13055624067783356,0.38412606716156006,0.5502337217330933,-0.10812215507030487,0.5505472421646118,0.6566121578216553,-0.13120706379413605,0.39733290672302246,0.5868829488754272,-0.16325467824935913,0.36154723167419434,0.6118589043617249,-0.1521635502576828,0.3824160397052765,0.6478731632232666,-0.13710160553455353,1.328652431991299,1.0849177449447474,0.7782770229921786,0.4978529105509306,0.3913840371262959,0.26080164405435846,0.3128957013144052,0.5350952036943522,fist
0.371183842420578,0.713192880153656,-6.373186920427543e-07,0.35004812479019165,0.5033134818077087,-0.05777320638298988,0.35734671354293823,0.3430814743041992,-0.11380516737699509,0.3615725040435791,0.22889672219753265,-0.1633455902338028,0.3685652017593384,0.24461401998996735,-0.20179271697998047,0.5990413427352905,0.31250107288360596,-0.09479841589927673,0.45461565256118774,0.2195618450641632,-0.15276676416397095,0.395355761051178,0.2821846008300781,-0.171753391623497,0.41596153378486633,0.3229270875453949,-0.18284644186496735,0.6085904836654663,0.42490383982658386,-0.10251279175281525,0.4145400822162628,0.33765846490859985,-0.1539614200592041,0.3633067011833191,0.39307379722595215,-0.14750486612319946,0.4069816470146179,0.4169939458370209,-0.13929946720600128,0.5761642456054688,0.5458112955093384,-0.11703130602836609,0.3792678713798523,0.4740813076496124,-0.15572838485240936,0.3356893062591553,0.5106916427612305,-0.12472031265497208,0.37424927949905396,0.5397804975509644,-0.10240072011947632,0.5193499326705933,0.6528060436248779,-0.14008185267448425,0.3624573349952698,0.600952684879303,-0.1632802039384842,0.3394773006439209,0.617678165435791,-0.1503310650587082,0.377771258354187,0.640702486038208,-0.13674511015415192,1.3173819669919962,1.1188313853444094,0.8502253312820635,0.5200762560226072,0.4000015174209986,0.24137603965352875,0.2686615018668503,0.5825884294747566,fist
0.3769381046295166,0.7179651260375977,-5.265943059384881e-07,0.35492533445358276,0.48462554812431335,-0.03952780365943909,0.3473851680755615,0.3298519253730774,-0.1047101691365242,0.3374425768852234,0.2185743749141693,-0.16676010191440582,0.32765844464302063,0.22888654470443726,-0.2186918407678604,0.5747777223587036,0.2941707372665405,-0.11674091964960098,0.41531917452812195,0.21466881036758423,-0.17065832018852234,0.36009418964385986,0.2764512300491333,-0.17631271481513977,0.38423383235931396,0.3129977285861969,-0.17842064797878265,0.5790755748748779,0.4113890826702118,-0.13823482394218445,0.37870198488235474,0.32866817712783813,-0.18230512738227844,0.33855944871902466,0.38047361373901367,-0.15725167095661163,0.3884374797344208,0.3967716693878174,-0.13902311027050018,0.5446165800094604,0.5358343124389648,-0.1630624383687973,0.3448144197463989,0.46818551421165466,-0.19160149991512299,0.3160320818424225,0.5062224268913269,-0.14427490532398224,0.35977962613105774,0.5344562530517578,-0.11564325541257858,0.4922170639038086,0.6484415531158447,-0.19497337937355042,0.33292675018310547,0.6009631156921387,-0.21226899325847626,0.32368892431259155,0.6157424449920654,-0.19128982722759247,0.3681996166706085,0.6341157555580139,-0.17466425895690918,1.371157733494194,1.1279768222927362,0.8924585066051175,0.5545332452477271,0.49428404990690994,0.2779853948998102,0.23617977308638607,0.6138442253558908,fist
0.3939444422721863,0.7170466184616089,-4.617682520802191e-07,0.3715096712112427,0.4684678316116333,0.0032567221205681562,0.34785589575767517,0.3352440893650055,-0.07467851042747498,0.3141002058982849,0.23534496128559113,-0.157507985830307,0.28182220458984375,0.21428024768829346,-0.23430629074573517,0.5405927896499634,0.2856646180152893,-0.17274431884288788,0.37398678064346313,0.2011374682188034,-0.22542522847652435,0.3196202516555786,0.26730799674987793,-0.21001993119716644,0.3435554504394531,0.3078080713748932,-0.19717922806739807,0.5386703610420227,0.40161874890327454,-0.2234160304069519,0.3378884494304657,0.3200807571411133,-0.26093971729278564,0.30283790826797485,0.3771751821041107,-0.2011386752128601,0.3518316149711609,0.39675992727279663,-0.16262300312519073,0.5033729672431946,0.5229613780975342,-0.2691868841648102,0.3083186149597168,0.4593445956707001,-0.28258204460144043,0.29245224595069885,0.5026336908340454,-0.2038210928440094,0.3374153971672058,0.5360597372055054,-0.1625351905822754,0.4582338035106659,0.6337965726852417,-0.31827181577682495,0.3039308786392212,0.5941764116287231,-0.3288438022136688,0.2993355393409729,0.6030478477478027,-0.2928568422794342,0.3381802439689636,0.6199243068695068,-0.2696222960948944,1.371079488468033,1.107351284602827,0.8762555716675385,0.605072214697709,0.7073577984632277,0.28602517758698415,0.2320738251319336,0.6005354355327605,fist
0.4041769504547119,0.7022976875305176,-2.940928425232414e-07,0.3653227686882019,0.47243714332580566,-0.009122258052229881,0.3286023736000061,0.3397900462150574,-0.09366431087255478,0.277859091758728,0.24420714378356934,-0.1783079206943512,0.2402072250843048,0.20859593152999878,-0.2585400342941284,0.5060561299324036,0.27570560574531555,-0.21599160134792328,0.3365406394004822,0.1940317004919052,-0.2676840126514435,0.2833446264266968,0.25884371995925903,-0.2423754632472992,0.3085087537765503,0.29691681265830994,-0.22274985909461975,0.5036288499832153,0.3941137492656708,-0.26078301668167114,0.3005470037460327,0.3174660801887512,-0.30270954966545105,0.2704390287399292,0.36651086807250977,-0.23871809244155884,0.3156379461288452,0.37984499335289,-0.1977095752954483,0.46820133924484253,0.5162978172302246,-0.2988561689853668,0.26427656412124634,0.46209436655044556,-0.31894055008888245,0.2568623125553131,0.49981188774108887,-0.24046500027179718,0.3076420724391937,0.5241814851760864,-0.19940350949764252,0.42611193656921387,0.6248346567153931,-0.3395102620124817,0.26740723848342896,0.5926189422607422,-0.35985255241394043,0.26449376344680786,0.6018085479736328,-0.3260687589645386,0.3034113347530365,0.6164296865463257,-0.3040233552455902,1.3971718209889117,1.136017873238349,0.9342910998537141,0.6836815600151853,0.7975236554274218,0.28198753133490484,0.20904852339823107,0.6245118394535005,fist
0.40352460741996765,0.702489972114563,-4.546914453840145e-07,0.3676304519176483,0.5110435485839844,-0.023573430255055428,0.3264095187187195,0.3451811671257019,-0.07387897372245789,0.25482749938964844,0.24255111813545227,-0.12134571373462677,0.1915944516658783,0.20990295708179474,-0.16439664363861084,0.4813644289970398,0.26559948921203613,-0.12130527943372726,0.29141372442245483,0.18629445135593414,-0.15965940058231354,0.2495134472846985,0.2635692358016968,-0.15326428413391113,0.2801680564880371,0.30834776163101196,-0.14803121984004974,0.4777035117149353,0.38036635518074036,-0.1430090218782425,0.24564877152442932,0.3139166533946991,-0.1791548877954483,0.2388325333595276,0.385687917470932,-0.155767560005188,0.2893750071525574,0.4046350121498108,-0.14264701306819916,0.44187110662460327,0.5024328827857971,-0.16278842091560364,0.2181709110736847,0.4533354640007019,-0.1867150515317917,0.2284863144159317,0.5123165845870972,-0.1517978310585022,0.28518205881118774,0.531952977180481,-0.13529998064041138,0.3927951157093048,0.6178402900695801,-0.18476663529872894,0.21727769076824188,0.5787500739097595,-0.2065342664718628,0.22921451926231384,0.6120307445526123,-0.19151733815670013,0.28129905462265015,0.6299741268157959,-0.18143990635871887,1.557279702474171,1.2181196464717043,0.9701740165992949,0.6879574522818277,0.639911403168513,0.37047946231932005,0.2689777312695587,0.6352558793092354,fist
0.39236176013946533,0.6936393976211548,1.993394782573432e-09,0.329593300819397,0.4622070789337158,0.014356161467730999,0.2927848696708679,0.335086852312088,-0.0790000855922699,0.22233693301677704,0.2612488269805908,-0.17395897209644318,0.15038847923278809,0.22420285642147064,-0.27046817541122437,0.430450975894928,0.26465994119644165,-0.26883652806282043,0.2522742450237274,0.2001165896654129,-0.3039420545101166,0.20358531177043915,0.27089470624923706,-0.2535277307033539,0.22001875936985016,0.3069242238998413,-0.21902073919773102,0.4230802655220032,0.38511407375335693,-0.32321059703826904,0.22027017176151276,0.3301827311515808,-0.34945088624954224,0.2147967666387558,0.4032447040081024,-0.2559507489204407,0.2635318636894226,0.4250161349773407,-0.1977297067642212,0.38714084029197693,0.5118581056594849,-0.362686425447464,0.1849117875099182,0.4687439799308777,-0.36419010162353516,0.19018703699111938,0.5258505344390869,-0.26159122586250305,0.24159172177314758,0.5449385643005371,-0.2107003629207611,0.34286755323410034,0.6178044080734253,-0.40132588148117065,0.19004416465759277,0.6040542721748352,-0.4105704426765442,0.1964830756187439,0.6199751496315002,-0.3648170232772827,0.23864218592643738,0.6316002011299133,-0.3384600579738617,1.3248133802292181,1.0642932692395681,0.798347737639893,0.6669797069915027,0.8414592302680846,0.26735119892186776,0.28499008835955936,0.5608634119731638,fist
0.3805239498615265,0.6592841744422913,5.33952473347199e-08,0.3512609302997589,0.46913570165634155,-0.02657121606171131,0.27807801961898804,0.3359488844871521,-0.12083394080400467,0.17295488715171814,0.29379069805145264,-0.2019711285829544,0.08318085968494415,0.32352086901664734,-0.28680938482284546,0.37165504693984985,0.28441470861434937,-0.2835403084754944,0.1972387135028839,0.22998206317424774,-0.3095449209213257,0.12200313806533813,0.2725221812725067,-0.2617221772670746,0.0867251306772232,0.3202628493309021,-0.23015107214450836,0.36381009221076965,0.4006602466106415,-0.30882272124290466,0.1425553262233734,0.3582712411880493,-0.318017840385437,0.1610804796218872,0.4318905472755432,-0.23021790385246277,0.20950689911842346,0.46201956272125244,-0.1831618994474411,0.3219759464263916,0.5182047486305237,-0.3222181499004364,0.10129596292972565,0.49867743253707886,-0.3072429895401001,0.1454375982284546,0.5563288927078247,-0.2190055400133133,0.20634393393993378,0.5707424283027649,-0.1867009997367859,0.2698316276073456,0.620040237903595,-0.33766970038414,0.10689765214920044,0.6327614188194275,-0.3392428159713745,0.1404564380645752,0.6591485738754272,-0.2999649941921234,0.19313190877437592,0.6668084859848022,-0.28570428490638733,1.3204738146640738,1.2506325983341302,0.7910448012875394,0.6703318406855385,0.8477011572480786,0.14104194654873733,0.4795483241488962,0.5695302132024249,fist
0.3887491822242737,0.6844831705093384,1.1844607961108977e-08,0.3275877833366394,0.47730299830436707,-0.0027952988166362047,0.2398751676082611,0.339743047952652,-0.09798324108123779,0.1246752142906189,0.3000277876853943,-0.1901213377714157,0.03698962926864624,0.34029215574264526,-0.2857923209667206,0.3449956774711609,0.2755086421966553,-0.2679022550582886,0.14429888129234314,0.24779322743415833,-0.297419011592865,0.10384476184844971,0.31241971254348755,-0.24415473639965057,0.11737346649169922,0.34271469712257385,-0.20883211493492126,0.3403671085834503,0.40312424302101135,-0.31259822845458984,0.10875816643238068,0.3796309232711792,-0.3377876281738281,0.12838654220104218,0.45968690514564514,-0.2511533796787262,0.18219724297523499,0.4788944125175476,-0.20005019009113312,0.3098992705345154,0.5296194553375244,-0.34353071451187134,0.08374293148517609,0.5291602611541748,-0.3385109305381775,0.1272532194852829,0.584286093711853,-0.24678371846675873,0.19275468587875366,0.5920650362968445,-0.20835956931114197,0.2699097692966461,0.640346884727478,-0.3748318552970886,0.0973917692899704,0.6599515676498413,-0.3794603645801544,0.13302597403526306,0.6813578605651855,-0.3385050296783447,0.19453254342079163,0.6847316026687622,-0.32007211446762085,1.3442989267363612,1.1427966411082835,0.834974411650059,0.7100894632626031,0.8843536589287946,0.26293299833402733,0.3568629965409578,0.5635868791387428,fist
0.38506782054901123,0.6931872367858887,-2.1140657224805182e-07,0.3332769274711609,0.4833792448043823,-0.016567345708608627,0.23413516581058502,0.3221854269504547,-0.09143228083848953,0.10738023370504379,0.28790101408958435,-0.15907450020313263,0.024095162749290466,0.3640068769454956,-0.22735603153705597,0.3347089886665344,0.28070491552352905,-0.22368304431438446,0.11357035487890244,0.26853370666503906,-0.2542099952697754,0.09899021685123444,0.3465190529823303,-0.21670956909656525,0.12832242250442505,0.3713502287864685,-0.1933775246143341,0.3258725702762604,0.4090858995914459,-0.25501444935798645,0.07785278558731079,0.3975202143192291,-0.29260966181755066,0.11153379082679749,0.4713369309902191,-0.2408457249403,0.17214524745941162,0.4853309690952301,-0.21472841501235962,0.29308614134788513,0.5313142538070679,-0.27508869767189026,0.0606255978345871,0.5324957370758057,-0.28786396980285645,0.11368115246295929,0.586896538734436,-0.2270471602678299,0.18213893473148346,0.5955690145492554,-0.20479120314121246,0.2506451904773712,0.6442090272903442,-0.2953036427497864,0.08307026326656342,0.6599283814430237,-0.3098321557044983,0.12554606795310974,0.6870177984237671,-0.283090740442276,0.18573802709579468,0.6886740922927856,-0.2738921344280243,1.3947744348385542,1.1773720828877807,0.9498226462270077,0.7878830153880335,0.8769102005339622,0.2843986902369105,0.3208848682825412,0.5493003280715819,fist
0.37560635805130005,0.6787386536598206,1.2114253422623733e-07,0.29811733961105347,0.45401790738105774,0.001741784275509417,0.20395520329475403,0.3141201436519623,-0.10265389829874039,0.08865415304899216,0.29674863815307617,-0.1993957757949829,0.007162719964981079,0.37036311626434326,-0.300275593996048,0.3057860732078552,0.28098243474960327,-0.3092159032821655,0.09028752148151398,0.27879807353019714,-0.3253704607486725,0.08800382167100906,0.36010998487472534,-0.2578330338001251,0.12549978494644165,0.3817477822303772,-0.2154449075460434,0.2972548007965088,0.4146892726421356,-0.35018977522850037,0.0641113668680191,0.40040966868400574,-0.3627641797065735,0.10683510452508926,0.47811004519462585,-0.268588662147522,0.1708485186100006,0.48803117871284485,-0.22115932404994965,0.2648221254348755,0.5331868529319763,-0.37078267335891724,0.0565175861120224,0.5337046980857849,-0.34226834774017334,0.11733286082744598,0.5941274166107178,-0.2468581646680832,0.18807221949100494,0.5980360507965088,-0.21846717596054077,0.2244391292333603,0.6290231943130493,-0.39082011580467224,0.08163879811763763,0.6626908779144287,-0.37244775891304016,0.13010773062705994,0.6919554471969604,-0.3282398283481598,0.1929778903722763,0.6911507844924927,-0.31816595792770386,1.2717031654524373,0.9966657393881377,0.8005347220550533,0.6711478263616882,0.8238887214910059,0.3278051988885976,0.2596807447414495,0.5076685764085089,fist
0.3923852741718292,0.6765713691711426,6.034556321310447e-08,0.32066383957862854,0.4551589787006378,-0.0004171850741840899,0.21641162037849426,0.3305807411670685,-0.10175567120313644,0.08755400776863098,0.32287076115608215,-0.19795967638492584,0.0010552704334259033,0.39215102791786194,-0.29743704199790955,0.29305270314216614,0.2602536678314209,-0.27897965908050537,0.07740411162376404,0.2742891311645508,-0.2993570864200592,0.06810609996318817,0.35931137204170227,-0.23809561133384705,0.10020075738430023,0.386888712644577,-0.19870975613594055,0.2857482433319092,0.39750751852989197,-0.3207857608795166,0.05101071298122406,0.4064699113368988,-0.34269312024116516,0.09489472210407257,0.48891329765319824,-0.2567842900753021,0.16163666546344757,0.4946909546852112,-0.2101600617170334,0.257871150970459,0.5260785222053528,-0.34533578157424927,0.05056770145893097,0.5506876111030579,-0.33029818534851074,0.11306259781122208,0.5999897122383118,-0.2401408702135086,0.18740510940551758,0.5943853855133057,-0.20924673974514008,0.22419260442256927,0.6303102970123291,-0.36922532320022583,0.08242885023355484,0.6714850664138794,-0.36013293266296387,0.13222862780094147,0.6984005570411682,-0.3155427575111389,0.19388556480407715,0.68864905834198,-0.30056941509246826,1.2955190520267816,1.0423524171778642,0.8240812820142511,0.6940302250821864,0.822176110201597,0.3194154541541402,0.2842614724984369,0.49369154435595036,fist
0.39231258630752563,0.666315495967865,-6.97027218166113e-08,0.3230495750904083,0.4533419907093048,0.0008001865935511887,0.213435560464859,0.3274441063404083,-0.08929046243429184,0.07421673834323883,0.33049821853637695,-0.17138221859931946,-0.02156442403793335,0.4144488275051117,-0.25526368618011475,0.2843096852302551,0.2585027813911438,-0.28027594089508057,0.06632021814584732,0.27199608087539673,-0.30047711730003357,0.07591147720813751,0.36049288511276245,-0.24209927022457123,0.11748893558979034,0.3846476674079895,-0.204837366938591,0.2724810242652893,0.4039963185787201,-0.31792813539505005,0.049131110310554504,0.4043964147567749,-0.3455602526664734,0.09147588163614273,0.47443264722824097,-0.2699452340602875,0.1554519534111023,0.484382301568985,-0.23031175136566162,0.2407035380601883,0.537703275680542,-0.33606433868408203,0.050651490688323975,0.5493110418319702,-0.3270028233528137,0.10978619009256363,0.5905270576477051,-0.24092192947864532,0.1806045025587082,0.5894951224327087,-0.20969907939434052,0.20287945866584778,0.648418128490448,-0.3525172472000122,0.08514834195375443,0.6702650785446167,-0.347785085439682,0.13308019936084747,0.6912253499031067,-0.3034333884716034,0.18870937824249268,0.6835486888885498,-0.2862357497215271,1.275785127909449,1.0335565209064577,0.8786509494672701,0.7169031941747279,0.8193125769959237,0.35151736444075454,0.2555981392966229,0.4881265025359332,fist
0.41026079654693604,0.6679891347885132,-2.4274498855447746e-08,0.3471180200576782,0.4498213529586792,-0.014402708038687706,0.23927658796310425,0.32812681794166565,-0.10766804218292236,0.09424985200166702,0.33284932374954224,-0.189567431807518,0.0005179941654205322,0.4218864440917969,-0.27220141887664795,0.2804202437400818,0.24967296421527863,-0.2849990129470825,0.054139070212841034,0.28250372409820557,-0.3102118670940399,0.08028066903352737,0.36843106150627136,-0.2565966844558716,0.1291867345571518,0.3853670358657837,-0.2204204797744751,0.26734644174575806,0.3982696831226349,-0.3130107522010803,0.04406404495239258,0.41088971495628357,-0.3415711224079132,0.09039437025785446,0.4747292399406433,-0.26811492443084717,0.15157486498355865,0.4797900915145874,-0.22891393303871155,0.23800653219223022,0.5384517908096313,-0.32347968220710754,0.057279638946056366,0.5594642162322998,-0.3170689642429352,0.11762482672929764,0.5949959754943848,-0.2350054383277893,0.18643414974212646,0.5881837010383606,-0.20485524833202362,0.20314474403858185,0.6538891196250916,-0.33341264724731445,0.09236306697130203,0.6815125346183777,-0.3282731771469116,0.14217711985111237,0.7019271850585938,-0.28476575016975403,0.19450941681861877,0.6903203725814819,-0.26756879687309265,1.2580887548639337,1.0417981736581126,0.8997314773536447,0.7176016518401429,0.7878245117443374,0.3280472859201016,0.22280517461807375,0.4993359538669396,fist
0.4252675771713257,0.6610814332962036,-2.8454741141104023e-07,0.34626442193984985,0.44365283846855164,0.01494855061173439,0.21884004771709442,0.3036215603351593,-0.06033197417855263,0.06577159464359283,0.3117225766181946,-0.12774312496185303,-0.02748727798461914,0.4199952185153961,-0.19767054915428162,0.2794490158557892,0.25042226910591125,-0.2604050934314728,0.06035538762807846,0.28922218084335327,-0.2748573124408722,0.089801125228405,0.3637773394584656,-0.21902230381965637,0.13546189665794373,0.3799571096897125,-0.18438732624053955,0.27249377965927124,0.40392443537712097,-0.3012009263038635,0.049448490142822266,0.41985490918159485,-0.3189527690410614,0.09941162168979645,0.47143903374671936,-0.24981112778186798,0.1636415421962738,0.4830532968044281,-0.21886105835437775,0.2475150227546692,0.5475269556045532,-0.32044827938079834,0.05957359820604324,0.562924861907959,-0.3041381239891052,0.12449663877487183,0.5927163362503052,-0.225607767701149,0.19442707300186157,0.5895196795463562,-0.20202793180942535,0.21783369779586792,0.670302152633667,-0.3361677825450897,0.10247071087360382,0.6817214488983154,-0.3237438201904297,0.15502020716667175,0.6970508694648743,-0.2791163921356201,0.20761732757091522,0.688666045665741,-0.26434487104415894,1.2949918152690882,1.0456433957556348,0.9064102129742059,0.7420607222254281,0.8092682148655033,0.39652450521859944,0.26455308796208593,0.5067865997103744,fist
0.4292517602443695,0.6542240977287292,-1.856203368788556e-07,0.3588207960128784,0.4453197121620178,-0.0013177955988794565,0.24269112944602966,0.3185396194458008,-0.07487049698829651,0.09552358090877533,0.34094879031181335,-0.13857997953891754,0.004931792616844177,0.44722914695739746,-0.20329517126083374,0.26881271600723267,0.25500208139419556,-0.24936780333518982,0.0535111129283905,0.29694780707359314,-0.2745829224586487,0.09076165407896042,0.3682877719402313,-0.23269012570381165,0.14046698808670044,0.3814089298248291,-0.20567072927951813,0.2578456401824951,0.40803754329681396,-0.28116247057914734,0.04589340090751648,0.4309888184070587,-0.309142529964447,0.1009569987654686,0.4829273223876953,-0.25118526816368103,0.1655684858560562,0.48933959007263184,-0.22357836365699768,0.23455245792865753,0.553764283657074,-0.29530349373817444,0.06516898423433304,0.582371175289154,-0.2919823229312897,0.1304255723953247,0.6113758087158203,-0.22022292017936707,0.19551891088485718,0.602594792842865,-0.19489942491054535,0.20965708792209625,0.678903341293335,-0.30755141377449036,0.10997544974088669,0.6988486647605896,-0.3026411831378937,0.1640598326921463,0.7112487554550171,-0.25969767570495605,0.21195153892040253,0.6960899233818054,-0.24211236834526062,1.2502288989469768,1.0880650980711941,0.931587212571084,0.7507758215708324,0.7977942646624276,0.3665143279125675,0.2730145666298405,0.5173306716821664,fist
0.4544512629508972,0.6725021600723267,-5.163177547728992e-07,0.39438164234161377,0.47416892647743225,-0.0015651127323508263,0.2609589099884033,0.33812853693962097,-0.04100929573178291,0.10764559358358383,0.3404598832130432,-0.07432595640420914,0.019121065735816956,0.4339558482170105,-0.10735166817903519,0.2658618092536926,0.26467442512512207,-0.1484404355287552,0.0533103346824646,0.31954652070999146,-0.1854449063539505,0.08517196029424667,0.38827818632125854,-0.17555250227451324,0.13574950397014618,0.39967483282089233,-0.1659311056137085,0.25101765990257263,0.4052589535713196,-0.1722675859928131,0.04964311420917511,0.45439037680625916,-0.20698696374893188,0.09985748678445816,0.5020692944526672,-0.17934833467006683,0.1638573408126831,0.500686764717102,-0.16408365964889526,0.23270940780639648,0.5484024882316589,-0.18706905841827393,0.07404133677482605,0.5971413850784302,-0.20526576042175293,0.1329791396856308,0.6248952150344849,-0.1642295867204666,0.1961725503206253,0.6098885536193848,-0.1442859023809433,0.21710419654846191,0.6834858655929565,-0.19999496638774872,0.12113912403583527,0.7116961479187012,-0.2109375149011612,0.17273646593093872,0.7248615026473999,-0.18433614075183868,0.21931152045726776,0.7054293155670166,-0.16810494661331177,1.3454944766825137,1.195212272234751,0.9943967975337233,0.8011347820109564,0.7707156140046953,0.3574900526040448,0.2778154271526788,0.5620569693324421,fist
0.4570218324661255,0.6731863021850586,-4.795700192516961e-07,0.38449472188949585,0.47150561213493347,0.00174524646718055,0.2556614279747009,0.3437768220901489,-0.04064921662211418,0.10426954180002213,0.3616863489151001,-0.07793976366519928,0.008899062871932983,0.44495251774787903,-0.11437193304300308,0.2556302547454834,0.274438738822937,-0.15052558481693268,0.053855299949645996,0.3380699157714844,-0.18709872663021088,0.09270671010017395,0.3972952365875244,-0.17656686902046204,0.1457236111164093,0.4041075110435486,-0.16668462753295898,0.24358968436717987,0.42159733176231384,-0.17498305439949036,0.05566383898258209,0.48073622584342957,-0.21058213710784912,0.109263114631176,0.5183513164520264,-0.18278388679027557,0.1743079572916031,0.5101227164268494,-0.16874045133590698,0.22734276950359344,0.5657793283462524,-0.18951337039470673,0.0808163583278656,0.6157830953598022,-0.20595842599868774,0.14085924625396729,0.6368752717971802,-0.16053521633148193,0.20305441319942474,0.6193848848342896,-0.13921865820884705,0.21345706284046173,0.6981450915336609,-0.20213957130908966,0.1266738623380661,0.7184174060821533,-0.20857679843902588,0.17809592187404633,0.7315619587898254,-0.17729219794273376,0.22311937808990479,0.7160217761993408,-0.15869198739528656,1.3809841012148067,1.1887647963530414,0.9838084890178941,0.7887854028827097,0.7655009622919786,0.40720107546492024,0.2940645140736261,0.56725220670899,fist
0.46293699741363525,0.6767935156822205,-5.328026304596278e-07,0.3902784585952759,0.4835054278373718,0.0030707167461514473,0.2561248540878296,0.36560219526290894,-0.032883238047361374,0.10277937352657318,0.38630008697509766,-0.06442231684923172,0.004118144512176514,0.46107280254364014,-0.09487272799015045,0.251179963350296,0.2816755771636963,-0.12927716970443726,0.05828471481800079,0.3456100523471832,-0.16186027228832245,0.0933900997042656,0.4066619873046875,-0.152884840965271,0.14352884888648987,0.41474539041519165,-0.14439646899700165,0.2378711849451065,0.4224741756916046,-0.1517520546913147,0.05881822109222412,0.4849052131175995,-0.18268144130706787,0.11013594269752502,0.523381233215332,-0.15827801823616028,0.17267799377441406,0.5163313150405884,-0.1458585113286972,0.2222079485654831,0.565093994140625,-0.16533032059669495,0.08525050431489944,0.622631311416626,-0.17889949679374695,0.1448998749256134,0.6420626044273376,-0.13749152421951294,0.20393528044223785,0.6255065202713013,-0.11810840666294098,0.20944131910800934,0.6990814208984375,-0.1769496202468872,0.1314130276441574,0.7254059910774231,-0.18197350203990936,0.18335109949111938,0.7369859218597412,-0.15316055715084076,0.2248009741306305,0.7203734517097473,-0.1356143057346344,1.3866715735524635,1.1765817025608398,0.974044685266093,0.7775970942449847,0.745991694205699,0.4167790231361786,0.28414969366969445,0.5668279707823279,fist
0.46382808685302734,0.6713085770606995,-5.497300321621879e-07,0.3872978091239929,0.4821626842021942,0.01445490587502718,0.2604137659072876,0.36546656489372253,-0.020425813272595406,0.11258594691753387,0.3933602571487427,-0.051387056708335876,0.01787152886390686,0.4756898283958435,-0.08316554129123688,0.24078378081321716,0.2913268506526947,-0.14314395189285278,0.05479730665683746,0.35962069034576416,-0.15823513269424438,0.09076455980539322,0.4208509922027588,-0.1310267299413681,0.1380254328250885,0.42932650446891785,-0.11321020871400833,0.23084750771522522,0.4293513298034668,-0.16940492391586304,0.059460267424583435,0.49638569355010986,-0.18528355658054352,0.11124015599489212,0.5352092981338501,-0.1502060443162918,0.17307227849960327,0.5316983461380005,-0.13498902320861816,0.22028207778930664,0.5706427693367004,-0.18242374062538147,0.0906943827867508,0.6315042972564697,-0.1795988529920578,0.15223313868045807,0.6518473029136658,-0.13306298851966858,0.2119617760181427,0.6389331221580505,-0.11716368049383163,0.21230800449848175,0.7038818001747131,-0.19225867092609406,0.14082613587379456,0.7319031953811646,-0.18807421624660492,0.19403347373008728,0.7421322464942932,-0.15688495337963104,0.234999880194664,0.7266709208488464,-0.141587495803833,1.3132181330461103,1.1199814069537704,0.9294284357298986,0.7434041182214528,0.7302768034577652,0.3515387654355467,0.29339864046246567,0.5440744297079781,fist
0.4646363854408264,0.673001766204834,-6.35378569313616e-07,0.3665800094604492,0.479605495929718,0.06888510286808014,0.24679800868034363,0.3802609443664551,0.030596205964684486,0.11280156672000885,0.4141303598880768,-0.01003528106957674,0.016476213932037354,0.4908389449119568,-0.05698509141802788,0.23407626152038574,0.3014261722564697,-0.17916004359722137,0.05578066408634186,0.36319467425346375,-0.1435788869857788,0.09161897748708725,0.4335756301879883,-0.06079026311635971,0.1308211386203766,0.44748932123184204,-0.012439224869012833,0.22997644543647766,0.42960330843925476,-0.22694064676761627,0.0594523549079895,0.4978485405445099,-0.1925966590642929,0.11485506594181061,0.5494046211242676,-0.11171207576990128,0.17501676082611084,0.5515545010566711,-0.07853079587221146,0.22040319442749023,0.5682644844055176,-0.24787703156471252,0.09631433337926865,0.6319538354873657,-0.18071606755256653,0.16277280449867249,0.6555167436599731,-0.10421016812324524,0.22261357307434082,0.6462118625640869,-0.09307490289211273,0.20727959275245667,0.6933436989784241,-0.26139187812805176,0.14595454931259155,0.724835991859436,-0.2085248827934265,0.20086322724819183,0.7374908328056335,-0.16011293232440948,0.24150535464286804,0.725811243057251,-0.1490965634584427,1.1962516295315038,0.9897933201792783,0.7949979378907254,0.6401861107213118,0.6716788253235597,0.3196159761108995,0.3216157728204988,0.48972008629352354,fist
0.4743206799030304,0.6685617566108704,-7.318686243706907e-07,0.3841659724712372,0.4823783040046692,0.04861226677894592,0.2544858753681183,0.37794461846351624,0.020765798166394234,0.10989050567150116,0.4115760624408722,-0.007599761243909597,0.01565384864807129,0.4986734390258789,-0.03986843302845955,0.23417703807353973,0.2972286343574524,-0.14285318553447723,0.055150046944618225,0.37072545289993286,-0.12385325878858566,0.0892811194062233,0.44361090660095215,-0.06594035029411316,0.12776267528533936,0.45738428831100464,-0.03282773494720459,0.22681178152561188,0.42184215784072876,-0.1809864044189453,0.06189735233783722,0.5134047269821167,-0.16569127142429352,0.11672836542129517,0.559236466884613,-0.10982099175453186,0.17819546163082123,0.555902361869812,-0.08859103918075562,0.21935294568538666,0.560599148273468,-0.19849549233913422,0.09954093396663666,0.642181932926178,-0.15808889269828796,0.16445893049240112,0.6623563170433044,-0.09999726712703705,0.22307343780994415,0.64908766746521,-0.09044793248176575,0.21218709647655487,0.689693033695221,-0.21023446321487427,0.1527695655822754,0.729541003704071,-0.17980602383613586,0.20739269256591797,0.7418224215507507,-0.1430063545703888,0.24654430150985718,0.7276294827461243,-0.13258279860019684,1.2469347320957367,1.0345516593291417,0.8359229675368868,0.680308439858135,0.6862799000418106,0.3040917546617555,0.31489831568814636,0.4827554490597426,fist
0.4769810736179352,0.6593495607376099,-7.092894520610571e-07,0.3794679045677185,0.474997341632843,0.06545370817184448,0.2546904683113098,0.37669479846954346,0.03167164698243141,0.11596260964870453,0.4107136130332947,-0.005331662017852068,0.018625319004058838,0.49405431747436523,-0.04850197583436966,0.23533043265342712,0.2923792004585266,-0.1610780507326126,0.05535954236984253,0.3648180365562439,-0.1292349398136139,0.08688483387231827,0.43485796451568604,-0.053663469851017,0.12374213337898254,0.4494633972644806,-0.009968779981136322,0.23295727372169495,0.41803497076034546,-0.20797835290431976,0.06123664975166321,0.503032922744751,-0.17699608206748962,0.11812564730644226,0.552038848400116,-0.10293133556842804,0.17864851653575897,0.5506320595741272,-0.07351744920015335,0.22800160944461823,0.5570634603500366,-0.2302180677652359,0.09777335822582245,0.63433438539505,-0.17097216844558716,0.16683341562747955,0.6542485356330872,-0.09912563115358353,0.2287205308675766,0.6423853635787964,-0.08825680613517761,0.2201305329799652,0.6858381032943726,-0.24539628624916077,0.15263459086418152,0.7243407964706421,-0.20127664506435394,0.2094590961933136,0.733085036277771,-0.15664458274841309,0.25180479884147644,0.7201212048530579,-0.14594121277332306,1.2202013699601169,1.0242152174134977,0.8121854309317831,0.6579409870145565,0.6856077091381795,0.30030490750845074,0.32765299279078997,0.4941575395156896,fist
0.4688965380191803,0.992861270904541,1.3922136758992565e-06,0.398490846157074,0.9219143986701965,-0.06739012897014618,0.390188604593277,0.7932353019714355,-0.10151667892932892,0.4806581437587738,0.7011096477508545,-0.1311143934726715,0.5568298101425171,0.6317649483680725,-0.15692661702632904,0.37863045930862427,0.5883362889289856,-0.06300485134124756,0.34154942631721497,0.41981178522109985,-0.10640304535627365,0.3204358220100403,0.3098251223564148,-0.13315238058567047,0.30548834800720215,0.21654373407363892,-0.15121594071388245,0.4609583616256714,0.5806423425674438,-0.06009019911289215,0.5074831247329712,0.40140342712402344,-0.10427302122116089,0.540860652923584,0.2914974093437195,-0.1295788288116455,0.5697349309921265,0.19812393188476562,-0.14140214025974274,0.5200158357620239,0.6300053596496582,-0.06474261730909348,0.5641184449195862,0.5725772380828857,-0.12537424266338348,0.5267289876937866,0.6752252578735352,-0.1318216621875763,0.5000870823860168,0.7371640205383301,-0.11940254271030426,0.5618515610694885,0.7070154547691345,-0.07502099871635437,0.5830751657485962,0.6822916269302368,-0.12516361474990845,0.546454668045044,0.7576201558113098,-0.12478518486022949,0.5174312591552734,0.8032339811325073,-0.11285241693258286,0.9682454741340808,1.938335810103636,1.9524495379175666,0.6814340152599005,0.5422809745469335,1.1650012358602855,0.6361885303570215,1.4593383544344296,peace
0.467859148979187,0.9869051575660706,1.419304680894129e-06,0.3964889645576477,0.9112430810928345,-0.06743204593658447,0.3910924792289734,0.7858152389526367,-0.10122222453355789,0.4824320375919342,0.6979143023490906,-0.13033688068389893,0.557007908821106,0.6330814361572266,-0.15584804117679596,0.3798408806324005,0.5851720571517944,-0.06101279705762863,0.34331855177879333,0.4205993711948395,-0.10235030949115753,0.3225570321083069,0.3123689293861389,-0.12836462259292603,0.3080308735370636,0.22054976224899292,-0.14610382914543152,0.4613457918167114,0.5802453756332397,-0.057744916528463364,0.506955087184906,0.40294182300567627,-0.10060592740774155,0.5404899716377258,0.29254573583602905,-0.12569363415241241,0.5705363154411316,0.20009195804595947,-0.1374264359474182,0.5202618837356567,0.6317410469055176,-0.061971623450517654,0.5657304525375366,0.5729304552078247,-0.12167274951934814,0.5277338027954102,0.6766892671585083,-0.1270439475774765,0.5001322627067566,0.7393700480461121,-0.11382482945919037,0.5622037053108215,0.708994448184967,-0.07181792706251144,0.5851531028747559,0.6789560914039612,-0.12115976214408875,0.5482757091522217,0.7562236785888672,-0.11901003867387772,0.5182045698165894,0.804315447807312,-0.10577388107776642,0.9658700865652445,1.9386015220847297,1.9603533845318397,0.6678725588970463,0.5280968492806758,1.1731990051962615,0.6413083850338434,1.4783902834116924,peace
0.46821311116218567,0.985588550567627,1.443770429432334e-06,0.39927834272384644,0.9100666046142578,-0.07136934995651245,0.3938143253326416,0.785814106464386,-0.10518267005681992,0.48569151759147644,0.6951969861984253,-0.13310828804969788,0.5617717504501343,0.6276142597198486,-0.15715034306049347,0.37925082445144653,0.5848051905632019,-0.06197185069322586,0.3420565128326416,0.4184817373752594,-0.10219317674636841,0.32076212763786316,0.3083403408527374,-0.12783654034137726,0.3055003881454468,0.2164936661720276,-0.14506912231445312,0.4615130126476288,0.5799033045768738,-0.05572326108813286,0.5075235366821289,0.4026139974594116,-0.09641026705503464,0.5410139560699463,0.2911904752254486,-0.12050095945596695,0.5702592134475708,0.1997838318347931,-0.13138948380947113,0.5207362771034241,0.6317407488822937,-0.05752682313323021,0.5665606260299683,0.5758228302001953,-0.11721085757017136,0.5296425819396973,0.6759060025215149,-0.1253347098827362,0.5029013156890869,0.737602174282074,-0.11349224299192429,0.5618823170661926,0.7088363766670227,-0.06497463583946228,0.5850321054458618,0.6786670088768005,-0.11571069806814194,0.5493246912956238,0.7542855739593506,-0.1157521978020668,0.5204026103019714,0.8020583391189575,-0.10355433821678162,0.9815385174920342,1.951877737336344,1.9612297390173397,0.6712742523466909,0.5300849888942268,1.183258907819701,0.6486091104090873,1.477169499102512,peace
0.46501174569129944,0.9858658313751221,1.3891802836951683e-06,0.39406347274780273,0.9158024787902832,-0.06869786232709885,0.38755643367767334,0.7918661236763,-0.10386930406093597,0.4760865569114685,0.7047865390777588,-0.13380035758018494,0.5512024164199829,0.6400703191757202,-0.15965518355369568,0.3788869380950928,0.5833287835121155,-0.06482609361410141,0.34369906783103943,0.4172542691230774,-0.10690929740667343,0.32273685932159424,0.30715903639793396,-0.13339784741401672,0.3075908422470093,0.21439486742019653,-0.1518300473690033,0.46105989813804626,0.5770605206489563,-0.060669172555208206,0.5064264535903931,0.4014725089073181,-0.10388858616352081,0.5394166707992554,0.29352036118507385,-0.12909594178199768,0.5680022835731506,0.20075088739395142,-0.1417352855205536,0.5193087458610535,0.6259458065032959,-0.06397126615047455,0.566899299621582,0.5632523894309998,-0.12307458370923996,0.5299879908561707,0.6626982092857361,-0.1297840178012848,0.5015466809272766,0.7243967056274414,-0.1185477152466774,0.5605709552764893,0.700145959854126,-0.07301206886768341,0.5829649567604065,0.674487829208374,-0.12263699620962143,0.5457786321640015,0.7466771602630615,-0.1235872432589531,0.5138370394706726,0.7915148735046387,-0.1132090762257576,0.9448383751014887,1.940160904136439,1.9463369992521302,0.7002233224956037,0.5568756794432744,1.1868237835293691,0.6314111426808761,1.4370274392472138,peace
0.46870288252830505,0.9881816506385803,1.4202920510797412e-06,0.39552807807922363,0.9158715605735779,-0.071500763297081,0.390378475189209,0.7868993878364563,-0.10495688766241074,0.48001474142074585,0.6946203112602234,-0.13261975347995758,0.5523124933242798,0.6231645941734314,-0.15606288611888885,0.3785978853702545,0.58328777551651,-0.061783451586961746,0.3420851230621338,0.41552287340164185,-0.10331619530916214,0.3213605284690857,0.30511119961738586,-0.1291084587574005,0.3067891597747803,0.21182343363761902,-0.1464693695306778,0.46061599254608154,0.5779502987861633,-0.0561172291636467,0.5077545642852783,0.40088534355163574,-0.09980315715074539,0.5409408211708069,0.29161906242370605,-0.12478261440992355,0.5697380900382996,0.19893941283226013,-0.13587534427642822,0.5190083980560303,0.6275220513343811,-0.05873517319560051,0.5664634704589844,0.5734760165214539,-0.12065990269184113,0.5264599323272705,0.6783843040466309,-0.12780170142650604,0.49689382314682007,0.7383977174758911,-0.1150813102722168,0.5600871443748474,0.7020597457885742,-0.06721347570419312,0.5845848321914673,0.6767055988311768,-0.11850601434707642,0.5468522310256958,0.754631757736206,-0.11857667565345764,0.5161183476448059,0.798611581325531,-0.10663943737745285,0.9796143968862634,1.9473863207359385,1.9491402265286257,0.6675677945526612,0.5375453398770782,1.1569745679240373,0.6362161728175764,1.4555119240410523,peace
0.46592849493026733,0.983330249786377,1.424815764039522e-06,0.39851588010787964,0.9090645909309387,-0.07049749791622162,0.3938812017440796,0.7851823568344116,-0.10525663197040558,0.4849744439125061,0.6939908862113953,-0.13442157208919525,0.558139979839325,0.6237717270851135,-0.15981371700763702,0.37821638584136963,0.5795307159423828,-0.06310401111841202,0.3436698913574219,0.4135511517524719,-0.10436319559812546,0.32309335470199585,0.3037380874156952,-0.13061067461967468,0.3081541061401367,0.21201863884925842,-0.1485605090856552,0.46060916781425476,0.5749502182006836,-0.05814427137374878,0.5051243901252747,0.3974303603172302,-0.10027434676885605,0.538404643535614,0.2889072299003601,-0.12524762749671936,0.5669968724250793,0.19864758849143982,-0.1371137946844101,0.5201901197433472,0.6277986168861389,-0.06097979098558426,0.5654467344284058,0.5675733089447021,-0.1213056668639183,0.5301016569137573,0.6694292426109314,-0.12856654822826385,0.5033911466598511,0.730748176574707,-0.11675648391246796,0.5614178776741028,0.7069975137710571,-0.06940443813800812,0.584702730178833,0.6739866733551025,-0.1205836832523346,0.5500657558441162,0.7509399652481079,-0.1203116774559021,0.52068030834198,0.798538863658905,-0.10831287503242493,0.9796437014969521,1.9420878852003804,1.9464055682966321,0.6806061070585734,0.5359141473969733,1.1679765591453994,0.6288949253358431,1.460159812413313,peace
0.4636605679988861,0.988174557685852,1.4317776049210806e-06,0.39346179366111755,0.9156286120414734,-0.07078302651643753,0.3879534602165222,0.7888520956039429,-0.10572625696659088,0.4786129891872406,0.6988062262535095,-0.13500241935253143,0.5544934272766113,0.630364716053009,-0.16007475554943085,0.37747445702552795,0.5809677243232727,-0.06529106199741364,0.3401726186275482,0.41086345911026,-0.10740447044372559,0.319087415933609,0.2987634241580963,-0.13309727609157562,0.30449584126472473,0.20502862334251404,-0.1502394825220108,0.45951396226882935,0.5756847858428955,-0.05980965122580528,0.5074313282966614,0.398235946893692,-0.10345824062824249,0.5410832166671753,0.28763413429260254,-0.12746001780033112,0.5703803896903992,0.19486454129219055,-0.13798870146274567,0.5180841684341431,0.6256651282310486,-0.062229543924331665,0.5649706125259399,0.5694417953491211,-0.12310830503702164,0.5265637636184692,0.6715421080589294,-0.129805326461792,0.49845314025878906,0.7333435416221619,-0.11706078797578812,0.5591404438018799,0.7009778022766113,-0.07049550116062164,0.5832966566085815,0.6764023900032043,-0.121266208589077,0.545486569404602,0.7517247200012207,-0.12166763842105865,0.514607846736908,0.7971904873847961,-0.10990932583808899,0.9653245871402959,1.950833292038215,1.9486899944403688,0.6779404099100926,0.5425912530319299,1.1838623292659927,0.6390224450565283,1.4527768764109827,peace
0.46646615862846375,0.9851599931716919,1.415670112692169e-06,0.39431285858154297,0.9098474979400635,-0.0695958286523819,0.3886173665523529,0.7828601598739624,-0.1032223328948021,0.48019900918006897,0.6929156184196472,-0.13149493932724,0.5544425249099731,0.6254634261131287,-0.15589852631092072,0.3763035535812378,0.5804590582847595,-0.06176600232720375,0.34149280190467834,0.4133950173854828,-0.10278961062431335,0.32165616750717163,0.3029178977012634,-0.12903301417827606,0.3071039021015167,0.20996308326721191,-0.1468970626592636,0.45917224884033203,0.5760737657546997,-0.05676111578941345,0.506162703037262,0.3982083201408386,-0.09861985594034195,0.5399124026298523,0.2884148359298706,-0.12354566901922226,0.569197952747345,0.19691866636276245,-0.13538068532943726,0.5186941623687744,0.6273947358131409,-0.05960933119058609,0.564086377620697,0.570956289768219,-0.11880401521921158,0.5257472395896912,0.6695699691772461,-0.12641014158725739,0.49728918075561523,0.7286805510520935,-0.11491508781909943,0.5605847239494324,0.7037039399147034,-0.06812810897827148,0.5847384929656982,0.6710013151168823,-0.11691916733980179,0.5479791164398193,0.7436790466308594,-0.11634818464517593,0.5174732804298401,0.7884693741798401,-0.10457300394773483,0.9726632365373087,1.948638738120497,1.9520955851730422,0.6844644196331598,0.5532399604684476,1.170815951533335,0.6358982226116799,1.4394779341842685,peace
0.46352481842041016,0.9902552366256714,1.4055274277779972e-06,0.3958960473537445,0.9199423789978027,-0.07013468444347382,0.3899174928665161,0.7944278717041016,-0.10453720390796661,0.47864437103271484,0.703532338142395,-0.13322126865386963,0.551445722579956,0.631289005279541,-0.15773439407348633,0.3768763244152069,0.5830563306808472,-0.06483002007007599,0.3396459221839905,0.4172050952911377,-0.1075311079621315,0.31864649057388306,0.3071928024291992,-0.13353031873703003,0.3043285608291626,0.21530097723007202,-0.15071016550064087,0.45959773659706116,0.5784478187561035,-0.06003528833389282,0.506011426448822,0.4026871621608734,-0.10398200154304504,0.539641261100769,0.2929685413837433,-0.1279808133840561,0.568960428237915,0.20097583532333374,-0.13832229375839233,0.5190405249595642,0.6299219727516174,-0.06320132315158844,0.5660367012023926,0.5804104804992676,-0.12415985018014908,0.5280411243438721,0.6803849339485168,-0.13112370669841766,0.49936145544052124,0.7378016710281372,-0.11875554919242859,0.559637188911438,0.706937849521637,-0.07211779803037643,0.5834014415740967,0.687990665435791,-0.12291865795850754,0.545651912689209,0.7631925940513611,-0.12343554943799973,0.5144839286804199,0.805461049079895,-0.11195527762174606,0.9655193470132123,1.9351331636046276,1.941983919884453,0.6758688575445436,0.5334011749821355,1.1627249292702415,0.6374850113152419,1.4597218874978168,peace
0.4628773331642151,0.9892683029174805,1.3994722394272685e-06,0.392531156539917,0.9156092405319214,-0.06858421862125397,0.3851769268512726,0.7930595874786377,-0.10343336313962936,0.4745085835456848,0.7072572708129883,-0.1333175152540207,0.5497822761535645,0.6446215510368347,-0.1590854823589325,0.3764030337333679,0.5851663947105408,-0.06287290900945663,0.3413369059562683,0.419619083404541,-0.10462738573551178,0.32084259390830994,0.3107198476791382,-0.13113966584205627,0.3063619136810303,0.21820631623268127,-0.14938315749168396,0.4591183364391327,0.5798591375350952,-0.05882313847541809,0.506539523601532,0.4049832224845886,-0.10086389631032944,0.5397592186927795,0.29727745056152344,-0.12592902779579163,0.5685368180274963,0.20431211590766907,-0.13860459625720978,0.517479658126831,0.6300972700119019,-0.06248230114579201,0.565386950969696,0.5744732618331909,-0.11985564976930618,0.5274573564529419,0.6703405380249023,-0.12721757590770721,0.4981692135334015,0.7287827730178833,-0.11682590842247009,0.557959258556366,0.7063740491867065,-0.07208292186260223,0.5840049982070923,0.6826936602592468,-0.11846573650836945,0.5467680096626282,0.7508289813995361,-0.11859453469514847,0.5145495533943176,0.7921643257141113,-0.10841039568185806,0.9414487454708373,1.9361258307876146,1.9439324202383468,0.6954436711183908,0.558007799386947,1.1872841726780463,0.6352607936744756,1.42904375490455,peace
0.46227559447288513,0.984702467918396,1.4188495924827293e-06,0.39243847131729126,0.9115947484970093,-0.072002112865448,0.38652801513671875,0.7882323861122131,-0.1070476695895195,0.4769456088542938,0.699393630027771,-0.13626758754253387,0.5507788062095642,0.6305645108222961,-0.1610996127128601,0.37708795070648193,0.5850356817245483,-0.06491098552942276,0.3407480716705322,0.4189356565475464,-0.106393001973629,0.319782555103302,0.3093622624874115,-0.13162529468536377,0.30546465516090393,0.21739962697029114,-0.14849846065044403,0.458265095949173,0.5802229046821594,-0.05885948985815048,0.5040043592453003,0.40581798553466797,-0.10222692787647247,0.5369210839271545,0.29667285084724426,-0.1265617161989212,0.5660622119903564,0.20435887575149536,-0.1374419778585434,0.5159354209899902,0.6302685737609863,-0.06092580407857895,0.5627954602241516,0.5808066725730896,-0.12150795012712479,0.5245895385742188,0.6815674304962158,-0.12870171666145325,0.4958491325378418,0.7394483089447021,-0.11643034964799881,0.5564622282981873,0.7056791186332703,-0.06893602013587952,0.583910346031189,0.6788275241851807,-0.11796188354492188,0.547204315662384,0.7523069381713867,-0.11774269491434097,0.5158261060714722,0.7950228452682495,-0.10617826879024506,0.9761185821771315,1.9500828141751474,1.9549916776666902,0.6692339506569353,0.5476929173425479,1.1759190435925932,0.6389015886694127,1.452244328511572,peace
0.46055808663368225,0.9802628755569458,1.4401351791093475e-06,0.3938450217247009,0.906510591506958,-0.07160918414592743,0.38912850618362427,0.7878224849700928,-0.10711881518363953,0.4799448549747467,0.7033560872077942,-0.1368650496006012,0.5547870397567749,0.6376789808273315,-0.16265933215618134,0.3769025206565857,0.5830663442611694,-0.06496697664260864,0.34020155668258667,0.41893869638442993,-0.10638010501861572,0.31888067722320557,0.3097045421600342,-0.13263437151908875,0.3036183714866638,0.21787533164024353,-0.15033072233200073,0.45805972814559937,0.5786221027374268,-0.058954957872629166,0.5035802721977234,0.4040367901325226,-0.10006150603294373,0.536820650100708,0.2953048348426819,-0.12392926216125488,0.5656433701515198,0.20399871468544006,-0.13506585359573364,0.5158871412277222,0.6306520104408264,-0.060978639870882034,0.5606604218482971,0.5772960782051086,-0.12004981189966202,0.523507297039032,0.6762291789054871,-0.1277085840702057,0.496298223733902,0.7361728549003601,-0.11616426706314087,0.5551798939704895,0.7083536982536316,-0.06882505863904953,0.579922080039978,0.6795942187309265,-0.11822868138551712,0.5431979298591614,0.7524996995925903,-0.11831405758857727,0.5123135447502136,0.7983510494232178,-0.1068246066570282,0.9625984876794499,1.95282870638612,1.95811567233604,0.671690781408268,0.5350735678464297,1.2054573105605935,0.6474531058820411,1.4716169631022127,peace
0.4623646140098572,0.9870313405990601,1.3875635431759292e-06,0.39154770970344543,0.9190587401390076,-0.06922369450330734,0.38395899534225464,0.7936437726020813,-0.10383041948080063,0.4730216860771179,0.7057256698608398,-0.13283006846904755,0.5470570921897888,0.640924870967865,-0.1578238159418106,0.37532761693000793,0.5854993462562561,-0.06692469120025635,0.339240163564682,0.4176931381225586,-0.11029733717441559,0.31818801164627075,0.30718621611595154,-0.13719089329242706,0.3031952977180481,0.21443811058998108,-0.1555071920156479,0.45689380168914795,0.5802556872367859,-0.06260290741920471,0.5036280751228333,0.4050891399383545,-0.10697217285633087,0.5372681617736816,0.29759731888771057,-0.13127265870571136,0.566369354724884,0.20505210757255554,-0.1425430178642273,0.5145623087882996,0.6296178698539734,-0.06591569632291794,0.5620152950286865,0.573015570640564,-0.12608428299427032,0.5238704085350037,0.6736748814582825,-0.1313973069190979,0.49496638774871826,0.7328521013259888,-0.1186944916844368,0.5547784566879272,0.7046726942062378,-0.07508973777294159,0.5790987610816956,0.6799190640449524,-0.12541183829307556,0.5422738790512085,0.7539905905723572,-0.12509597837924957,0.5116115808486938,0.7968482971191406,-0.11345995217561722,0.9468038671378427,1.9533448398902844,1.947609093130461,0.6861374581260715,0.551178419422484,1.193601139415948,0.6405704535269208,1.4456557086637534,peace
0.45980316400527954,0.9873970150947571,1.3970170584798325e-06,0.3932630121707916,0.9133129119873047,-0.06532638520002365,0.38758352398872375,0.7886447906494141,-0.09824635088443756,0.47553491592407227,0.6972986459732056,-0.12696963548660278,0.5473760366439819,0.6268773674964905,-0.15196768939495087,0.3744884729385376,0.5853753089904785,-0.05833418667316437,0.3392528295516968,0.4215301275253296,-0.09971059858798981,0.31924623250961304,0.31352612376213074,-0.12545831501483917,0.30564457178115845,0.22272837162017822,-0.1427140086889267,0.45529788732528687,0.5815721154212952,-0.056229401379823685,0.5024256706237793,0.4055999517440796,-0.09947971254587173,0.5374082326889038,0.29794222116470337,-0.12518426775932312,0.5681982040405273,0.2083863914012909,-0.1370311975479126,0.5137726068496704,0.6333907246589661,-0.06148148700594902,0.5604187846183777,0.5798594355583191,-0.12155399471521378,0.5212281942367554,0.6804749369621277,-0.12816722691059113,0.49205854535102844,0.7400761246681213,-0.11578813940286636,0.5548205971717834,0.7121857404708862,-0.07205753028392792,0.5789920091629028,0.6846613883972168,-0.12105973809957504,0.5429603457450867,0.7596127390861511,-0.11927559971809387,0.5129844546318054,0.8050844073295593,-0.10634741932153702,0.9785068880502038,1.9354338912816742,1.9485227395075628,0.6711340351697931,0.5312325961415645,1.1495829093993046,0.6419053288847025,1.464465303147949,peace
0.4584423899650574,0.9840191602706909,1.4018916090208222e-06,0.3893588185310364,0.9120491743087769,-0.06995555758476257,0.3843379020690918,0.7883048057556152,-0.1038772240281105,0.47646093368530273,0.7009807825088501,-0.13207393884658813,0.551746129989624,0.6338731050491333,-0.15637145936489105,0.37314897775650024,0.5860178470611572,-0.06388232111930847,0.33689987659454346,0.4203290045261383,-0.10411670804023743,0.31619858741760254,0.31041136384010315,-0.12916845083236694,0.30115818977355957,0.21849775314331055,-0.1463169902563095,0.45425960421562195,0.581317663192749,-0.0583052784204483,0.5003737211227417,0.406581848859787,-0.09976282715797424,0.5335386991500854,0.29705798625946045,-0.1234908401966095,0.5619177222251892,0.2058660089969635,-0.13453932106494904,0.5117902755737305,0.631747305393219,-0.06053556501865387,0.5584011077880859,0.5777233839035034,-0.11999022960662842,0.522864818572998,0.6772955060005188,-0.12779980897903442,0.49647292494773865,0.7376662492752075,-0.1164732426404953,0.5524035692214966,0.7069385051727295,-0.06839563697576523,0.5768880844116211,0.6806355714797974,-0.11921317130327225,0.541556715965271,0.756635308265686,-0.12049087136983871,0.5122509002685547,0.8030102252960205,-0.1098063737154007,0.9698754923124089,1.9539104454757157,1.957246062537399,0.6761490704007382,0.5368162747247067,1.1923956979992023,0.6422117330970485,1.4737827724089434,peace
0.45997852087020874,0.9830709099769592,1.4038412246009102e-06,0.3907797634601593,0.9119206666946411,-0.06785379350185394,0.38289082050323486,0.7915694117546082,-0.10290011018514633,0.4715341627597809,0.7049030065536499,-0.1328316479921341,0.546379566192627,0.6423937678337097,-0.15900413691997528,0.37211382389068604,0.5862337350845337,-0.06536781042814255,0.3357097804546356,0.4203607439994812,-0.10768797993659973,0.31497156620025635,0.3108018636703491,-0.13434921205043793,0.3003945052623749,0.21948835253715515,-0.15247829258441925,0.45435652136802673,0.5820021629333496,-0.06160413473844528,0.5010833144187927,0.40661656856536865,-0.10434532910585403,0.5350956320762634,0.29987508058547974,-0.12861596047878265,0.5650031566619873,0.21088764071464539,-0.14019827544689178,0.5132719874382019,0.633014440536499,-0.0651702806353569,0.559563159942627,0.5745885968208313,-0.1236872747540474,0.520656406879425,0.6712055802345276,-0.12967471778392792,0.4917569160461426,0.7307117581367493,-0.1177423968911171,0.5543833374977112,0.7096924781799316,-0.07431318610906601,0.5768460631370544,0.6787952184677124,-0.12280511856079102,0.539916455745697,0.7495214343070984,-0.1215708777308464,0.5088097453117371,0.7945924401283264,-0.10945507138967514,0.9505804812905617,1.9586459007251067,1.9511564554369982,0.6906713733975778,0.5504000281378887,1.2056932742663038,0.6530923076978431,1.4469952009211269,peace
0.4575824439525604,0.977704644203186,1.39211670102668e-06,0.3878951072692871,0.9095472097396851,-0.0702114999294281,0.38274693489074707,0.7904202938079834,-0.10528422892093658,0.4728039801120758,0.7032305002212524,-0.13441093266010284,0.5449081659317017,0.6343076825141907,-0.159658744931221,0.3722078800201416,0.5831910967826843,-0.06705159693956375,0.33704692125320435,0.4205947816371918,-0.10844667255878448,0.3158625364303589,0.3124881386756897,-0.13469436764717102,0.3008388876914978,0.22137123346328735,-0.15298716723918915,0.45342981815338135,0.5782221555709839,-0.061827417463064194,0.4991435408592224,0.40599536895751953,-0.10364426672458649,0.5329874753952026,0.2997857928276062,-0.12835033237934113,0.5626363754272461,0.20998159050941467,-0.14086508750915527,0.5109132528305054,0.6290339827537537,-0.06409701704978943,0.5580389499664307,0.5764366984367371,-0.12164866924285889,0.5200953483581543,0.672824501991272,-0.1290142834186554,0.49107372760772705,0.7300463318824768,-0.11890338361263275,0.5508400201797485,0.7047321796417236,-0.07218793034553528,0.5745354294776917,0.6811926960945129,-0.12108724564313889,0.5379385948181152,0.7531567215919495,-0.12216514348983765,0.5066584348678589,0.7965351343154907,-0.11229106038808823,0.9613509098453398,1.9477750024148115,1.9481898103976363,0.6846004296178831,0.5410476608840057,1.1866573962703109,0.648900665027122,1.4592324795777225,peace
0.45776429772377014,0.9811379313468933,1.395605863763194e-06,0.390092670917511,0.9134418964385986,-0.06717990338802338,0.38138115406036377,0.7943717837333679,-0.10081798583269119,0.4694967269897461,0.7094618678092957,-0.12930190563201904,0.5446296334266663,0.6468366384506226,-0.15405885875225067,0.3723641037940979,0.5845404267311096,-0.06318682432174683,0.33474335074424744,0.4198352098464966,-0.10365956276655197,0.3130556046962738,0.31093961000442505,-0.12932844460010529,0.29761549830436707,0.21980568766593933,-0.14695928990840912,0.45446622371673584,0.5805816054344177,-0.059278350323438644,0.5008182525634766,0.40769344568252563,-0.10002375394105911,0.5340850949287415,0.2992718815803528,-0.12395674735307693,0.5632646083831787,0.20914539694786072,-0.13564209640026093,0.5125085711479187,0.632369875907898,-0.06272654235363007,0.5588898658752441,0.5750302672386169,-0.12003520131111145,0.5213449001312256,0.6686511039733887,-0.12740936875343323,0.4936647415161133,0.7275276184082031,-0.11680763959884644,0.5517419576644897,0.7087357640266418,-0.07163935899734497,0.572243332862854,0.6862320899963379,-0.12027516961097717,0.5348446369171143,0.7547949552536011,-0.12086954712867737,0.5047022104263306,0.7976782917976379,-0.11019030213356018,0.9339878882068299,1.9552652153512047,1.9531275989092076,0.6952159228801118,0.5410652568531288,1.2184172439760868,0.6571540225703206,1.4619357066643384,peace
0.45814579725265503,0.9806931018829346,1.433909233128361e-06,0.386353075504303,0.9125875234603882,-0.07243612408638,0.3814844489097595,0.7914818525314331,-0.1086820587515831,0.47095775604248047,0.7059130668640137,-0.1389862596988678,0.5452693104743958,0.6426363587379456,-0.1653633564710617,0.36978164315223694,0.5859432220458984,-0.06774372607469559,0.33495578169822693,0.42036521434783936,-0.10997821390628815,0.3141021728515625,0.3108059763908386,-0.13716669380664825,0.29930147528648376,0.2185446321964264,-0.15631641447544098,0.45061540603637695,0.5811448693275452,-0.06208840757608414,0.4964621067047119,0.4074370563030243,-0.1057220995426178,0.5313341617584229,0.29934558272361755,-0.13226266205310822,0.5615434646606445,0.2082613706588745,-0.14601574838161469,0.508094847202301,0.6312973499298096,-0.0641632005572319,0.5553397536277771,0.5717365145683289,-0.12386394292116165,0.5182009339332581,0.6711891293525696,-0.13193491101264954,0.489122599363327,0.7327348589897156,-0.1218394786119461,0.5484989881515503,0.7053819894790649,-0.07231544703245163,0.5735980272293091,0.6785893440246582,-0.1231660395860672,0.5380009412765503,0.7520356774330139,-0.12503445148468018,0.5067029595375061,0.7975584864616394,-0.115433469414711,0.9551772243040336,1.9634873609334487,1.9605670617647704,0.6874308203555439,0.5485918420116216,1.2124738358178364,0.6494458133680463,1.4654081764319846,peace
0.45708686113357544,0.9724172353744507,1.414129656041041e-06,0.3897504210472107,0.9045372009277344,-0.0675945058465004,0.38423630595207214,0.7873426079750061,-0.10237867385149002,0.472913533449173,0.7025790214538574,-0.13214503228664398,0.5459753274917603,0.6384453773498535,-0.15803582966327667,0.3730919659137726,0.5817532539367676,-0.06428386270999908,0.3353009819984436,0.4206503629684448,-0.10560000687837601,0.31392765045166016,0.3128568232059479,-0.1312752217054367,0.2990608811378479,0.22184979915618896,-0.14888620376586914,0.45369669795036316,0.5769811868667603,-0.06051887571811676,0.4993554651737213,0.40554314851760864,-0.10297130048274994,0.5334571003913879,0.2985629141330719,-0.12717531621456146,0.5638525485992432,0.20807182788848877,-0.13877363502979279,0.5112237930297852,0.6272748112678528,-0.06405787914991379,0.5571107864379883,0.5767642259597778,-0.12182097882032394,0.5180193781852722,0.6762179136276245,-0.12715356051921844,0.489351749420166,0.7341811656951904,-0.11496403068304062,0.5515369176864624,0.7024811506271362,-0.07330827414989471,0.5740906000137329,0.6803923845291138,-0.12096087634563446,0.5371756553649902,0.7532544136047363,-0.11978211998939514,0.5068479180335999,0.7963297367095947,-0.10801313817501068,0.9499139004879609,1.9530758208764432,1.960085647829476,0.6661206807025403,0.531139767523839,1.2107251429934744,0.6632640580400886,1.4793270284878741,peace
0.459062784910202,0.9801813364028931,1.3896758446207969e-06,0.3896191716194153,0.912771463394165,-0.06710360944271088,0.38231298327445984,0.7916116714477539,-0.10051470249891281,0.4692450761795044,0.7074870467185974,-0.12870629131793976,0.5420651435852051,0.6453811526298523,-0.15333527326583862,0.37114986777305603,0.5844271779060364,-0.06429275125265121,0.3347914218902588,0.41948798298835754,-0.10595528036355972,0.31386038661003113,0.3102150857448578,-0.13257355988025665,0.29810717701911926,0.21825352311134338,-0.1509343385696411,0.4531075060367584,0.5797464847564697,-0.060772430151700974,0.49818354845046997,0.4058082103729248,-0.10285977274179459,0.5321962833404541,0.298225998878479,-0.1273692548274994,0.5613433718681335,0.20742404460906982,-0.1392248272895813,0.5111543536186218,0.6310924291610718,-0.0645570233464241,0.5586538314819336,0.5734457969665527,-0.12387730926275253,0.5225290656089783,0.6701517701148987,-0.1315879225730896,0.494623064994812,0.7312424778938293,-0.12073356658220291,0.5506031513214111,0.7076416015625,-0.07372863590717316,0.5744443535804749,0.6842811107635498,-0.12500348687171936,0.5373958945274353,0.756710410118103,-0.12630856037139893,0.5056491494178772,0.8026473522186279,-0.11565478146076202,0.9319044199298626,1.9582905800181907,1.9548279461699392,0.6886497979241473,0.535579452401344,1.21435653097663,0.6510531156440232,1.4770158736055328,peace
0.464366614818573,0.978071928024292,1.4359072793013183e-06,0.3936309218406677,0.9069126844406128,-0.0696900486946106,0.3871975541114807,0.7839218378067017,-0.10339874029159546,0.47401878237724304,0.6922143697738647,-0.13171930611133575,0.5448253154754639,0.6231465339660645,-0.15577024221420288,0.3722914457321167,0.5826285481452942,-0.060449641197919846,0.3338964879512787,0.4159471392631531,-0.10018276423215866,0.3128909170627594,0.30655670166015625,-0.12452076375484467,0.29833847284317017,0.21481114625930786,-0.14061695337295532,0.45204874873161316,0.5771723389625549,-0.05483339726924896,0.497968465089798,0.40286391973495483,-0.09703079611063004,0.5322215557098389,0.29401668906211853,-0.12023214250802994,0.5620976686477661,0.2043764591217041,-0.12991173565387726,0.5095296502113342,0.6255757808685303,-0.05724039301276207,0.5534542202949524,0.5711958408355713,-0.11726043373346329,0.5166552662849426,0.676597535610199,-0.12271334230899811,0.4897089898586273,0.737676203250885,-0.10872915387153625,0.5510808229446411,0.6978566646575928,-0.06536179780960083,0.5745248198509216,0.6657549142837524,-0.11419153213500977,0.5400842428207397,0.7427250146865845,-0.11231882870197296,0.5118359327316284,0.7879993319511414,-0.09902630001306534,0.9778813571947407,1.9605368950377708,1.9529396358174003,0.6547489607962599,0.5422555701001487,1.1788018196595145,0.6525912438061093,1.4490283248788545,peace
0.45992085337638855,0.9706414937973022,1.4163754258333938e-06,0.39134475588798523,0.901150107383728,-0.06752175837755203,0.386397123336792,0.7811954021453857,-0.10196226835250854,0.47405943274497986,0.6936436891555786,-0.1312406361103058,0.5445383787155151,0.6253297328948975,-0.15662139654159546,0.37318992614746094,0.575554609298706,-0.06375483423471451,0.3377772867679596,0.4119737148284912,-0.10495059192180634,0.3175089955329895,0.30337992310523987,-0.13059848546981812,0.30281203985214233,0.21282491087913513,-0.14810368418693542,0.45407578349113464,0.5713274478912354,-0.05990942567586899,0.49838706851005554,0.3989987373352051,-0.10245228558778763,0.5319517254829407,0.292834609746933,-0.12705126404762268,0.5614751577377319,0.2044754922389984,-0.1387144774198532,0.5127431750297546,0.6221641302108765,-0.06331346929073334,0.5570873618125916,0.5724960565567017,-0.12099044770002365,0.5186886787414551,0.6719518303871155,-0.12667763233184814,0.4899248480796814,0.7298267483711243,-0.11470804363489151,0.5531846880912781,0.6981045007705688,-0.07237225025892258,0.5751381516456604,0.6738007068634033,-0.12015748023986816,0.5384985208511353,0.747253954410553,-0.1190333217382431,0.50763338804245,0.7909494638442993,-0.10717557370662689,0.9620425413978386,1.9512697609019374,1.9444405820580484,0.6646954567035382,0.5314129769784818,1.1841433222343714,0.6412852720319268,1.4604883459100895,peace
0.46078070998191833,0.9720233678817749,1.4044859426576295e-06,0.39179444313049316,0.9058642387390137,-0.06477474421262741,0.382208913564682,0.785946249961853,-0.09836569428443909,0.4697829782962799,0.7032642960548401,-0.12743490934371948,0.5445543527603149,0.6448248624801636,-0.15297259390354156,0.37456586956977844,0.5761261582374573,-0.06415314227342606,0.3363339602947235,0.409795343875885,-0.10597433894872665,0.3153250813484192,0.3002309203147888,-0.13193294405937195,0.3006843328475952,0.20886242389678955,-0.14961931109428406,0.4563228189945221,0.5717160701751709,-0.06243988126516342,0.501736044883728,0.3970509171485901,-0.10571222007274628,0.5348545908927917,0.2873712182044983,-0.13009822368621826,0.5641106963157654,0.19521090388298035,-0.14148151874542236,0.5150020122528076,0.6230286955833435,-0.06762097030878067,0.5608843564987183,0.5662661790847778,-0.12710855901241302,0.5232320427894592,0.6656991243362427,-0.13253608345985413,0.4958747923374176,0.7282587289810181,-0.11979685723781586,0.5558717846870422,0.7003663182258606,-0.07810669392347336,0.5765976309776306,0.6763802766799927,-0.12839418649673462,0.5394452214241028,0.7509678602218628,-0.12706802785396576,0.5098986625671387,0.7985913157463074,-0.1143130213022232,0.91511464310176,1.9596480576319852,1.9653906480642296,0.675931108174031,0.5268006301304982,1.2329210257015093,0.6513392009587519,1.4966918642202305,peace
0.4640534520149231,0.9736000895500183,1.3855750466973404e-06,0.3933578133583069,0.906141996383667,-0.06516573578119278,0.38471299409866333,0.7829170227050781,-0.09899189323186874,0.46954473853111267,0.6961663961410522,-0.12849916517734528,0.5406694412231445,0.6326383948326111,-0.15424558520317078,0.3761385977268219,0.5741526484489441,-0.062415774911642075,0.3401567339897156,0.4102030396461487,-0.1055893823504448,0.3194119334220886,0.3021508753299713,-0.13307926058769226,0.3046315908432007,0.21038898825645447,-0.15212006866931915,0.45696306228637695,0.5698539614677429,-0.060971565544605255,0.5031274557113647,0.396374374628067,-0.10596887022256851,0.5377479195594788,0.2889852821826935,-0.132339209318161,0.5676568746566772,0.1974092423915863,-0.145410418510437,0.5151075720787048,0.6207951903343201,-0.06661920249462128,0.5626834034919739,0.5625120401382446,-0.1269763857126236,0.5239934325218201,0.6646352410316467,-0.13216130435466766,0.494075745344162,0.7276545763015747,-0.1195637583732605,0.5561255216598511,0.6979076862335205,-0.07781562209129333,0.5793120861053467,0.6730676889419556,-0.12829145789146423,0.542408287525177,0.7476626634597778,-0.1271945983171463,0.5111721754074097,0.793920636177063,-0.11494434624910355,0.9353654820759393,1.9451781352437327,1.9502622365135802,0.6736544332456689,0.5348928129844759,1.1845361318877659,0.6450523212801954,1.4690824448882804,peace
0.4653927981853485,0.9713481664657593,1.4048321190784918e-06,0.394623339176178,0.904200553894043,-0.06684936583042145,0.3872057795524597,0.781173586845398,-0.10083697736263275,0.47426095604896545,0.6922959685325623,-0.1297578364610672,0.5466311573982239,0.6254351139068604,-0.1546686291694641,0.37780171632766724,0.5736336708068848,-0.06507912278175354,0.34081098437309265,0.4072466790676117,-0.10729245096445084,0.3199390470981598,0.29800650477409363,-0.13233280181884766,0.30570751428604126,0.20643934607505798,-0.14901235699653625,0.4588439166545868,0.5693419575691223,-0.062176741659641266,0.5050044059753418,0.3951564431190491,-0.10715258121490479,0.5385441780090332,0.28582948446273804,-0.1309134066104889,0.5683771967887878,0.193731427192688,-0.1410236656665802,0.5169185400009155,0.6197115182876587,-0.06650415807962418,0.5617944598197937,0.5656399130821228,-0.12764790654182434,0.5229659676551819,0.6703752875328064,-0.1310526728630066,0.49535536766052246,0.7304322123527527,-0.11609411984682083,0.5577123761177063,0.6949355602264404,-0.07638408988714218,0.5787006616592407,0.6696830987930298,-0.1270676702260971,0.5420817136764526,0.7467026710510254,-0.12474559992551804,0.5131191611289978,0.7909607291221619,-0.1109427735209465,0.9525328257425737,1.9552672095473267,1.9589587306234026,0.6614466951361087,0.5335889255248709,1.1880754202183024,0.646687136581065,1.4760937951228263,peace
0.4650418758392334,0.9712992906570435,1.3873634543415392e-06,0.3950481414794922,0.9053380489349365,-0.06578388810157776,0.38658034801483154,0.78272944688797,-0.09967029839754105,0.4719972610473633,0.6946858763694763,-0.1286991387605667,0.54410320520401,0.6282179355621338,-0.15370215475559235,0.37812313437461853,0.5732561945915222,-0.06519652903079987,0.34112823009490967,0.407437264919281,-0.108001209795475,0.31991323828697205,0.29848533868789673,-0.13328726589679718,0.3052874803543091,0.20694488286972046,-0.15011432766914368,0.45899152755737305,0.5685698986053467,-0.06303507089614868,0.5052382349967957,0.39483508467674255,-0.10843446105718613,0.538719892501831,0.28607413172721863,-0.132230743765831,0.5682718753814697,0.19377166032791138,-0.14243747293949127,0.5168936252593994,0.6185500025749207,-0.06799332797527313,0.5626844763755798,0.5647484660148621,-0.12929779291152954,0.5240141749382019,0.6689677238464355,-0.13265283405780792,0.4959355592727661,0.7290067076683044,-0.11780674010515213,0.5573534965515137,0.693695604801178,-0.0784401148557663,0.578680157661438,0.6711689829826355,-0.12924794852733612,0.5418529510498047,0.7474750876426697,-0.1271510124206543,0.512352705001831,0.7911627888679504,-0.11359191685914993,0.9423149490885037,1.9504794705760644,1.9554098266493574,0.6651818336675671,0.5351110500956109,1.187869933516349,0.6461607111866029,1.4734531767399301,peace
0.4657387137413025,0.9652877449989319,1.4172559303915477e-06,0.3954582214355469,0.896354079246521,-0.06590994447469711,0.3867039382457733,0.7770532369613647,-0.10097521543502808,0.472940057516098,0.6921314597129822,-0.1313941776752472,0.5457959175109863,0.6288027167320251,-0.15788528323173523,0.37954550981521606,0.5703037977218628,-0.06614092737436295,0.34314796328544617,0.40405622124671936,-0.10915614664554596,0.3230445981025696,0.29510238766670227,-0.1349291354417801,0.30870741605758667,0.2033843696117401,-0.15203526616096497,0.4595961570739746,0.5662758946418762,-0.06396137177944183,0.5066081285476685,0.39200082421302795,-0.10921680182218552,0.5418279767036438,0.2832006812095642,-0.13349446654319763,0.5727521181106567,0.1920103132724762,-0.14403711259365082,0.5174227356910706,0.6171102523803711,-0.06873130798339844,0.5615835189819336,0.5667496919631958,-0.129034161567688,0.52251797914505,0.6700039505958557,-0.13256333768367767,0.4939873218536377,0.7311491370201111,-0.11787982285022736,0.5584795475006104,0.6933618187904358,-0.07902292907238007,0.5798824429512024,0.6691132187843323,-0.1278560310602188,0.5425305366516113,0.7435663938522339,-0.12475019693374634,0.5117499828338623,0.7883140444755554,-0.11067400127649307,0.9407555562421447,1.961222324047471,1.964164145714512,0.6523673751726218,0.5288638898372767,1.205131699687999,0.6542326420934362,1.4854339094337443,peace
0.4656962454319,0.9673047065734863,1.409617880199221e-06,0.39693307876586914,0.9025439620018005,-0.06537865102291107,0.3886115252971649,0.7839785218238831,-0.09937573224306107,0.47263282537460327,0.697234034538269,-0.1288294792175293,0.5422155857086182,0.6289153695106506,-0.15453894436359406,0.3796052932739258,0.5693925023078918,-0.06334768235683441,0.34268689155578613,0.40722405910491943,-0.10657528042793274,0.32205528020858765,0.2993592321872711,-0.13282670080661774,0.3072955012321472,0.2078774869441986,-0.15011443197727203,0.46039605140686035,0.5663575530052185,-0.06153702363371849,0.5078803896903992,0.39220958948135376,-0.10702836513519287,0.5443350672721863,0.284846693277359,-0.13163480162620544,0.5757100582122803,0.19414690136909485,-0.14212997257709503,0.518282413482666,0.6176643967628479,-0.0668654590845108,0.5643675327301025,0.5673424005508423,-0.12873944640159607,0.525858998298645,0.6692451238632202,-0.13347066938877106,0.4971577227115631,0.7281702756881714,-0.11923863738775253,0.5575916767120361,0.6938243508338928,-0.07748056203126907,0.5791807770729065,0.6735381484031677,-0.12802179157733917,0.5423417687416077,0.7494367361068726,-0.12575224041938782,0.5121617913246155,0.7935658693313599,-0.11191616952419281,0.9362019068195582,1.9477562818682994,1.9566613326585762,0.6632356775898394,0.5221504674199037,1.1885335613384194,0.6628020361996142,1.4877196580638503,peace
0.46606960892677307,0.9714531898498535,1.4445895430981182e-06,0.39668795466423035,0.9034392833709717,-0.06892061978578568,0.3894771337509155,0.7819834351539612,-0.10368531942367554,0.47645804286003113,0.6955217719078064,-0.13317084312438965,0.5497110486030579,0.6296738386154175,-0.15867722034454346,0.37819352746009827,0.5724138021469116,-0.06452342867851257,0.3420826196670532,0.4045294225215912,-0.10699900984764099,0.3228268623352051,0.2945699095726013,-0.13260890543460846,0.30907583236694336,0.20221400260925293,-0.1493133306503296,0.45874273777008057,0.5689066052436829,-0.06050937622785568,0.5064979791641235,0.3926444947719574,-0.10522520542144775,0.5418426990509033,0.28280147910118103,-0.1288791447877884,0.5716153979301453,0.19131585955619812,-0.1383000612258911,0.5170633792877197,0.6207302212715149,-0.06415073573589325,0.561708927154541,0.5692769289016724,-0.12660440802574158,0.5241674780845642,0.6753060817718506,-0.13135772943496704,0.4960114061832428,0.737138569355011,-0.11630920320749283,0.5579090714454651,0.6970983147621155,-0.0733586773276329,0.5808885097503662,0.6722524166107178,-0.1251644343137741,0.5440198183059692,0.7518560886383057,-0.12314590811729431,0.5134295225143433,0.7985839247703552,-0.10894178599119186,0.948060231541045,1.9629034412174133,1.9632270441198292,0.6467177443292329,0.5151857905841479,1.205068871606701,0.6459666805707349,1.5001255499446002,peace
0.4681110382080078,0.9720209836959839,1.430816951142333e-06,0.39655810594558716,0.9026656746864319,-0.06544561684131622,0.3891233801841736,0.7801685333251953,-0.09940250217914581,0.4758230149745941,0.6911896467208862,-0.12908729910850525,0.548038125038147,0.6252146363258362,-0.15495406091213226,0.3787443935871124,0.5718544125556946,-0.062335576862096786,0.3428087532520294,0.40575259923934937,-0.10542485117912292,0.3229943513870239,0.2963798940181732,-0.13166478276252747,0.3091508746147156,0.2049882411956787,-0.14897479116916656,0.45982781052589417,0.5684477090835571,-0.06056590750813484,0.5074353814125061,0.39298421144485474,-0.10658087581396103,0.5433210134506226,0.28386127948760986,-0.13172680139541626,0.5747762322425842,0.19364073872566223,-0.1424635350704193,0.5185642242431641,0.6200340390205383,-0.06596891582012177,0.5624608397483826,0.5673830509185791,-0.12723232805728912,0.522890031337738,0.6709578037261963,-0.1311499923467636,0.4939803183078766,0.7317549586296082,-0.11630939692258835,0.5597001314163208,0.6968749761581421,-0.07684506475925446,0.5803549289703369,0.670160174369812,-0.12626340985298157,0.5434467792510986,0.7461544871330261,-0.12295493483543396,0.5133461952209473,0.7916128635406494,-0.10840116441249847,0.9509767810794117,1.9534902688636093,1.9561738685347667,0.6570387723775128,0.5274111021439509,1.1843318932344726,0.6515476055306055,1.4750516275347816,peace
0.4649682939052582,0.969058632850647,1.445593852622551e-06,0.39545753598213196,0.9009078741073608,-0.06896104663610458,0.38889479637145996,0.7819170355796814,-0.10501907020807266,0.4796055257320404,0.6964260935783386,-0.13574112951755524,0.5549668669700623,0.6312532424926758,-0.16246554255485535,0.3775898218154907,0.5704282522201538,-0.06761562079191208,0.34243249893188477,0.40500932931900024,-0.11105260998010635,0.3229411840438843,0.295012503862381,-0.1376362144947052,0.3089219927787781,0.2032853662967682,-0.15546785295009613,0.4597151577472687,0.5657569766044617,-0.06408796459436417,0.5061644911766052,0.39141345024108887,-0.10907939821481705,0.5413482785224915,0.2834664285182953,-0.1336936205625534,0.5717626214027405,0.1938025951385498,-0.14471888542175293,0.5185573101043701,0.6175810694694519,-0.06787832826375961,0.563869833946228,0.5702941417694092,-0.1279820054769516,0.5258901119232178,0.670877993106842,-0.13277220726013184,0.4973023533821106,0.7296739816665649,-0.11931832879781723,0.558526337146759,0.6951948404312134,-0.0774541050195694,0.5811001658439636,0.6732779741287231,-0.1269526183605194,0.5444211959838867,0.7481138706207275,-0.12519870698451996,0.5130360126495361,0.7926649451255798,-0.11222095042467117,0.9439265607727438,1.9511037016564845,1.948706992805646,0.6597038715037722,0.5252747983070525,1.2088823819120404,0.6445473517109512,1.4755541460241195,peace
0.46793124079704285,0.9698137640953064,1.4305309150586254e-06,0.3992363512516022,0.9053831100463867,-0.0675564557313919,0.3904193937778473,0.7848066091537476,-0.10295117646455765,0.47634249925613403,0.6982589960098267,-0.1334555745124817,0.5501681566238403,0.6326429843902588,-0.1600537896156311,0.37825965881347656,0.5720996260643005,-0.06730005890130997,0.34113815426826477,0.40392401814460754,-0.11079090088605881,0.32101595401763916,0.2939439117908478,-0.1366358995437622,0.3067134916782379,0.20132410526275635,-0.1537296026945114,0.4593788981437683,0.5676166415214539,-0.06454609334468842,0.50750333070755,0.39197850227355957,-0.11049901694059372,0.5438672304153442,0.282238632440567,-0.13464896380901337,0.574378490447998,0.1904296576976776,-0.14492982625961304,0.5172926783561707,0.6180028319358826,-0.06900736689567566,0.5638633370399475,0.5667427182197571,-0.13120406866073608,0.5263695120811462,0.6707146167755127,-0.1357237994670868,0.4972902238368988,0.7326158881187439,-0.12135609239339828,0.5569547414779663,0.6937188506126404,-0.0790395438671112,0.5805702209472656,0.6726515293121338,-0.13056091964244843,0.5444427728652954,0.751396894454956,-0.12893322110176086,0.5130129456520081,0.798735499382019,-0.11548908054828644,0.938025987445598,1.9638137491561056,1.9631616789909452,0.6579046249015528,0.5185558046331461,1.2157151431690005,0.6578508109271225,1.502331554994416,peace
0.4671792984008789,0.9711670875549316,1.4354578752318048e-06,0.39661359786987305,0.9024733304977417,-0.06644147634506226,0.3876543939113617,0.7835572361946106,-0.10217776894569397,0.4741736650466919,0.6978814601898193,-0.13334685564041138,0.5474516749382019,0.6338093876838684,-0.16045072674751282,0.3783114552497864,0.5707089304924011,-0.06583697348833084,0.3431242108345032,0.40511977672576904,-0.10996305197477341,0.3239331841468811,0.29494771361351013,-0.13705919682979584,0.3101576566696167,0.20315828919410706,-0.15509705245494843,0.4601396918296814,0.5667527318000793,-0.06403622776269913,0.5072553157806396,0.39189621806144714,-0.11031349003314972,0.5424619913101196,0.2839023470878601,-0.13504305481910706,0.5728680491447449,0.194318950176239,-0.1457756906747818,0.5196866989135742,0.6184980273246765,-0.06939046084880829,0.5649022459983826,0.5690215826034546,-0.13009895384311676,0.5256310105323792,0.6706627011299133,-0.13328266143798828,0.49570271372795105,0.7298934459686279,-0.11841229349374771,0.5606145858764648,0.6960543394088745,-0.08040618151426315,0.5841016173362732,0.668723464012146,-0.1293107122182846,0.5465872287750244,0.7424072027206421,-0.12567365169525146,0.5139948129653931,0.7866741418838501,-0.11121367663145065,0.9330507299323646,1.9513165353330415,1.9472866741788937,0.659987811678292,0.5383199651577717,1.2007609267683201,0.6422831100918261,1.4560561054035241,peace
0.46821436285972595,0.9714487791061401,1.4682154869660735e-06,0.39855438470840454,0.9046958684921265,-0.06982289254665375,0.3904357850551605,0.7875471115112305,-0.10635648667812347,0.4793107211589813,0.7011311650276184,-0.13753671944141388,0.553899347782135,0.6317461729049683,-0.1644589602947235,0.3792186379432678,0.5701817870140076,-0.06676173210144043,0.34271183609962463,0.40511345863342285,-0.11103589087724686,0.32282763719558716,0.2952616512775421,-0.1379108428955078,0.3091195821762085,0.2030605971813202,-0.15542031824588776,0.4616456925868988,0.5657760500907898,-0.06291314959526062,0.5093217492103577,0.3917131721973419,-0.10885586589574814,0.5447938442230225,0.2819375693798065,-0.1331866979598999,0.5753369927406311,0.18948882818222046,-0.14321275055408478,0.5206800699234009,0.617812991142273,-0.06677857786417007,0.5666415691375732,0.5759158134460449,-0.12911202013492584,0.5278312563896179,0.6801806688308716,-0.13376350700855255,0.4988594651222229,0.7396239042282104,-0.1189681738615036,0.5603173971176147,0.695826530456543,-0.07640671730041504,0.5845034718513489,0.6778417229652405,-0.12732766568660736,0.547479510307312,0.7553094625473022,-0.12517905235290527,0.5163304805755615,0.799892783164978,-0.11108897626399994,0.9426351012591525,1.948311249984637,1.9537226005385886,0.6390183155627098,0.5114053769269525,1.2025324307233791,0.6499224753803553,1.4956798840518237,peace
0.46500855684280396,0.9776564836502075,1.4458107671089238e-06,0.3963247835636139,0.9095731377601624,-0.06812064349651337,0.389107882976532,0.7886558175086975,-0.10432033985853195,0.47911444306373596,0.7024623155593872,-0.1357637643814087,0.5545321106910706,0.6371557712554932,-0.16323190927505493,0.3792492747306824,0.5737536549568176,-0.06654158234596252,0.3447626531124115,0.40778422355651855,-0.11173191666603088,0.324840247631073,0.29675737023353577,-0.13952787220478058,0.30994924902915955,0.20386633276939392,-0.1580737978219986,0.4610046148300171,0.5681108832359314,-0.06422813981771469,0.5093121528625488,0.39151424169540405,-0.11115965247154236,0.544518232345581,0.2820444703102112,-0.1363029032945633,0.5742571949958801,0.19010677933692932,-0.14724740386009216,0.5200039148330688,0.6199961304664612,-0.06936664879322052,0.5656483173370361,0.5701090693473816,-0.1316383183002472,0.5264714956283569,0.674630880355835,-0.13543978333473206,0.4963805079460144,0.7362966537475586,-0.12059569358825684,0.5601880550384521,0.698632538318634,-0.08033701032400131,0.5842418670654297,0.6755816340446472,-0.13140393793582916,0.5464019775390625,0.7520791292190552,-0.129008948802948,0.5132642388343811,0.7976517081260681,-0.11504089087247849,0.9360801818596224,1.9413983253806806,1.9504724733906627,0.65520406960494,0.5282781240499492,1.2002289910380897,0.6389414373250293,1.4748891340253216,peace
0.46705299615859985,0.9797535538673401,1.473196334700333e-06,0.39936789870262146,0.9081175327301025,-0.07086275517940521,0.39371228218078613,0.7859046459197998,-0.10732635855674744,0.4812755584716797,0.695805549621582,-0.13857461512088776,0.5530002117156982,0.6257103085517883,-0.1654168665409088,0.3796566128730774,0.5730870962142944,-0.06616971641778946,0.343466579914093,0.40732353925704956,-0.1112486720085144,0.32359787821769714,0.2971653342247009,-0.13867534697055817,0.30967283248901367,0.20408985018730164,-0.15651260316371918,0.4605388641357422,0.5706279277801514,-0.06255067884922028,0.5095106363296509,0.3949351906776428,-0.11091938614845276,0.5464591383934021,0.2844681143760681,-0.1363576203584671,0.5788684487342834,0.19158893823623657,-0.14652341604232788,0.5185762643814087,0.6229137778282166,-0.0668724998831749,0.5667057037353516,0.5797262787818909,-0.1316627860069275,0.5265898704528809,0.6873165369033813,-0.13579457998275757,0.4960634112358093,0.7473697066307068,-0.11990348249673843,0.5582748651504517,0.7000239491462708,-0.07714144885540009,0.5852349400520325,0.6790848970413208,-0.12890030443668365,0.547520637512207,0.7595534324645996,-0.12587498128414154,0.515266478061676,0.8043385744094849,-0.11093968152999878,0.9666341706162845,1.9491014735772774,1.9554636548863245,0.6356088929339133,0.5147692886630849,1.1762294199619454,0.6514855231263135,1.490747990134465,peace
0.46700143814086914,0.9772037267684937,1.46801107803185e-06,0.39828547835350037,0.9061357975006104,-0.06926921755075455,0.39332008361816406,0.7838373184204102,-0.10510077327489853,0.4822418689727783,0.6937910318374634,-0.13589009642601013,0.5543837547302246,0.6245241165161133,-0.162333145737648,0.3799399733543396,0.5734840631484985,-0.06514943391084671,0.3427668511867523,0.40645354986190796,-0.10891551524400711,0.3225677013397217,0.2960277497768402,-0.13528025150299072,0.308565616607666,0.20354226231575012,-0.15244905650615692,0.46067044138908386,0.5702721476554871,-0.06160895526409149,0.5090929865837097,0.39496248960494995,-0.10867831856012344,0.5453029274940491,0.28495293855667114,-0.13357989490032196,0.5769942402839661,0.19351860880851746,-0.14366644620895386,0.5186722874641418,0.6216335892677307,-0.06574011594057083,0.5663081407546997,0.5777490735054016,-0.12853313982486725,0.5259761810302734,0.6840605139732361,-0.1324654370546341,0.4952985644340515,0.7441455721855164,-0.1169883981347084,0.5589110851287842,0.6978639960289001,-0.0757126584649086,0.5854707360267639,0.6757630705833435,-0.12573251128196716,0.5476511120796204,0.7544456124305725,-0.12254692614078522,0.515012800693512,0.7992528676986694,-0.10789526998996735,0.9668135764287661,1.953987183869698,1.953996421727684,0.6372500918962591,0.5188604172275214,1.1845816688308957,0.6529323515250992,1.4818246840916287,peace
0.46815237402915955,0.9728924036026001,1.4880505432302016e-06,0.3991265892982483,0.9054278135299683,-0.0715218186378479,0.39266955852508545,0.7883206605911255,-0.10900003463029861,0.4823686182498932,0.7011656165122986,-0.14094027876853943,0.5560165047645569,0.6326875686645508,-0.16863594949245453,0.38059425354003906,0.572759211063385,-0.06857036799192429,0.3451201021671295,0.4088355004787445,-0.11422253400087357,0.32516881823539734,0.2983563244342804,-0.14219099283218384,0.3105852007865906,0.20514854788780212,-0.1605849713087082,0.46193355321884155,0.5688758492469788,-0.06467410176992416,0.509679913520813,0.3937032222747803,-0.11200040578842163,0.5465986728668213,0.284046471118927,-0.13711561262607574,0.5782250165939331,0.19189617037773132,-0.14777551591396332,0.5203670859336853,0.6216795444488525,-0.06862800568342209,0.5692886114120483,0.5793470740318298,-0.13199570775032043,0.5296785831451416,0.6842146515846252,-0.1360640674829483,0.49885571002960205,0.744026780128479,-0.12095897644758224,0.5592434406280518,0.7006182670593262,-0.07859639823436737,0.5860952138900757,0.6819252967834473,-0.13025756180286407,0.5485031604766846,0.7597318887710571,-0.12771646678447723,0.5152842998504639,0.804072916507721,-0.11345324665307999,0.9524257897273466,1.9550627511181613,1.9609539108044622,0.6370321220321866,0.5102294626738381,1.2048680596859052,0.6555913129428108,1.506224442302745,peace
0.4711986780166626,0.9760200381278992,1.476131387789792e-06,0.40133973956108093,0.9053003787994385,-0.06767938286066055,0.395280122756958,0.784242570400238,-0.10250157117843628,0.482034832239151,0.6948925256729126,-0.1326710283756256,0.5526295304298401,0.6279414296150208,-0.15859800577163696,0.38274651765823364,0.5713744163513184,-0.06211487576365471,0.3471483886241913,0.40726184844970703,-0.10643196105957031,0.32771068811416626,0.2972305417060852,-0.13363510370254517,0.3139561712741852,0.20503148436546326,-0.15139617025852203,0.4635891318321228,0.5688185691833496,-0.059951167553663254,0.5118733644485474,0.39254218339920044,-0.10762154310941696,0.5484672784805298,0.28283247351646423,-0.133257195353508,0.5803776979446411,0.19156551361083984,-0.1436345875263214,0.5224570035934448,0.6216864585876465,-0.06541278958320618,0.5711014866828918,0.574469804763794,-0.1291249543428421,0.5302903652191162,0.679985761642456,-0.1325729787349701,0.498858779668808,0.7400120496749878,-0.11645174026489258,0.5621158480644226,0.7005866169929504,-0.0765891969203949,0.5885762572288513,0.6761824488639832,-0.12787069380283356,0.5513617992401123,0.7535989880561829,-0.12392845749855042,0.518818199634552,0.797676146030426,-0.10825233161449432,0.9500011056286465,1.9464790122323608,1.955326962191117,0.6428192788045278,0.5198264644685255,1.1797626525051963,0.648284590320066,1.4824163211523824,peace
0.470304399728775,0.9747494459152222,1.4936465504433727e-06,0.4020635187625885,0.9064147472381592,-0.07221575826406479,0.39691877365112305,0.7858374714851379,-0.10982085019350052,0.486389696598053,0.6975391507148743,-0.14157359302043915,0.5599285960197449,0.6269095540046692,-0.1690291464328766,0.3829650580883026,0.5698662996292114,-0.07022929191589355,0.3477937877178192,0.4007114768028259,-0.11569663882255554,0.3283468186855316,0.2887619733810425,-0.1432942897081375,0.3151109218597412,0.19541135430335999,-0.16136430203914642,0.4648059010505676,0.5669425129890442,-0.06567748636007309,0.5129034519195557,0.3907792568206787,-0.11322680115699768,0.5491376519203186,0.28061649203300476,-0.13829369843006134,0.5806263089179993,0.18883711099624634,-0.1487051248550415,0.5237594842910767,0.6198051571846008,-0.0689406767487526,0.5714611411094666,0.575731098651886,-0.13260911405086517,0.5318207144737244,0.6805201172828674,-0.1375735104084015,0.5017138719558716,0.7400652766227722,-0.12305722385644913,0.5633924603462219,0.6980534195899963,-0.07817461341619492,0.5887548923492432,0.6798217296600342,-0.1306241750717163,0.5501142740249634,0.7583386301994324,-0.12925440073013306,0.5171787738800049,0.8021393418312073,-0.11574847251176834,0.960989027261864,1.962864817975076,1.9545642978677198,0.645959866344342,0.5157306793034994,1.2010916252650672,0.643666271424194,1.4946892830766079,peace
0.4722624719142914,0.9775547981262207,1.4799441032664618e-06,0.40345752239227295,0.9070399403572083,-0.06797800213098526,0.3961229622364044,0.7850232720375061,-0.10360584408044815,0.48331472277641296,0.6971238851547241,-0.13454772531986237,0.5554865598678589,0.630349338054657,-0.161336287856102,0.3837413489818573,0.5705021619796753,-0.06495964527130127,0.34987956285476685,0.40221071243286133,-0.11041474342346191,0.3311319947242737,0.2910495698451996,-0.13850565254688263,0.31751883029937744,0.19736483693122864,-0.15704089403152466,0.46553266048431396,0.5670376420021057,-0.06282800436019897,0.5150184035301208,0.3898189663887024,-0.11056476831436157,0.5524433851242065,0.2798614799976349,-0.13609308004379272,0.5844234824180603,0.18769729137420654,-0.14677265286445618,0.5250687003135681,0.6199315786361694,-0.06822604686021805,0.5715159773826599,0.5710362792015076,-0.13174931704998016,0.5323711037635803,0.6784325242042542,-0.13476839661598206,0.5024871230125427,0.7410843968391418,-0.11861412972211838,0.565579891204834,0.6989290714263916,-0.07941409945487976,0.5896045565605164,0.6753334403038025,-0.13129843771457672,0.5524101853370667,0.7544090151786804,-0.1276559680700302,0.5207152366638184,0.8006893396377563,-0.11217205226421356,0.9432959132500518,1.9519380096053651,1.9529672161598137,0.6410771966184552,0.5175591563812532,1.1895613538751515,0.6434938048222298,1.4861202050358053,peace
0.4727027714252472,0.9731526374816895,1.5032777582746348e-06,0.403157114982605,0.9029864072799683,-0.07168637961149216,0.3968808948993683,0.7839542031288147,-0.10918652266263962,0.48664888739585876,0.6952002048492432,-0.1411074548959732,0.5605490207672119,0.6275657415390015,-0.16858011484146118,0.38638782501220703,0.5678210854530334,-0.06860800087451935,0.35193413496017456,0.400606632232666,-0.11328279227018356,0.33293402194976807,0.28924596309661865,-0.1408146470785141,0.3200936019420624,0.19563832879066467,-0.15922795236110687,0.46771177649497986,0.5651929974555969,-0.0644141212105751,0.5163050293922424,0.39012089371681213,-0.11181357502937317,0.5538915395736694,0.2799404263496399,-0.13741016387939453,0.5869290828704834,0.18828070163726807,-0.1485515832901001,0.5259020328521729,0.6179187893867493,-0.06799791753292084,0.574846088886261,0.5754872560501099,-0.13078631460666656,0.5342993140220642,0.6806207895278931,-0.13543134927749634,0.50254887342453,0.7415828704833984,-0.12095741182565689,0.5654310584068298,0.6952395439147949,-0.07770790159702301,0.5924639701843262,0.6758551597595215,-0.12881706655025482,0.5545137524604797,0.7540331482887268,-0.12702703475952148,0.5207370519638062,0.7993718981742859,-0.11352548003196716,0.9549077155480928,1.9566647920392335,1.9536181771375818,0.636630484335533,0.5158323944222282,1.1970526291407417,0.6467825932696959,1.490546491015532,peace
0.4718460738658905,0.9726426601409912,1.5141238236537902e-06,0.4037371277809143,0.9030874371528625,-0.07206732779741287,0.39829525351524353,0.7843371033668518,-0.1093536913394928,0.48975321650505066,0.6986293196678162,-0.14101137220859528,0.564703106880188,0.6308538913726807,-0.16854991018772125,0.38534677028656006,0.5691719055175781,-0.06829989701509476,0.35093048214912415,0.4009879231452942,-0.11373919993638992,0.332095205783844,0.28845277428627014,-0.14259189367294312,0.318803071975708,0.19417324662208557,-0.16193242371082306,0.46762263774871826,0.566005527973175,-0.06364365667104721,0.5170839428901672,0.3914678692817688,-0.11056405305862427,0.5557646751403809,0.2813858389854431,-0.13616213202476501,0.5890244841575623,0.18894430994987488,-0.14751750230789185,0.5263671278953552,0.6190963387489319,-0.06692615896463394,0.5749006271362305,0.5745839476585388,-0.1295529454946518,0.5361366868019104,0.678555965423584,-0.1339288055896759,0.5061406493186951,0.7389464378356934,-0.11938556283712387,0.5650709271430969,0.6980180740356445,-0.07631392031908035,0.5919702053070068,0.6768916845321655,-0.12810686230659485,0.5547006130218506,0.7546471357345581,-0.12600278854370117,0.5221682190895081,0.7998417019844055,-0.11211272329092026,0.9529379583882971,1.967219394057808,1.9582222525118549,0.6429793206371416,0.5151538009520151,1.217654265981475,0.6575541615444653,1.4955012448151754,peace
0.4723992347717285,0.9750081300735474,1.4813003872404806e-06,0.4029366374015808,0.9037135243415833,-0.06849738955497742,0.3962648808956146,0.7824522852897644,-0.10429121553897858,0.48569491505622864,0.6963986158370972,-0.13507424294948578,0.5601660013198853,0.6317654252052307,-0.16169919073581696,0.38610073924064636,0.5690658092498779,-0.06626012921333313,0.3521246016025543,0.39834991097450256,-0.11071176081895828,0.3337239623069763,0.2853175699710846,-0.13802744448184967,0.3206593990325928,0.19125312566757202,-0.15619434416294098,0.4681991934776306,0.5660067200660706,-0.06350734084844589,0.5177984237670898,0.3902032673358917,-0.11040811985731125,0.5548004508018494,0.28038811683654785,-0.1353021115064621,0.5868688821792603,0.1889156997203827,-0.14580608904361725,0.5271531939506531,0.6195232272148132,-0.06822460144758224,0.5744366645812988,0.5681873559951782,-0.13060262799263,0.5341566205024719,0.6723619103431702,-0.13386598229408264,0.5037822723388672,0.7337309718132019,-0.11838419735431671,0.5671836733818054,0.6989642977714539,-0.0787460133433342,0.5914551019668579,0.6750286221504211,-0.12998664379119873,0.5529511570930481,0.7509438991546631,-0.12696130573749542,0.5202819108963013,0.7955881357192993,-0.11224120855331421,0.9408532139824556,1.9652003736990462,1.9512072719530953,0.6536984702791556,0.5242143952597926,1.2114334576799997,0.6436486858774522,1.476687389548843,peace
0.4744291603565216,0.9735257029533386,1.518663907518203e-06,0.40402042865753174,0.9027538895606995,-0.07239852100610733,0.39815467596054077,0.7832185626029968,-0.10982687026262283,0.48811134696006775,0.6948451995849609,-0.14163047075271606,0.5611045956611633,0.6260213851928711,-0.16919299960136414,0.3866384029388428,0.567029595375061,-0.06768897920846939,0.3529973030090332,0.39987534284591675,-0.11252426356077194,0.3344767987728119,0.28870874643325806,-0.14093995094299316,0.32185840606689453,0.1951403021812439,-0.16002494096755981,0.4686815142631531,0.565264105796814,-0.06332319974899292,0.5185776948928833,0.3897157907485962,-0.11050291359424591,0.557456910610199,0.2799871265888214,-0.13676531612873077,0.5914850831031799,0.18819445371627808,-0.14854292571544647,0.527578592300415,0.6190558671951294,-0.0668678730726242,0.5754354000091553,0.5721834897994995,-0.1300252228975296,0.5347870588302612,0.6771235466003418,-0.13457126915454865,0.5040323138237,0.7370667457580566,-0.12009019404649734,0.5671621561050415,0.6978482604026794,-0.07649970799684525,0.5931957960128784,0.6727169752120972,-0.1280442625284195,0.5555775761604309,0.7503223419189453,-0.12527352571487427,0.5232068300247192,0.795246958732605,-0.11102036386728287,0.958662254014347,1.958395634123095,1.9550167809564867,0.6458477742489415,0.5218292769597148,1.193005448048006,0.6533653376258938,1.481254915884129,peace
0.47099822759628296,0.9704426527023315,1.5141064295676188e-06,0.4025191068649292,0.9031686782836914,-0.07382168620824814,0.39668580889701843,0.7861457467079163,-0.11281850188970566,0.48733311891555786,0.70124351978302,-0.14560671150684357,0.5625414252281189,0.6324005722999573,-0.17391254007816315,0.3865109980106354,0.5652210116386414,-0.07332257181406021,0.3543686866760254,0.3963286876678467,-0.11927778273820877,0.3358174264431,0.2829154431819916,-0.14799609780311584,0.3229416012763977,0.18814638257026672,-0.16760927438735962,0.46917852759361267,0.5612933039665222,-0.06829173862934113,0.5183068513870239,0.38738948106765747,-0.11581560224294662,0.5568020939826965,0.2782449424266815,-0.14231719076633453,0.5896791219711304,0.18590998649597168,-0.15497145056724548,0.5276539921760559,0.6141653060913086,-0.07098111510276794,0.577507495880127,0.5700793266296387,-0.13356122374534607,0.5388053059577942,0.6727622747421265,-0.13945607841014862,0.5075675845146179,0.733342170715332,-0.1268099546432495,0.5663861632347107,0.6928021907806396,-0.07992877066135406,0.5941629409790039,0.6760470867156982,-0.13227736949920654,0.5560263395309448,0.7515601515769958,-0.13249480724334717,0.5209494829177856,0.7962312698364258,-0.12084124982357025,0.9426439462368188,1.9614412275857631,1.9489449413680588,0.6541664047563424,0.5251137592818589,1.2168965718566314,0.6437719142162415,1.4828945575732384,peace
0.4735104441642761,0.9722625613212585,1.5178778767221957e-06,0.4029797613620758,0.9024674892425537,-0.0740770623087883,0.39814937114715576,0.7796370387077332,-0.11180808395147324,0.49057668447494507,0.6933383941650391,-0.14326299726963043,0.5670560598373413,0.6296414732933044,-0.17037712037563324,0.38755834102630615,0.5652129054069519,-0.0716710016131401,0.35420680046081543,0.3938993215560913,-0.11732405424118042,0.3358767628669739,0.27992212772369385,-0.14583979547023773,0.3223333954811096,0.18501663208007812,-0.16487225890159607,0.47013404965400696,0.5634353756904602,-0.06602628529071808,0.5211941003799438,0.3870563209056854,-0.1136879101395607,0.5597449541091919,0.2773611545562744,-0.1392080932855606,0.5927337408065796,0.1854206919670105,-0.15030115842819214,0.5285103917121887,0.61712646484375,-0.06829259544610977,0.5782360434532166,0.5686127543449402,-0.13184204697608948,0.5378758907318115,0.6738791465759277,-0.1360718011856079,0.5066667795181274,0.7352622747421265,-0.12095949053764343,0.5675807595252991,0.6955249905586243,-0.0767851397395134,0.5949743986129761,0.6706050634384155,-0.12919728457927704,0.5575456023216248,0.7473039627075195,-0.12716546654701233,0.5247005224227905,0.7924544811248779,-0.11306063830852509,0.9511644172282476,1.9761682808091985,1.9556019264296625,0.6474673466651413,0.5275566748376379,1.2255619571041305,0.6538688702235795,1.4776865921912203,peace
0.4750930964946747,0.9768017530441284,1.499832592344319e-06,0.4041874408721924,0.9061628580093384,-0.07138843089342117,0.39804553985595703,0.781740665435791,-0.10836037248373032,0.4894353449344635,0.6947383284568787,-0.13974495232105255,0.5656749606132507,0.6304814219474792,-0.16672977805137634,0.3881932199001312,0.5651591420173645,-0.06868834048509598,0.35448336601257324,0.39391016960144043,-0.11373163014650345,0.33587610721588135,0.2803937494754791,-0.14182324707508087,0.322299063205719,0.18611106276512146,-0.1606200635433197,0.4708443880081177,0.5626106262207031,-0.06429149955511093,0.5217759013175964,0.38680076599121094,-0.11141937971115112,0.5597683787345886,0.2772347331047058,-0.13657143712043762,0.5923818945884705,0.185820072889328,-0.14749199151992798,0.5294603109359741,0.6158872842788696,-0.06764577329158783,0.577886700630188,0.5670392513275146,-0.1295723170042038,0.5375514030456543,0.6716814637184143,-0.13285523653030396,0.5067436695098877,0.7330421209335327,-0.11759518831968307,0.5688628554344177,0.6946874260902405,-0.07718787342309952,0.5947811007499695,0.670587956905365,-0.12811610102653503,0.5567973852157593,0.7466011047363281,-0.12552377581596375,0.5238559246063232,0.7914950251579285,-0.11127138882875443,0.9420794553468333,1.9590443638520134,1.9398137241891857,0.6500586094537374,0.5286130574963261,1.2087809100127185,0.6450827528594131,1.4567088614444637,peace
0.4745023548603058,0.9757151007652283,1.538285346214252e-06,0.40296006202697754,0.9032833576202393,-0.07444300502538681,0.3984660506248474,0.7822970151901245,-0.11227399855852127,0.48941275477409363,0.6947905421257019,-0.1440812200307846,0.5634464025497437,0.6274157762527466,-0.17146244645118713,0.38834837079048157,0.5630478858947754,-0.06820493936538696,0.35709887742996216,0.3958807587623596,-0.11299848556518555,0.3389315605163574,0.2844111919403076,-0.14158718287944794,0.3259199857711792,0.19028395414352417,-0.16099388897418976,0.47116369009017944,0.5604254603385925,-0.0626470148563385,0.5224213004112244,0.38567838072776794,-0.10951121896505356,0.56182461977005,0.2774704694747925,-0.13613030314445496,0.5957975387573242,0.18629977107048035,-0.1483890414237976,0.5298605561256409,0.614166259765625,-0.06528414785861969,0.5779980421066284,0.5716550946235657,-0.12815341353416443,0.5369243025779724,0.6771000027656555,-0.13390466570854187,0.5048449635505676,0.7371270656585693,-0.12037218362092972,0.5681764483451843,0.6930750608444214,-0.07429306209087372,0.5956817865371704,0.6722915768623352,-0.12558771669864655,0.5574886798858643,0.7491073608398438,-0.12430377304553986,0.5233724117279053,0.7932459115982056,-0.1113356277346611,0.9482687439809672,1.9414467549348042,1.934148600217735,0.640355842491683,0.522067566057923,1.1847705463700504,0.6433318003641313,1.4580238820553428,peace
0.4762399196624756,0.9727868437767029,1.5436867215612438e-06,0.4058035612106323,0.9012032151222229,-0.07500952482223511,0.3994077146053314,0.781830370426178,-0.11383385211229324,0.4917154014110565,0.6947070956230164,-0.14639225602149963,0.5678428411483765,0.6269975900650024,-0.17449969053268433,0.390018105506897,0.5641732215881348,-0.07166163623332977,0.35827165842056274,0.39496371150016785,-0.11753658950328827,0.3418228328227997,0.28203845024108887,-0.14670781791210175,0.3310791254043579,0.18701422214508057,-0.16633941233158112,0.47282108664512634,0.5608469247817993,-0.06559951603412628,0.5239145755767822,0.3857319951057434,-0.11284332722425461,0.5633139610290527,0.27560025453567505,-0.1384160816669464,0.5974573493003845,0.18312066793441772,-0.1498456448316574,0.5317651033401489,0.6139002442359924,-0.06769715994596481,0.5800350904464722,0.5713486075401306,-0.13021783530712128,0.540183424949646,0.676758885383606,-0.1345580816268921,0.5095744132995605,0.7377985715866089,-0.12001138180494308,0.5712338089942932,0.6922852993011475,-0.07625267654657364,0.5980047583580017,0.6712421178817749,-0.12766315042972565,0.5598032474517822,0.7484560608863831,-0.12599028646945953,0.5263069272041321,0.7934989929199219,-0.1125405877828598,0.9541271760509821,1.956626397369258,1.9485930307570263,0.6375667785376151,0.5214574506139338,1.197924250768333,0.6398646394990767,1.4758454399010297,peace
0.4755288362503052,0.9665752649307251,1.543754819977039e-06,0.4068635106086731,0.8942385911941528,-0.07248423248529434,0.4021460711956024,0.7769553661346436,-0.11077965050935745,0.49414265155792236,0.6919188499450684,-0.14349102973937988,0.5693610906600952,0.6274774074554443,-0.17175988852977753,0.39175334572792053,0.560488760471344,-0.06935079395771027,0.3605218529701233,0.3918111324310303,-0.1139138787984848,0.34416908025741577,0.2796449363231659,-0.1419743299484253,0.3337453603744507,0.1855466365814209,-0.16103723645210266,0.4744027554988861,0.5585398077964783,-0.0646282210946083,0.5267170071601868,0.38468852639198303,-0.11091340333223343,0.5662094354629517,0.2759702801704407,-0.13639749586582184,0.6006854176521301,0.1844681203365326,-0.14822357892990112,0.5328112244606018,0.6122005581855774,-0.06773999333381653,0.5823299884796143,0.5680155158042908,-0.12840312719345093,0.5412680506706238,0.670647919178009,-0.1322040557861328,0.5096145272254944,0.7291263341903687,-0.11808881908655167,0.5716174244880676,0.6909005641937256,-0.0772087499499321,0.6000453233718872,0.6673875451087952,-0.1262090802192688,0.5618525147438049,0.741570770740509,-0.12358004599809647,0.5278290510177612,0.7843325734138489,-0.11020231246948242,0.9477224448253099,1.9605799607163534,1.9505197897614226,0.6472006162858913,0.5308330437375461,1.212543477517347,0.6468981002826424,1.465580685528903,peace
0.4798281788825989,0.9689205884933472,1.5456357687071431e-06,0.40850353240966797,0.8981757164001465,-0.07587328553199768,0.4040979743003845,0.7760299444198608,-0.11362437158823013,0.4971669614315033,0.6892105340957642,-0.1446215808391571,0.5730632543563843,0.622586727142334,-0.17120471596717834,0.3927294611930847,0.5609813928604126,-0.07050847262144089,0.3613325357437134,0.3906071186065674,-0.115227609872818,0.34428006410598755,0.27593928575515747,-0.14415189623832703,0.3315111994743347,0.1807340681552887,-0.16359739005565643,0.47444644570350647,0.5591288208961487,-0.06299905478954315,0.5274186134338379,0.38412269949913025,-0.1086692214012146,0.5673002600669861,0.2745884954929352,-0.13349297642707825,0.6006566286087036,0.18434074521064758,-0.14435520768165588,0.5320102572441101,0.6125292181968689,-0.0638207197189331,0.5814145803451538,0.5678569078445435,-0.1252594143152237,0.5412543416023254,0.6703255772590637,-0.13016775250434875,0.5093157887458801,0.7301197052001953,-0.11597026139497757,0.5701467990875244,0.6895663142204285,-0.07111268490552902,0.5997692346572876,0.6637072563171387,-0.12249567359685898,0.5613059997558594,0.7396277189254761,-0.12130410224199295,0.5258855819702148,0.7846212983131409,-0.1080598533153534,0.9584917475548319,1.9740768890030638,1.9458900267121595,0.6441808033144474,0.5270846591952604,1.2146035350199835,0.6508177334480546,1.4615185153936145,peace
0.4793202579021454,0.9656777381896973,1.5467663843082846e-06,0.4090280532836914,0.8950107097625732,-0.07363680005073547,0.40237921476364136,0.7746680974960327,-0.11264188587665558,0.4939563572406769,0.6874935626983643,-0.14545130729675293,0.5694050192832947,0.620499849319458,-0.17370828986167908,0.39388036727905273,0.5588487982749939,-0.07306576520204544,0.3611159324645996,0.38707494735717773,-0.11848746985197067,0.3445882201194763,0.2730620503425598,-0.14707046747207642,0.33324962854385376,0.17753282189369202,-0.16652332246303558,0.47545334696769714,0.5566495060920715,-0.06759826093912125,0.5270241498947144,0.3815650939941406,-0.115170918405056,0.5672566890716553,0.2715822458267212,-0.1400328129529953,0.6016687750816345,0.17981353402137756,-0.15111567080020905,0.5333003997802734,0.6094183325767517,-0.06992886960506439,0.5824434757232666,0.5637208223342896,-0.13183030486106873,0.5420348048210144,0.6692919731140137,-0.1343720704317093,0.5099539756774902,0.7314223647117615,-0.11904235929250717,0.5731188654899597,0.6864564418792725,-0.07871737331151962,0.6023038029670715,0.6614320278167725,-0.1302989423274994,0.5648376941680908,0.7406215667724609,-0.12773576378822327,0.52993243932724,0.788764476776123,-0.1137031838297844,0.9570401768716646,1.9746504020706515,1.952650281598943,0.6380858073092226,0.5217296193335238,1.2109064515586367,0.6485128867579989,1.4816893945743168,peace
0.47775062918663025,0.963462233543396,1.5361224541265983e-06,0.4088090658187866,0.8906192779541016,-0.07294522970914841,0.4048091173171997,0.7714883685112,-0.11053422838449478,0.4948861002922058,0.682245135307312,-0.14227476716041565,0.5667410492897034,0.6105091571807861,-0.16956700384616852,0.3934019207954407,0.555127739906311,-0.06763235479593277,0.36193007230758667,0.3874221742153168,-0.11253473162651062,0.34472787380218506,0.27460598945617676,-0.14127393066883087,0.3324494957923889,0.1801740527153015,-0.16048847138881683,0.47487470507621765,0.5536394119262695,-0.0620630607008934,0.527354896068573,0.37895676493644714,-0.10848822444677353,0.567380428314209,0.26990100741386414,-0.13389819860458374,0.6014107465744019,0.17902672290802002,-0.14506977796554565,0.5330151319503784,0.6070612668991089,-0.06460729241371155,0.5820237994194031,0.5655794143676758,-0.12599925696849823,0.5412645936012268,0.668659508228302,-0.1298709511756897,0.5089460611343384,0.7260382771492004,-0.11514820903539658,0.571735143661499,0.684829592704773,-0.07341562211513519,0.6003389358520508,0.6595539450645447,-0.1229076236486435,0.5624547004699707,0.7358046174049377,-0.11979588121175766,0.5279473066329956,0.7792443037033081,-0.10556429624557495,0.9687605191114579,1.960537448873886,1.9475312406667102,0.6410312420528841,0.5263471733540867,1.1822835729129635,0.6499418240349536,1.4619441198520817,peace
0.47769105434417725,0.9641573429107666,1.5650532532163197e-06,0.40674877166748047,0.893677830696106,-0.07822278887033463,0.4022747874259949,0.7723103165626526,-0.11733182519674301,0.4963781237602234,0.685390055179596,-0.149072527885437,0.5727457404136658,0.6166098713874817,-0.1761787384748459,0.3910354971885681,0.5571234822273254,-0.07385561615228653,0.35961365699768066,0.38435646891593933,-0.11896887421607971,0.3428094685077667,0.2687879502773285,-0.1480022668838501,0.33049145340919495,0.17267581820487976,-0.1677459478378296,0.4733075797557831,0.5546846389770508,-0.0652543380856514,0.5252468585968018,0.3787585496902466,-0.11139816790819168,0.5653225779533386,0.2684997320175171,-0.13593848049640656,0.5987363457679749,0.17774629592895508,-0.1467171609401703,0.5313074588775635,0.607825517654419,-0.06522543728351593,0.5801326632499695,0.5657750964164734,-0.12731733918190002,0.5414278507232666,0.6692371964454651,-0.13264252245426178,0.5101628303527832,0.7288529276847839,-0.11888623982667923,0.5704640746116638,0.6843971014022827,-0.07184705883264542,0.5999358892440796,0.6609677672386169,-0.12460652738809586,0.5619655847549438,0.7395094037055969,-0.12462013214826584,0.5264699459075928,0.7851821780204773,-0.1123047024011612,0.9672377431644171,1.9831576607020025,1.9511851344781839,0.6405799559957821,0.5229549380325764,1.2197875232081201,0.6489968637973514,1.4775496222032005,peace
0.47762003540992737,0.9636480212211609,1.5324370679081767e-06,0.4081605076789856,0.8916640877723694,-0.07338257879018784,0.40293586254119873,0.771657407283783,-0.11132793873548508,0.49314606189727783,0.6853627562522888,-0.14307275414466858,0.5668631792068481,0.6191123723983765,-0.17036914825439453,0.39097389578819275,0.5556986927986145,-0.07051171362400055,0.35994207859039307,0.38409802317619324,-0.11450716108083725,0.3434291481971741,0.27059078216552734,-0.14255337417125702,0.33185043931007385,0.17568615078926086,-0.1615888625383377,0.47294363379478455,0.553925096988678,-0.06416909396648407,0.5254015922546387,0.37916359305381775,-0.10979500412940979,0.5653290748596191,0.2700287699699402,-0.1349085569381714,0.5992754697799683,0.1800421178340912,-0.14643369615077972,0.5313588380813599,0.6065201759338379,-0.06564625352621078,0.5791018605232239,0.5618337392807007,-0.12537823617458344,0.5397942662239075,0.6625874638557434,-0.12983721494674683,0.5084682106971741,0.7215558290481567,-0.11629127711057663,0.5712611675262451,0.6824187636375427,-0.07352231442928314,0.5991714596748352,0.6572908163070679,-0.1226910874247551,0.561692476272583,0.7322344183921814,-0.12094768136739731,0.527183473110199,0.7774404883384705,-0.10805196315050125,0.9513856293410529,1.9709989197567146,1.9443279400739721,0.6518245668473183,0.5326629220553905,1.2102162204636957,0.6459137763288729,1.4537977853543547,peace
0.47617387771606445,0.9601561427116394,1.5288936765500694e-06,0.4058787226676941,0.8899582028388977,-0.07657516747713089,0.4003833532333374,0.7715559005737305,-0.11582863330841064,0.49209296703338623,0.6834417581558228,-0.14831387996673584,0.5664389133453369,0.6122477650642395,-0.17623311281204224,0.39029499888420105,0.554537296295166,-0.07279963791370392,0.3592538833618164,0.38678064942359924,-0.11834578961133957,0.3425515592098236,0.2739693820476532,-0.1475275754928589,0.33140403032302856,0.17993009090423584,-0.16730241477489471,0.47239378094673157,0.5523662567138672,-0.06556880474090576,0.5244048833847046,0.3779633343219757,-0.11240309476852417,0.5634905099868774,0.2698715925216675,-0.13790744543075562,0.5969702005386353,0.1801275610923767,-0.14956025779247284,0.5308617353439331,0.605492353439331,-0.0667063519358635,0.5799606442451477,0.5663594007492065,-0.128422811627388,0.5398246049880981,0.665826141834259,-0.1341884583234787,0.507770836353302,0.7213754057884216,-0.12133771181106567,0.569648265838623,0.6827242970466614,-0.07437089085578918,0.5987914800643921,0.6601492166519165,-0.12493521720170975,0.5601492524147034,0.7341952323913574,-0.12434384971857071,0.5242509841918945,0.7763521671295166,-0.11238212883472443,0.9691608314331925,1.96343173702199,1.9449907476618742,0.6529523554868916,0.5344154970801007,1.19153308962044,0.6443788627469426,1.456961394799613,peace
0.47312018275260925,0.9581255316734314,1.5436097555721062e-06,0.40426281094551086,0.8876256942749023,-0.07439127564430237,0.3995107412338257,0.7692492008209229,-0.11348745971918106,0.4909978210926056,0.6840683221817017,-0.14646990597248077,0.565864086151123,0.6172792911529541,-0.17507697641849518,0.3893071115016937,0.5539080500602722,-0.07219459861516953,0.35808801651000977,0.3829490542411804,-0.11781735718250275,0.34137341380119324,0.2690330445766449,-0.1467648595571518,0.32956719398498535,0.17442172765731812,-0.16621316969394684,0.47035327553749084,0.5528168082237244,-0.0659758523106575,0.5232928991317749,0.37890249490737915,-0.11302008479833603,0.5633857250213623,0.270100861787796,-0.13782674074172974,0.5971739888191223,0.18046551942825317,-0.1486746221780777,0.5278617143630981,0.6055290102958679,-0.06780768930912018,0.5752548575401306,0.5629782676696777,-0.12902837991714478,0.5351072549819946,0.6653838753700256,-0.13264168798923492,0.5034932494163513,0.7232241034507751,-0.11809143424034119,0.566775381565094,0.6821345090866089,-0.0760989636182785,0.5956786274909973,0.655013918876648,-0.126193568110466,0.5573658347129822,0.7316420674324036,-0.12368165701627731,0.5220036506652832,0.7765229344367981,-0.10995795577764511,0.9600448997105775,1.9819506695304427,1.951532298379726,0.644494569661368,0.5305040924772894,1.222522008974442,0.6532239778333944,1.4660152144785914,peace
0.47451406717300415,0.9586939215660095,1.5451081480932771e-06,0.40479129552841187,0.8870625495910645,-0.07427652180194855,0.39912885427474976,0.7680107355117798,-0.11252233386039734,0.491908997297287,0.682816207408905,-0.14465592801570892,0.5677886009216309,0.6171051859855652,-0.17249108850955963,0.38973546028137207,0.5532990097999573,-0.06932492554187775,0.35855990648269653,0.3829987347126007,-0.113665372133255,0.34201109409332275,0.26973167061805725,-0.14242330193519592,0.3304569721221924,0.1755477488040924,-0.16185881197452545,0.4705875515937805,0.5530579686164856,-0.06305988878011703,0.5233789086341858,0.3789254426956177,-0.10879559069871902,0.5633790493011475,0.26930859684944153,-0.13376618921756744,0.5974977612495422,0.18016454577445984,-0.14484985172748566,0.5279601812362671,0.6072766780853271,-0.06494014710187912,0.5764611959457397,0.560821533203125,-0.12602928280830383,0.5365054607391357,0.6630924940109253,-0.13039137423038483,0.5051183104515076,0.7230033278465271,-0.11614260077476501,0.5669258236885071,0.6852573752403259,-0.07318973541259766,0.595797061920166,0.656494140625,-0.12419548630714417,0.5576746463775635,0.733350396156311,-0.1221219077706337,0.5227095484733582,0.7799286842346191,-0.10835519433021545,0.9594319099803436,1.9793261885650097,1.952077511892132,0.6443648680326891,0.5225584582101158,1.2213781426633663,0.6518959438395503,1.4749526160008868,peace
0.4756987690925598,0.9584196209907532,1.5392809018521802e-06,0.40516427159309387,0.8865774869918823,-0.07460957765579224,0.4000474810600281,0.7656134963035583,-0.11234177649021149,0.4903995394706726,0.6780662536621094,-0.14362120628356934,0.5635825991630554,0.6102946400642395,-0.1703880876302719,0.38870102167129517,0.5524640083312988,-0.06919265538454056,0.3578316271305084,0.38293981552124023,-0.1132354810833931,0.34127235412597656,0.2694562077522278,-0.14151959121227264,0.3299154043197632,0.17500090599060059,-0.16088636219501495,0.4694615602493286,0.5514801144599915,-0.062438126653432846,0.5215372443199158,0.37792089581489563,-0.10907423496246338,0.5615874528884888,0.26928746700286865,-0.13427336513996124,0.5957518815994263,0.17908966541290283,-0.14542719721794128,0.5267844796180725,0.6046231389045715,-0.06391603499650955,0.575717568397522,0.5592400431632996,-0.12595567107200623,0.5359143018722534,0.663333535194397,-0.13062933087348938,0.5036131143569946,0.7225264310836792,-0.11654113978147507,0.5659477114677429,0.6807041764259338,-0.07174476236104965,0.5951476693153381,0.6538006067276001,-0.12331138551235199,0.5568456053733826,0.7314450740814209,-0.12214332073926926,0.520950198173523,0.7760964035987854,-0.10924135893583298,0.9652108040995477,1.9743692171830736,1.9473491331239556,0.6425944365262308,0.5277704980540522,1.200089129668332,0.6467926574194066,1.463901702498862,peace
0.47245118021965027,0.9540824890136719,1.5250896012730664e-06,0.40387654304504395,0.884249210357666,-0.07258345186710358,0.39889347553253174,0.7668440341949463,-0.11066844314336777,0.4887438714504242,0.6802645921707153,-0.14279967546463013,0.5610014200210571,0.611369252204895,-0.17064905166625977,0.3881211280822754,0.5506995320320129,-0.07071881741285324,0.3581310212612152,0.38117605447769165,-0.1140805333852768,0.34212374687194824,0.2685498595237732,-0.14159096777439117,0.33131611347198486,0.17479759454727173,-0.16045503318309784,0.4697811007499695,0.5493766069412231,-0.06517249345779419,0.522004246711731,0.376190721988678,-0.11044155806303024,0.5626211762428284,0.2673816978931427,-0.13585765659809113,0.5971538424491882,0.17827525734901428,-0.1478775590658188,0.5278952717781067,0.6023103594779968,-0.06725125014781952,0.5752030611038208,0.559029757976532,-0.1265726089477539,0.5372295379638672,0.6580686569213867,-0.13198420405387878,0.5067082047462463,0.7154789566993713,-0.11961540579795837,0.5673319697380066,0.678547739982605,-0.07554005831480026,0.5946855545043945,0.6539484858512878,-0.12442206591367722,0.5576754808425903,0.7285053730010986,-0.12325479835271835,0.5231490135192871,0.7736127972602844,-0.11118512600660324,0.9585955650579837,1.9711994851200116,1.9504796903400141,0.6564474446407065,0.5316755343229124,1.2036466567837887,0.6492765603756797,1.4662037403786534,peace
0.47131961584091187,0.955970287322998,1.5278852742994786e-06,0.402008056640625,0.8876018524169922,-0.07440439611673355,0.3971620202064514,0.7676272988319397,-0.11245787888765335,0.4884066581726074,0.6823117733001709,-0.14402098953723907,0.5629792809486389,0.6156992316246033,-0.17116545140743256,0.386727511882782,0.5515444278717041,-0.07112007588148117,0.3557155430316925,0.38230955600738525,-0.11555030196905136,0.3389478027820587,0.26914986968040466,-0.14357703924179077,0.32727015018463135,0.17479035258293152,-0.1626340001821518,0.4673342704772949,0.5504297018051147,-0.06491577625274658,0.5185904502868652,0.3769519329071045,-0.11197056621313095,0.5593615174293518,0.2678266763687134,-0.1366809606552124,0.5935620665550232,0.17819011211395264,-0.14742448925971985,0.5243048667907715,0.6038520336151123,-0.06677275151014328,0.5742837190628052,0.5582108497619629,-0.12973929941654205,0.5362663865089417,0.6618801951408386,-0.1341649442911148,0.5044683218002319,0.7231438159942627,-0.11978091299533844,0.5631826519966125,0.680665910243988,-0.07494155317544937,0.5935330986976624,0.6559205055236816,-0.12831436097621918,0.5566304922103882,0.7355278730392456,-0.12743082642555237,0.5209302306175232,0.7835056185722351,-0.11433601379394531,0.9538533324789503,1.9741445835105302,1.9502435285495767,0.6425777060571234,0.5180781866613774,1.2174412318148793,0.6494571595987273,1.4865332468047217,peace
0.4723223149776459,0.9533652663230896,1.5514536926275468e-06,0.4027952551841736,0.8815658092498779,-0.0745651051402092,0.39922311902046204,0.7608952522277832,-0.11232142895460129,0.48936715722084045,0.6719909906387329,-0.1435193121433258,0.5611729621887207,0.6013319492340088,-0.1701163500547409,0.3853524923324585,0.5495859980583191,-0.07006500661373138,0.3540615737438202,0.38085949420928955,-0.11390264332294464,0.3371471166610718,0.2678365707397461,-0.14113736152648926,0.3252689838409424,0.17413094639778137,-0.1592806875705719,0.4656237065792084,0.5497666597366333,-0.06360766291618347,0.5177866220474243,0.3753613233566284,-0.111094631254673,0.5591623187065125,0.2663725018501282,-0.1364022046327591,0.5942603349685669,0.1759924590587616,-0.14701808989048004,0.5228065252304077,0.6033408045768738,-0.06522373110055923,0.5726613998413086,0.561750054359436,-0.12899205088615417,0.5336517095565796,0.6660664677619934,-0.13394244015216827,0.5016360282897949,0.7235655784606934,-0.11926741898059845,0.5611642003059387,0.6792069673538208,-0.07295604050159454,0.5928817987442017,0.6506186127662659,-0.12447727471590042,0.556538462638855,0.7280518412590027,-0.1222369372844696,0.5219652056694031,0.7720316648483276,-0.10833680629730225,0.9811936067462403,1.9793328444052618,1.9589421201393182,0.6376365547340735,0.5310034552582598,1.194528736321245,0.6589652596654523,1.4723417995741903,peace
0.46633416414260864,0.9535414576530457,1.5634100236638915e-06,0.398923397064209,0.8819758892059326,-0.0741744264960289,0.3957711160182953,0.7627323865890503,-0.11303538084030151,0.4882260859012604,0.6798417568206787,-0.14557425677776337,0.5628319978713989,0.6145870089530945,-0.17377346754074097,0.3835504949092865,0.5494875311851501,-0.0735391303896904,0.35359299182891846,0.3769192695617676,-0.11867597699165344,0.338718056678772,0.26220136880874634,-0.14777922630310059,0.3287595510482788,0.1673593521118164,-0.16760817170143127,0.46524345874786377,0.5483196377754211,-0.06734204292297363,0.517923891544342,0.3743494153022766,-0.11412633955478668,0.5591062307357788,0.2641540765762329,-0.13968537747859955,0.5939403772354126,0.17355629801750183,-0.15150603652000427,0.5230868458747864,0.6012818813323975,-0.06892982870340347,0.5709448456764221,0.5558768510818481,-0.12906333804130554,0.5331255197525024,0.6569989323616028,-0.133531853556633,0.5024839639663696,0.7161930799484253,-0.12014608830213547,0.5627817511558533,0.6776391267776489,-0.07701370120048523,0.5920449495315552,0.6514121890068054,-0.12700659036636353,0.5548595190048218,0.7267888784408569,-0.1256127506494522,0.5194073915481567,0.7725940942764282,-0.11290587484836578,0.9565590398812491,1.985329965603007,1.9590562365028508,0.6535599618846967,0.5350479406909603,1.228917590636413,0.6469160713816436,1.472531692377286,peace
0.47174903750419617,0.954086422920227,1.5321654700528597e-06,0.40262463688850403,0.880777895450592,-0.07364623248577118,0.39711296558380127,0.762550413608551,-0.11154866218566895,0.48653969168663025,0.6746049523353577,-0.1434575766324997,0.5591406226158142,0.6076201796531677,-0.17072594165802002,0.3849959969520569,0.5493918657302856,-0.06787963956594467,0.353116512298584,0.3803596496582031,-0.11196150630712509,0.33668336272239685,0.2674022912979126,-0.14072318375110626,0.32549965381622314,0.17333132028579712,-0.16037406027317047,0.4655826687812805,0.5479027628898621,-0.06169600039720535,0.5178412199020386,0.3746134042739868,-0.10821359604597092,0.5592125654220581,0.26678353548049927,-0.13429617881774902,0.5944238901138306,0.17782798409461975,-0.14636802673339844,0.5226331949234009,0.6003409624099731,-0.06362853199243546,0.5722686648368835,0.5568159818649292,-0.1242869421839714,0.5329034924507141,0.6567381620407104,-0.12945619225502014,0.5003896355628967,0.7146198153495789,-0.11626126617193222,0.5614309906959534,0.6761881113052368,-0.07197769731283188,0.5926731824874878,0.6488253474235535,-0.12101845443248749,0.55509352684021,0.7219128608703613,-0.11933940649032593,0.5188696980476379,0.7652746438980103,-0.10668997466564178,0.963786212227548,1.972213271808376,1.9455480171936301,0.6515956874707125,0.5401223971741836,1.2004589949842683,0.655470454633814,1.4447004414117586,peace
0.46972477436065674,0.9547478556632996,1.5378927855635993e-06,0.4011992812156677,0.8834934234619141,-0.07101332396268845,0.39783531427383423,0.7623968720436096,-0.10858214646577835,0.4873165488243103,0.6742441654205322,-0.14080823957920074,0.5595000982284546,0.6047891974449158,-0.1686667650938034,0.3847736716270447,0.548671543598175,-0.06890290230512619,0.3536173701286316,0.3777177929878235,-0.11445026099681854,0.3387187719345093,0.2634009122848511,-0.14304207265377045,0.32931607961654663,0.16872841119766235,-0.16216862201690674,0.4657786786556244,0.5481868982315063,-0.06477668881416321,0.5184181332588196,0.3743816018104553,-0.11364006251096725,0.55902099609375,0.26507240533828735,-0.13958865404129028,0.5936799049377441,0.1754223108291626,-0.1507476568222046,0.5239529609680176,0.6011518836021423,-0.06835959851741791,0.572449803352356,0.5598186254501343,-0.13070514798164368,0.5320539474487305,0.6620082855224609,-0.13454890251159668,0.4996514320373535,0.7191811800003052,-0.11993374675512314,0.563143253326416,0.6778018474578857,-0.0781116709113121,0.5914434790611267,0.655157744884491,-0.12839610874652863,0.5520834922790527,0.7314203977584839,-0.12600815296173096,0.5155439972877502,0.7743409872055054,-0.11229591816663742,0.9684568408847888,1.9789794994991587,1.9513578151235298,0.6461590082490978,0.5280091406334682,1.1977598760052253,0.6429176189746733,1.4700104814163666,peace
0.46706268191337585,0.9571288824081421,1.4935669696569676e-06,0.400708943605423,0.8847105503082275,-0.07002155482769012,0.39510947465896606,0.766992449760437,-0.10798496752977371,0.4840378761291504,0.6818130612373352,-0.14076581597328186,0.557769775390625,0.6155062913894653,-0.16909275949001312,0.3853265643119812,0.5496275424957275,-0.06799305975437164,0.3554067015647888,0.38092583417892456,-0.11274337023496628,0.33883199095726013,0.2682640850543976,-0.14139921963214874,0.3272038400173187,0.17411521077156067,-0.16099505126476288,0.46587657928466797,0.5482503175735474,-0.06415059417486191,0.5180997848510742,0.3758079707622528,-0.1107151210308075,0.5586711168289185,0.2678626775741577,-0.13585351407527924,0.5934061408042908,0.17801585793495178,-0.14749225974082947,0.5233006477355957,0.6016579270362854,-0.06793960928916931,0.5719184875488281,0.5571431517601013,-0.12783607840538025,0.5329291820526123,0.6581737995147705,-0.13099057972431183,0.501451849937439,0.7173097729682922,-0.11683007329702377,0.562187671661377,0.6792652606964111,-0.07797902077436447,0.5909216403961182,0.654999315738678,-0.1268676221370697,0.5531733632087708,0.7281486988067627,-0.12434904277324677,0.5178056359291077,0.7718640565872192,-0.11110111325979233,0.9467034101810847,1.9607846544351615,1.9400477519088462,0.6498717198766873,0.5361527734460717,1.2033548404911714,0.6440778394072586,1.4490705653695175,peace
0.4719715416431427,0.9536944627761841,1.5205862382572377e-06,0.40266329050064087,0.8824590444564819,-0.07366232573986053,0.39692792296409607,0.7648774981498718,-0.11205288767814636,0.4852444529533386,0.6771535873413086,-0.14432507753372192,0.5576571226119995,0.6076029539108276,-0.17178969085216522,0.3845916986465454,0.550734281539917,-0.06947636604309082,0.35340186953544617,0.38149067759513855,-0.113892562687397,0.3376862406730652,0.2694444954395294,-0.14132322371006012,0.3277682065963745,0.1763812005519867,-0.15942837297916412,0.46513205766677856,0.5491325259208679,-0.0631633847951889,0.5176225900650024,0.37710046768188477,-0.11037525534629822,0.5584163069725037,0.27011147141456604,-0.1348845213651657,0.5932492613792419,0.18192759156227112,-0.14514830708503723,0.5225449204444885,0.6004600524902344,-0.06503289192914963,0.5704096555709839,0.5625443458557129,-0.12684375047683716,0.5306407809257507,0.6647334694862366,-0.13091588020324707,0.49892371892929077,0.7207024097442627,-0.11632632464170456,0.5620143413543701,0.6749363541603088,-0.07322920113801956,0.5911756157875061,0.6516320109367371,-0.1221693679690361,0.5536821484565735,0.7274312376976013,-0.1195555329322815,0.5191802978515625,0.7698382139205933,-0.10599808394908905,0.9664198500535671,1.9693511647476476,1.9403317991018243,0.6393045152698602,0.5308913698342402,1.19365959307681,0.649349932340623,1.4501074864197787,peace
0.4682084918022156,0.9565651416778564,1.5174535974438186e-06,0.4004836678504944,0.8842031359672546,-0.07152721285820007,0.3967490494251251,0.7645472288131714,-0.10815975069999695,0.4875935912132263,0.6776868104934692,-0.1391807347536087,0.5596967339515686,0.6080892086029053,-0.16594600677490234,0.38553157448768616,0.5507163405418396,-0.06572377681732178,0.3555894196033478,0.38429081439971924,-0.1090407520532608,0.33983951807022095,0.2729179859161377,-0.13705560564994812,0.32863402366638184,0.17987430095672607,-0.1560259610414505,0.4655678868293762,0.5510275959968567,-0.06048991158604622,0.5182908773422241,0.3787497282028198,-0.10588238388299942,0.5586628317832947,0.27152031660079956,-0.1305818259716034,0.5933641195297241,0.18316826224327087,-0.1414501667022705,0.5224641561508179,0.605289101600647,-0.06326566636562347,0.5723554491996765,0.5612027049064636,-0.12344443053007126,0.5329208970069885,0.6628663539886475,-0.1274465024471283,0.5012400150299072,0.720301628112793,-0.11328882724046707,0.5604051351547241,0.6828316450119019,-0.07223142683506012,0.5900492668151855,0.6563690900802612,-0.1212669312953949,0.5527933239936829,0.7310208082199097,-0.11875220388174057,0.5180985331535339,0.7739402055740356,-0.10523723065853119,0.9673990637933134,1.9618121515146463,1.9416086366887964,0.644081357517416,0.5282520648887323,1.1869239922188057,0.646657730111184,1.4551169407605604,peace
0.4687178134918213,0.9537711143493652,1.5065890011101146e-06,0.40043970942497253,0.8812743425369263,-0.0719696655869484,0.3965177536010742,0.7627288103103638,-0.10912775993347168,0.48752903938293457,0.6760384440422058,-0.14052455127239227,0.560399055480957,0.6071707606315613,-0.16757379472255707,0.3858746886253357,0.5515419244766235,-0.06799889355897903,0.3544166684150696,0.3841927647590637,-0.11238572001457214,0.3377048075199127,0.27219048142433167,-0.14093589782714844,0.32556992769241333,0.17845910787582397,-0.1603054404258728,0.4664384126663208,0.5504781007766724,-0.06262955814599991,0.5182929039001465,0.37915199995040894,-0.10871881246566772,0.5585122108459473,0.27197933197021484,-0.13362212479114532,0.5928624868392944,0.18327224254608154,-0.14476439356803894,0.523361325263977,0.6037366986274719,-0.06523384898900986,0.571433424949646,0.5641230344772339,-0.12527616322040558,0.5315070152282715,0.6637310981750488,-0.12884856760501862,0.49994340538978577,0.7192357182502747,-0.11468764394521713,0.5610063672065735,0.6810520887374878,-0.07416347414255142,0.5903499722480774,0.6562256813049316,-0.12308663129806519,0.5525889992713928,0.7296278476715088,-0.12057322263717651,0.5176329016685486,0.7714125514030457,-0.1072361096739769,0.9696574966896594,1.9712819625518594,1.9448214114690623,0.64423902107848,0.5320159186984943,1.1978087534297668,0.656124673839193,1.4556924656912609,peace
0.470438688993454,0.9587409496307373,1.5191917555057444e-06,0.40033888816833496,0.8871837854385376,-0.07253997772932053,0.39474135637283325,0.7664506435394287,-0.11011448502540588,0.48499101400375366,0.6818448901176453,-0.14153443276882172,0.559696614742279,0.616687536239624,-0.16854962706565857,0.3853563666343689,0.5548127889633179,-0.0706607773900032,0.3537098467350006,0.3822791576385498,-0.11556636542081833,0.3373717665672302,0.26771244406700134,-0.1442665159702301,0.3261317014694214,0.17291119694709778,-0.16368409991264343,0.4669348895549774,0.5532187223434448,-0.06505134701728821,0.5188982486724854,0.37885385751724243,-0.111635722219944,0.5581395626068115,0.2702532708644867,-0.13636519014835358,0.5918620228767395,0.18110376596450806,-0.14721201360225677,0.5247896909713745,0.6063900589942932,-0.06732125580310822,0.5720158219337463,0.560164749622345,-0.1280440390110016,0.5314792990684509,0.6593776345252991,-0.13212516903877258,0.4997117519378662,0.7171431183815002,-0.11802166700363159,0.56414395570755,0.6832552552223206,-0.07584800571203232,0.5921666622161865,0.6557066440582275,-0.12646427750587463,0.5534309148788452,0.728505551815033,-0.12489939481019974,0.5183230042457581,0.7714905142784119,-0.11175078898668289,0.953523216647577,1.9856815588830583,1.9495119578793456,0.6585303816256758,0.5435737957310929,1.221045799576928,0.6485307383637844,1.4511124677233762,peace
0.4709307849407196,0.9553580284118652,1.5247009059748962e-06,0.4014476537704468,0.8837625980377197,-0.0724145919084549,0.39512860774993896,0.7670333385467529,-0.1107344776391983,0.48270273208618164,0.680427074432373,-0.14328621327877045,0.5546219348907471,0.6126150488853455,-0.1712161898612976,0.3843892514705658,0.5512654185295105,-0.0695502758026123,0.3539356589317322,0.3830339014530182,-0.114268459379673,0.33772939443588257,0.2713797986507416,-0.14256589114665985,0.32657772302627563,0.17818278074264526,-0.16157105565071106,0.4656562805175781,0.5494450330734253,-0.0642661526799202,0.5178454518318176,0.37714898586273193,-0.11099053174257278,0.558791995048523,0.2705245614051819,-0.1361694037914276,0.5939979553222656,0.18215784430503845,-0.1474604606628418,0.5236104726791382,0.6013065576553345,-0.06685800850391388,0.5703359842300415,0.5604523420333862,-0.12689070403575897,0.5305052399635315,0.6609655618667603,-0.13012436032295227,0.4992263615131378,0.7170765399932861,-0.11570028960704803,0.5626111626625061,0.6770878434181213,-0.07583881914615631,0.5903578996658325,0.6506364941596985,-0.1233038678765297,0.5539841651916504,0.7236077189445496,-0.11967369168996811,0.5208513736724854,0.7659064531326294,-0.10572163015604019,0.9541604632995122,1.963025737297267,1.9384209303611997,0.648153515920447,0.5416583631215972,1.1940098448128318,0.6516279967848164,1.4350036586571833,peace
0.46612223982810974,0.9575714468955994,1.519259740234702e-06,0.39810025691986084,0.8868591785430908,-0.07242539525032043,0.3941216468811035,0.7675174474716187,-0.11061959713697433,0.48555952310562134,0.68136066198349,-0.1430312544107437,0.5600082874298096,0.6134279370307922,-0.17107130587100983,0.3849104642868042,0.5516697764396667,-0.06992573291063309,0.3549320101737976,0.38208529353141785,-0.11547138541936874,0.3399871587753296,0.26828011870384216,-0.1441517323255539,0.33052322268486023,0.17456403374671936,-0.16336818039417267,0.4656866490840912,0.5515512228012085,-0.0651080384850502,0.517645001411438,0.37812748551368713,-0.1129848062992096,0.55755615234375,0.2708674967288971,-0.1383020281791687,0.5921147465705872,0.18264007568359375,-0.14930258691310883,0.5233075022697449,0.6053414940834045,-0.06820671260356903,0.5734492540359497,0.5632874369621277,-0.12995024025440216,0.5325935482978821,0.6635102033615112,-0.13440506160259247,0.4999522864818573,0.719551682472229,-0.12052146345376968,0.5620113611221313,0.6832671761512756,-0.0775621235370636,0.5910218358039856,0.6617051362991333,-0.1279546171426773,0.5515661835670471,0.7355532646179199,-0.12641935050487518,0.5148698091506958,0.7769589424133301,-0.11350830644369125,0.9620904943360494,1.9729180891360323,1.943483056020427,0.6540000953540995,0.5321355670315733,1.2045028509109337,0.6373741166468431,1.4600505312432404,peace
0.47036439180374146,0.9604634046554565,1.5193280660241726e-06,0.40053853392601013,0.8889011144638062,-0.07445373386144638,0.39533761143684387,0.7692343592643738,-0.11259634792804718,0.48671576380729675,0.6835644841194153,-0.14434939622879028,0.561351478099823,0.619634747505188,-0.17147840559482574,0.386220782995224,0.5547982454299927,-0.07023358345031738,0.3558368682861328,0.3852229714393616,-0.1149493083357811,0.339130699634552,0.2721135914325714,-0.14409053325653076,0.32697993516921997,0.17706727981567383,-0.16411355137825012,0.4675138294696808,0.5532214641571045,-0.06340565532445908,0.5201845169067383,0.3804367482662201,-0.10934147238731384,0.5601240992546082,0.2730652391910553,-0.13458168506622314,0.5943463444709778,0.18308132886886597,-0.1463973969221115,0.524745762348175,0.605928361415863,-0.06471803784370422,0.5726936459541321,0.5625181794166565,-0.12453190982341766,0.5323758721351624,0.6624789237976074,-0.12865367531776428,0.5005048513412476,0.7198629975318909,-0.11497541517019272,0.5634130239486694,0.6822350025177002,-0.07262881100177765,0.5924962759017944,0.6563576459884644,-0.12180162966251373,0.554364800453186,0.7281896471977234,-0.12033459544181824,0.5191651582717896,0.7700086832046509,-0.1078023761510849,0.9516580459649281,1.9728856967724782,1.9427046707544262,0.6511054572225955,0.5440213383872848,1.2151838193106004,0.6502827867883827,1.4387154776870408,peace
0.4705381393432617,0.9606074690818787,1.5396270782730426e-06,0.40193048119544983,0.8873139023780823,-0.07197602838277817,0.39800193905830383,0.7694740891456604,-0.10949186235666275,0.4897244870662689,0.6840537786483765,-0.14140473306179047,0.564720869064331,0.6179303526878357,-0.1689552515745163,0.38730335235595703,0.5549780130386353,-0.06684838235378265,0.357311487197876,0.3870577812194824,-0.1103363037109375,0.341458797454834,0.27539995312690735,-0.1384880393743515,0.33091989159584045,0.18202906847000122,-0.15769563615322113,0.46776077151298523,0.5540014505386353,-0.061553049832582474,0.521626889705658,0.3811783790588379,-0.10698429495096207,0.5626473426818848,0.2735612392425537,-0.1325356662273407,0.5982295870780945,0.1853051781654358,-0.14424632489681244,0.5246385335922241,0.6075977087020874,-0.06414119154214859,0.574378490447998,0.5664836168289185,-0.12368740886449814,0.5333420038223267,0.6665419936180115,-0.12835869193077087,0.5009027123451233,0.7230480909347534,-0.11499979346990585,0.5625900626182556,0.6850202679634094,-0.07301956415176392,0.5923939943313599,0.6609442830085754,-0.12150655686855316,0.5537127256393433,0.7345337271690369,-0.11948013305664062,0.5179711580276489,0.776811957359314,-0.10654030740261078,0.9568472274778944,1.9612540975173696,1.9425641639927005,0.646012830985293,0.5292987350460022,1.2030958312831663,0.6508652916048397,1.4543893905828635,peace
0.46951228380203247,0.957666277885437,1.521371814305894e-06,0.400753915309906,0.8855172395706177,-0.07333631068468094,0.39644724130630493,0.7662980556488037,-0.1114358976483345,0.4879615008831024,0.6830942034721375,-0.1434575617313385,0.5626885294914246,0.6197468042373657,-0.17107580602169037,0.38743701577186584,0.5553591251373291,-0.06997494399547577,0.35754501819610596,0.38695138692855835,-0.11432947963476181,0.34197860956192017,0.27524998784065247,-0.14269648492336273,0.3314087390899658,0.181732177734375,-0.16223587095737457,0.46788012981414795,0.5545034408569336,-0.06398691982030869,0.5203831195831299,0.38308197259902954,-0.11059639602899551,0.560681939125061,0.27688196301460266,-0.13559675216674805,0.595172643661499,0.18846449255943298,-0.14699597656726837,0.5246925354003906,0.6074255704879761,-0.06597596406936646,0.5732201337814331,0.5623579025268555,-0.12648256123065948,0.5324056148529053,0.6641968488693237,-0.1300104260444641,0.49948570132255554,0.7217464447021484,-0.1159593015909195,0.5636855959892273,0.6837477087974548,-0.07442907989025116,0.5929390788078308,0.6590770483016968,-0.12458581477403641,0.5543013215065002,0.7342023849487305,-0.12287870794534683,0.5179975032806396,0.7770196795463562,-0.11009369790554047,0.9555043404911224,1.9711584511264693,1.9429524348405978,0.6481454161131533,0.531674674520028,1.2135908261441861,0.6474297350359125,1.4569322346817697,peace
0.47063377499580383,0.9559836387634277,1.5348791748692747e-06,0.4020526111125946,0.8829478025436401,-0.07330390810966492,0.39888420701026917,0.7647247910499573,-0.11087752133607864,0.4891505539417267,0.6788831949234009,-0.14233042299747467,0.562030017375946,0.6133546233177185,-0.16926224529743195,0.38732266426086426,0.5537411570549011,-0.06828635185956955,0.35812148451805115,0.3847765326499939,-0.11248121410608292,0.34322136640548706,0.2724291682243347,-0.14067226648330688,0.3337419033050537,0.17914700508117676,-0.15944722294807434,0.4680785834789276,0.5539119839668274,-0.06189420074224472,0.5212910771369934,0.3821829557418823,-0.10812023282051086,0.5617060661315918,0.27571195363998413,-0.1331392377614975,0.5965957045555115,0.1867353320121765,-0.1440383642911911,0.5256370902061462,0.6063570976257324,-0.06355726718902588,0.5748449563980103,0.5631691813468933,-0.12426874786615372,0.5336859226226807,0.6642161011695862,-0.1284625083208084,0.5010924339294434,0.7200008630752563,-0.11413686722517014,0.5644404888153076,0.6819427013397217,-0.07149911671876907,0.5942992568016052,0.6534645557403564,-0.12000053375959396,0.5565547347068787,0.7266291379928589,-0.1170274019241333,0.5217123031616211,0.767836332321167,-0.10317317396402359,0.9658773542922772,1.9781866159336967,1.9485166790366895,0.6486945207426379,0.5421977970092794,1.206097286007276,0.6475009806938383,1.4437191316883364,peace
0.46723079681396484,0.953668475151062,1.5309537957364228e-06,0.40043118596076965,0.8842259645462036,-0.07518491894006729,0.3966844379901886,0.7681902647018433,-0.11420828104019165,0.4876933693885803,0.6833848357200623,-0.14659391343593597,0.5610204935073853,0.6141321063041687,-0.17445296049118042,0.38669776916503906,0.5522621870040894,-0.07230532914400101,0.3570776879787445,0.3849831819534302,-0.11714791506528854,0.3410782217979431,0.27301955223083496,-0.14574359357357025,0.3303709030151367,0.17959687113761902,-0.1652621179819107,0.46727535128593445,0.5512033104896545,-0.06565769016742706,0.5198359489440918,0.3800482153892517,-0.11255193501710892,0.5608652234077454,0.2729107141494751,-0.137849822640419,0.5955997705459595,0.1837952435016632,-0.14931726455688477,0.5240404009819031,0.6046965718269348,-0.06708256900310516,0.5733105540275574,0.5632721781730652,-0.12878647446632385,0.5338837504386902,0.6643882989883423,-0.13368648290634155,0.5013759136199951,0.721615195274353,-0.12032335251569748,0.5620046854019165,0.6817888617515564,-0.07493466138839722,0.5923945307731628,0.6581145524978638,-0.1263395994901657,0.5541889071464539,0.7339879274368286,-0.125516876578331,0.5174396634101868,0.7780278325080872,-0.11315884441137314,0.9639471063437107,1.9698077875577515,1.9487061209046028,0.6464520105008396,0.5269557032267914,1.206613621367895,0.6516660536551462,1.472436954175291,peace
0.4666432738304138,0.9553303718566895,1.5302230167435482e-06,0.398948073387146,0.8845334053039551,-0.07482332736253738,0.39501962065696716,0.7679080963134766,-0.11354289948940277,0.4855358898639679,0.6845669746398926,-0.14582443237304688,0.5588218569755554,0.6178598403930664,-0.17335738241672516,0.3863464593887329,0.554387092590332,-0.07193648815155029,0.35655397176742554,0.3838954567909241,-0.11671437323093414,0.3407224118709564,0.2709614634513855,-0.14493770897388458,0.33021414279937744,0.17657369375228882,-0.16399440169334412,0.4673546552658081,0.5532552599906921,-0.06520140171051025,0.5203728079795837,0.3829396069049835,-0.11244849860668182,0.5612162947654724,0.27570268511772156,-0.13770325481891632,0.5961563587188721,0.18659564852714539,-0.14899055659770966,0.5239477157592773,0.6057835221290588,-0.06657082587480545,0.5722646713256836,0.5642083287239075,-0.12811852991580963,0.5320348739624023,0.6654351353645325,-0.1325511634349823,0.4997245967388153,0.722934901714325,-0.1185988262295723,0.5620514154434204,0.6813494563102722,-0.0744500532746315,0.5931439399719238,0.6572943925857544,-0.12462659925222397,0.5550687909126282,0.7304022312164307,-0.12338239699602127,0.5191503167152405,0.7723580598831177,-0.11074099689722061,0.9585150801175775,1.982293821565909,1.94849331593321,0.6456649534554953,0.5406599341076832,1.2203248929346922,0.6543934050157145,1.4534661766130519,peace
0.46869760751724243,0.9574679136276245,1.5030038866825635e-06,0.4013848304748535,0.8853360414505005,-0.07039720565080643,0.39900097250938416,0.7663751840591431,-0.1070728525519371,0.48804906010627747,0.6792982816696167,-0.1382628083229065,0.5594564080238342,0.6112754344940186,-0.16492146253585815,0.38707855343818665,0.553447425365448,-0.0653887465596199,0.35724344849586487,0.3881394565105438,-0.10939968377351761,0.34161972999572754,0.2774081230163574,-0.1372930407524109,0.3308202624320984,0.18448710441589355,-0.1560855358839035,0.46659719944000244,0.553827166557312,-0.0608905665576458,0.5198757648468018,0.3824790418148041,-0.10802778601646423,0.5614331364631653,0.27656999230384827,-0.1334473192691803,0.5966141819953918,0.18779250979423523,-0.14447413384914398,0.5231655836105347,0.6070785522460938,-0.06417523324489594,0.5736179947853088,0.5670028924942017,-0.12554867565631866,0.5327749252319336,0.6685853600502014,-0.12889224290847778,0.49917182326316833,0.724940836429596,-0.11395921558141708,0.5611499547958374,0.6831686496734619,-0.07358433306217194,0.5913583040237427,0.6607021689414978,-0.12280069291591644,0.553161084651947,0.7359488010406494,-0.11964397877454758,0.5169696807861328,0.7781822085380554,-0.10551828145980835,0.9653346426597509,1.9610905361921418,1.9438223798696117,0.6387294392552917,0.5231571928606039,1.1862711626679991,0.6517849800358627,1.4624913078067792,peace
0.46876317262649536,0.9590885639190674,1.5190088333838503e-06,0.39968645572662354,0.8869816064834595,-0.07204622775316238,0.394949734210968,0.7684213519096375,-0.10945690423250198,0.48357996344566345,0.6813693642616272,-0.1410548985004425,0.5559548139572144,0.6136845946311951,-0.1681370586156845,0.38654571771621704,0.5537950992584229,-0.06741026043891907,0.3576723337173462,0.3872610926628113,-0.11146239191293716,0.3423958420753479,0.275933176279068,-0.13946476578712463,0.3318663537502289,0.18324550986289978,-0.1582971066236496,0.46715426445007324,0.5544499158859253,-0.06233388930559158,0.5204153060913086,0.38308316469192505,-0.10918377339839935,0.5609936118125916,0.27668577432632446,-0.1345185935497284,0.5953387022018433,0.18824151158332825,-0.1455119103193283,0.5246269106864929,0.6083906888961792,-0.0651574358344078,0.5731457471847534,0.5661967992782593,-0.12705259025096893,0.5323374271392822,0.6687318682670593,-0.13091114163398743,0.49965089559555054,0.7260755896568298,-0.11610467731952667,0.5631473660469055,0.6857393980026245,-0.07410475611686707,0.5920369029045105,0.6580632925033569,-0.12388423085212708,0.5538800358772278,0.7332653403282166,-0.12070588767528534,0.5184666514396667,0.7770411372184753,-0.10641265660524368,0.9621628108209312,1.9627324912091604,1.9408305015945826,0.6403353086023543,0.5291595367313902,1.1855332869471336,0.6444047433959951,1.4534904579324395,peace
0.4678571820259094,0.9609178304672241,1.5389039162982954e-06,0.4001801311969757,0.888382077217102,-0.07479274272918701,0.3968270421028137,0.7688850164413452,-0.11216872185468674,0.4885561168193817,0.6848044395446777,-0.14298352599143982,0.562110424041748,0.6174010634422302,-0.169101744890213,0.3852940797805786,0.5554024577140808,-0.06871514022350311,0.3547067642211914,0.3860896825790405,-0.1119786724448204,0.3395298719406128,0.273023396730423,-0.13968122005462646,0.3297101855278015,0.17911559343338013,-0.15824918448925018,0.4653189182281494,0.5558711886405945,-0.0613742396235466,0.5186970829963684,0.3844926655292511,-0.10662353783845901,0.5598859786987305,0.2766222655773163,-0.13081668317317963,0.5950852036476135,0.18753355741500854,-0.14118069410324097,0.5219071507453918,0.6091291904449463,-0.06243659555912018,0.5723743438720703,0.5684845447540283,-0.12315387278795242,0.5326635837554932,0.6704593300819397,-0.12795935571193695,0.5006571412086487,0.7269172072410583,-0.1139550432562828,0.5602220296859741,0.6852658987045288,-0.06991838663816452,0.5920957326889038,0.6580170392990112,-0.11958011239767075,0.5546737909317017,0.7329648733139038,-0.11797431856393814,0.5196774005889893,0.7756234407424927,-0.10496782511472702,0.9624940867544203,1.976015349400329,1.9439443139149184,0.6403359147046476,0.5349930911385005,1.2112097536467097,0.6494266196444093,1.4499384922520349,peace
0.4659782350063324,0.9605227708816528,1.5171669929259224e-06,0.3980795443058014,0.8883630037307739,-0.0725739523768425,0.3934144377708435,0.770532488822937,-0.11086038500070572,0.48345890641212463,0.6862657070159912,-0.1432977318763733,0.5565928816795349,0.619957685470581,-0.17122629284858704,0.3845803737640381,0.5553357601165771,-0.06957511603832245,0.3552016019821167,0.3880102038383484,-0.11378074437379837,0.33930161595344543,0.27659913897514343,-0.14188170433044434,0.32817065715789795,0.18354660272598267,-0.16113798320293427,0.46555599570274353,0.554455578327179,-0.0644669160246849,0.5187031626701355,0.38363686203956604,-0.11137483268976212,0.5597710609436035,0.27704477310180664,-0.1367075890302658,0.5947276949882507,0.18915724754333496,-0.1481724977493286,0.5227590799331665,0.608126163482666,-0.06723859906196594,0.5706008076667786,0.5662357807159424,-0.1285090148448944,0.5306745767593384,0.6687160134315491,-0.132326140999794,0.49823808670043945,0.7272725105285645,-0.11817061901092529,0.5613357424736023,0.6853337287902832,-0.07632467895746231,0.5906131863594055,0.6595531702041626,-0.12648814916610718,0.552949845790863,0.7355541586875916,-0.12421724200248718,0.5171379446983337,0.780722439289093,-0.11089588701725006,0.9529499425896308,1.9588452617761523,1.9358923790626716,0.6407809211219487,0.5286488655695799,1.1982841885339215,0.6492239961243371,1.453944159946994,peace
0.4670964479446411,0.9593596458435059,1.5103852319953148e-06,0.3979899287223816,0.8877946138381958,-0.07322247326374054,0.3941046893596649,0.7679268717765808,-0.10992883145809174,0.4840491712093353,0.6805427074432373,-0.1404380053281784,0.5564227104187012,0.6112231016159058,-0.16620327532291412,0.3836849331855774,0.5567623376846313,-0.0668550580739975,0.3524807095527649,0.3878014087677002,-0.10969024896621704,0.33713746070861816,0.27594661712646484,-0.13624383509159088,0.3272792100906372,0.18347403407096863,-0.15390847623348236,0.46384572982788086,0.5574669241905212,-0.06042693182826042,0.5165407657623291,0.3866659998893738,-0.10640346258878708,0.5565077662467957,0.27948662638664246,-0.13058814406394958,0.5908275842666626,0.1910131573677063,-0.14075347781181335,0.5201902985572815,0.6104768514633179,-0.062299516052007675,0.5696955323219299,0.5712248682975769,-0.1235729455947876,0.5291771292686462,0.6721046566963196,-0.12838394939899445,0.4970075190067291,0.7266703844070435,-0.1144314706325531,0.558268129825592,0.6859053373336792,-0.0704101100564003,0.5878973603248596,0.6623997688293457,-0.11992155760526657,0.549558699131012,0.7367637157440186,-0.1183394268155098,0.5143753886222839,0.7770706415176392,-0.10555974394083023,0.9743084463521027,1.9764210490281522,1.945925511866758,0.642246631740145,0.5311894073967846,1.19435377135302,0.6495284421757561,1.4567779988460057,peace
0.4645459055900574,0.9638665914535522,1.5074838302098215e-06,0.3971220850944519,0.8933755159378052,-0.07131403684616089,0.39098867774009705,0.7759999632835388,-0.10943418741226196,0.4804196059703827,0.6918507814407349,-0.14215801656246185,0.5553997159004211,0.6259200572967529,-0.17043641209602356,0.38398540019989014,0.5583263039588928,-0.06880352646112442,0.3550983667373657,0.39046886563301086,-0.11354365944862366,0.33972418308258057,0.27867910265922546,-0.14197270572185516,0.3293958008289337,0.18539640307426453,-0.16126224398612976,0.46420150995254517,0.5570036768913269,-0.06443256139755249,0.5173123478889465,0.38618341088294983,-0.11114781349897385,0.5579757690429688,0.2789768874645233,-0.13629722595214844,0.5930851697921753,0.19075030088424683,-0.14763043820858002,0.5211916565895081,0.6107466220855713,-0.06786590814590454,0.5698817372322083,0.5687519907951355,-0.12833264470100403,0.5300965905189514,0.6689679622650146,-0.13209044933319092,0.4985714256763458,0.7269819974899292,-0.11799994856119156,0.5589777231216431,0.689210832118988,-0.0775940865278244,0.5883457660675049,0.6640414595603943,-0.126876100897789,0.5505301356315613,0.7359594702720642,-0.1247648149728775,0.5154180526733398,0.7786134481430054,-0.11162859201431274,0.9449184197536369,1.9576019168009418,1.9360174440395328,0.6477399837446034,0.5393794591399702,1.2021325052391103,0.6411108938789586,1.4421304862764373,peace
0.46712416410446167,0.9650704264640808,1.5061860949572292e-06,0.3983757793903351,0.8910605907440186,-0.07240106165409088,0.393738329410553,0.7711135149002075,-0.10949832201004028,0.48430460691452026,0.6868616938591003,-0.140585795044899,0.5587341785430908,0.6232719421386719,-0.16693715751171112,0.3840312957763672,0.5605076551437378,-0.06739360094070435,0.35351401567459106,0.39162564277648926,-0.11082097142934799,0.33807316422462463,0.27973833680152893,-0.1380101591348648,0.3278677463531494,0.18718436360359192,-0.15602611005306244,0.46401676535606384,0.5595207214355469,-0.06128304824233055,0.5169402360916138,0.3876316547393799,-0.10690710693597794,0.5570341348648071,0.28052598237991333,-0.13077539205551147,0.5920549631118774,0.19184476137161255,-0.1407865434885025,0.5209137201309204,0.61160808801651,-0.06335017085075378,0.569032609462738,0.5700989365577698,-0.123476542532444,0.5287703275680542,0.6708487868309021,-0.12731137871742249,0.4977385401725769,0.7264959216117859,-0.11268222332000732,0.5601488947868347,0.6869605183601379,-0.0717281699180603,0.5898409485816956,0.6581379175186157,-0.11970023065805435,0.5528626441955566,0.730883002281189,-0.11686858534812927,0.5193585157394409,0.7723329663276672,-0.10320144891738892,0.9539130158776123,1.963855357338496,1.9402002967013092,0.6475840471298785,0.5480260919101712,1.2032886996940273,0.6452677444954125,1.4292442526709563,peace
0.4650791883468628,0.9670965671539307,1.5321766113629565e-06,0.3985194265842438,0.8935050964355469,-0.07265239953994751,0.3953026533126831,0.7753010988235474,-0.11006669700145721,0.48910048604011536,0.6929500699043274,-0.14165353775024414,0.5663473606109619,0.6312268972396851,-0.16878768801689148,0.385358601808548,0.5617809295654297,-0.06725876778364182,0.35606008768081665,0.39436590671539307,-0.11047708243131638,0.34175819158554077,0.28311410546302795,-0.13838037848472595,0.3327328562736511,0.18979448080062866,-0.15755286812782288,0.4651978313922882,0.5594362020492554,-0.06137662008404732,0.5176878571510315,0.3876721262931824,-0.10620185732841492,0.5587852597236633,0.2807515561580658,-0.1306580901145935,0.5945926308631897,0.19261687994003296,-0.1416907012462616,0.5216137170791626,0.612355649471283,-0.06356866657733917,0.5723642110824585,0.5714268088340759,-0.1227414458990097,0.5318793654441833,0.673121452331543,-0.12667009234428406,0.4991801083087921,0.7313555479049683,-0.11275408416986465,0.5595517754554749,0.6900583505630493,-0.0722513273358345,0.5914561152458191,0.6664321422576904,-0.12155071645975113,0.5533442497253418,0.7411895394325256,-0.12004110962152481,0.5169081687927246,0.7849420309066772,-0.10729876905679703,0.9443127805544261,1.9504272855717992,1.935485113654109,0.6392499381839343,0.5279950592775277,1.2117815844278215,0.6363882654671442,1.4514929111813155,peace
0.46852463483810425,0.9641146659851074,1.518442559245159e-06,0.3996063768863678,0.8915842771530151,-0.0729973167181015,0.39465928077697754,0.774979829788208,-0.1112755760550499,0.4845113456249237,0.6913681030273438,-0.1435205042362213,0.5578044652938843,0.6279063820838928,-0.17099018394947052,0.38755443692207336,0.560134768486023,-0.06941615790128708,0.3590756952762604,0.3931555151939392,-0.11361456662416458,0.3444088101387024,0.28191354870796204,-0.14165130257606506,0.33472347259521484,0.18878594040870667,-0.16068264842033386,0.4681069254875183,0.5592368245124817,-0.0636637806892395,0.5218312740325928,0.38896673917770386,-0.1099310964345932,0.5629395246505737,0.28389352560043335,-0.1350972056388855,0.5984879732131958,0.19572749733924866,-0.14665690064430237,0.5248459577560425,0.6120416522026062,-0.06583055853843689,0.5745372176170349,0.5702372193336487,-0.12541548907756805,0.5337982773780823,0.6705523729324341,-0.1286996752023697,0.5012867450714111,0.72703617811203,-0.11449426412582397,0.5631769299507141,0.6887069344520569,-0.07450659573078156,0.5940098762512207,0.6637074947357178,-0.12225557118654251,0.5574521422386169,0.7346343398094177,-0.11947012692689896,0.5230447053909302,0.7754682302474976,-0.10620153695344925,0.9457380996298502,1.9593066863527313,1.9347874730567611,0.6473255023415467,0.5446976033243085,1.2019987190328358,0.6446888945929522,1.4298431748535303,peace
0.4710385203361511,0.9595738649368286,1.5485207995880046e-06,0.40349048376083374,0.889327347278595,-0.07578527927398682,0.4008650779724121,0.7736720442771912,-0.11416826397180557,0.4921073019504547,0.688023030757904,-0.14565056562423706,0.5644586682319641,0.6206832528114319,-0.17237097024917603,0.3902372121810913,0.5578013062477112,-0.07031978666782379,0.36114779114723206,0.3905290961265564,-0.11465077102184296,0.346371054649353,0.2781289219856262,-0.14287345111370087,0.33695781230926514,0.18492504954338074,-0.16179053485393524,0.470814973115921,0.558941662311554,-0.0631876066327095,0.5234718918800354,0.3890857994556427,-0.10981869697570801,0.5645101070404053,0.2837426960468292,-0.13448326289653778,0.6001753211021423,0.1966206431388855,-0.14504800736904144,0.5281332731246948,0.6134002208709717,-0.06434686481952667,0.579906702041626,0.5754743814468384,-0.12569861114025116,0.537380039691925,0.6771211624145508,-0.12937645614147186,0.5033515691757202,0.7331911325454712,-0.11476238816976547,0.5656715631484985,0.6905505657196045,-0.07205336540937424,0.5960633754730225,0.6703450083732605,-0.12191382795572281,0.5577402114868164,0.7450563311576843,-0.11928887665271759,0.5226244926452637,0.7858368754386902,-0.10552424937486649,0.9653150631350566,1.978970786001097,1.941098788887177,0.6308390644125934,0.5170725222250565,1.2122825192642894,0.6509315360221022,1.4685192161444705,peace
0.4693315327167511,0.9610618948936462,1.5505587498410023e-06,0.40201127529144287,0.8906019330024719,-0.07380996644496918,0.399995356798172,0.773465096950531,-0.11257770657539368,0.4941403269767761,0.6920667886734009,-0.14500857889652252,0.5696754455566406,0.6296728849411011,-0.17306271195411682,0.3936838209629059,0.5589908957481384,-0.07205028086900711,0.36675605177879333,0.3912508487701416,-0.11776988208293915,0.3522584140300751,0.27873164415359497,-0.14779970049858093,0.34245824813842773,0.18465107679367065,-0.16848629713058472,0.4741550087928772,0.559459924697876,-0.06640029698610306,0.5294201374053955,0.3889445662498474,-0.11364078521728516,0.5717581510543823,0.28221791982650757,-0.13998188078403473,0.6081318855285645,0.19363927841186523,-0.15256939828395844,0.5304127931594849,0.6142925024032593,-0.06852822005748749,0.5835169553756714,0.5731850266456604,-0.12904906272888184,0.5418087840080261,0.6730409860610962,-0.13324223458766937,0.5074756741523743,0.7312222719192505,-0.11986242979764938,0.5675821900367737,0.6926721930503845,-0.0771632194519043,0.6010085344314575,0.6716152429580688,-0.12739093601703644,0.5623770952224731,0.7443974018096924,-0.12585341930389404,0.5251414775848389,0.7868055701255798,-0.11318057030439377,0.9508851693814936,1.9763701686613544,1.9520728411024058,0.643623296607946,0.5285188477701096,1.2274932106731367,0.6541689296310166,1.47448066264569,peace
0.4752933084964752,0.9624525308609009,1.5504264183618943e-06,0.4060231149196625,0.8909451365470886,-0.07827128469944,0.4044102132320404,0.7723975777626038,-0.11675691604614258,0.49750977754592896,0.6879677176475525,-0.1475735753774643,0.5712252259254456,0.6218453049659729,-0.173550546169281,0.39553019404411316,0.5589735507965088,-0.07209010422229767,0.36810293793678284,0.39139991998672485,-0.11738241463899612,0.3532734513282776,0.2787153422832489,-0.14744099974632263,0.34322524070739746,0.1841607689857483,-0.1681126356124878,0.476267009973526,0.5589538812637329,-0.06324850767850876,0.5312764644622803,0.3892666697502136,-0.11010924726724625,0.573893666267395,0.28389379382133484,-0.13656863570213318,0.6106994152069092,0.19509875774383545,-0.14912401139736176,0.5322870016098022,0.6122333407402039,-0.06298428028821945,0.5849382281303406,0.5731613039970398,-0.12415973097085953,0.543163537979126,0.6726796627044678,-0.129734605550766,0.5088878870010376,0.7276996374130249,-0.11692316085100174,0.5693359971046448,0.687414288520813,-0.06955529749393463,0.602955162525177,0.666220486164093,-0.12019103765487671,0.5648723244667053,0.7381823658943176,-0.11986606568098068,0.5284484028816223,0.7776317596435547,-0.10805588215589523,0.9649864836467303,1.976161467832331,1.9424485491574106,0.6473671509016434,0.5400986547292281,1.2083879795180004,0.6570810339159867,1.4439329414602713,peace
0.4758513569831848,0.963763952255249,1.5386456198029919e-06,0.4073145389556885,0.8912848234176636,-0.07516657561063766,0.40383365750312805,0.7722628116607666,-0.11303317546844482,0.49621671438217163,0.6879233717918396,-0.144060879945755,0.5712713003158569,0.6234632134437561,-0.170341357588768,0.3956698775291443,0.5591410398483276,-0.06964636594057083,0.3682985007762909,0.3902256488800049,-0.11400730907917023,0.3537822365760803,0.2773648798465729,-0.1431252360343933,0.3437764644622803,0.18350839614868164,-0.16314032673835754,0.47622740268707275,0.5582694411277771,-0.06215160712599754,0.531399130821228,0.3883797824382782,-0.10829779505729675,0.5735417604446411,0.2830188572406769,-0.1338435858488083,0.6097131967544556,0.19532141089439392,-0.14572210609912872,0.5323799848556519,0.6108560562133789,-0.06292150169610977,0.5847955346107483,0.5710934400558472,-0.12246382981538773,0.543511152267456,0.6698096394538879,-0.1269204169511795,0.5094043612480164,0.7254495024681091,-0.11366011947393417,0.5699261426925659,0.6861789226531982,-0.07038234919309616,0.6033545732498169,0.6635587811470032,-0.11950454115867615,0.565105140209198,0.7347234487533569,-0.11833898723125458,0.5278017520904541,0.7752761244773865,-0.10608940571546555,0.9563734169884763,1.9696108493118447,1.9342989982320413,0.6487927362929291,0.542242871830076,1.2074754923800535,0.6502872514557431,1.4310217372157303,peace
0.4775707423686981,0.9647927284240723,1.5456736264241044e-06,0.40884068608283997,0.8936665058135986,-0.07354751974344254,0.4069538712501526,0.7753061056137085,-0.11157028377056122,0.49960440397262573,0.6897541880607605,-0.14321660995483398,0.5734086632728577,0.6224640011787415,-0.17046786844730377,0.3990741968154907,0.5562054514884949,-0.06982284784317017,0.37320616841316223,0.38772255182266235,-0.11441250145435333,0.35874277353286743,0.2751403748989105,-0.14350003004074097,0.3486468195915222,0.18099123239517212,-0.16345758736133575,0.48025864362716675,0.5567745566368103,-0.06376315653324127,0.5369786620140076,0.38566112518310547,-0.10918436199426651,0.5793945789337158,0.2808385491371155,-0.1346055418252945,0.6151430010795593,0.1939249336719513,-0.14663317799568176,0.5366888642311096,0.6117092967033386,-0.06557957082986832,0.5902643799781799,0.5696751475334167,-0.12458132207393646,0.5483615398406982,0.6680073738098145,-0.1287047266960144,0.5140973925590515,0.7236814498901367,-0.11564452946186066,0.5729284286499023,0.6905562877655029,-0.07388254255056381,0.6049531102180481,0.6690566539764404,-0.1232372373342514,0.5665591955184937,0.7423712015151978,-0.12158343195915222,0.5299306511878967,0.784234881401062,-0.10894784331321716,0.9546476873003651,1.9637198830545664,1.9290471163072778,0.6535277678528435,0.5261381729774369,1.1996803599304364,0.6473425180698615,1.4470853761449352,peace
0.4774380326271057,0.9665963649749756,1.5653213267796673e-06,0.40827322006225586,0.8932694792747498,-0.07572281360626221,0.40664952993392944,0.774086594581604,-0.11393150687217712,0.5032740235328674,0.692099928855896,-0.14514705538749695,0.5810559391975403,0.6298942565917969,-0.17170654237270355,0.40166500210762024,0.5565831661224365,-0.07084272056818008,0.37668904662132263,0.3872872591018677,-0.11436683684587479,0.3630393445491791,0.2741721570491791,-0.14314205944538116,0.35336142778396606,0.17965880036354065,-0.16333383321762085,0.482749879360199,0.5565252304077148,-0.06330142915248871,0.5402096509933472,0.38497233390808105,-0.1077592521905899,0.5831458568572998,0.27809321880340576,-0.13299348950386047,0.6197255849838257,0.18997406959533691,-0.14522118866443634,0.5386354923248291,0.611696183681488,-0.06391197443008423,0.5916545391082764,0.5708813071250916,-0.12175735831260681,0.5498108863830566,0.67001873254776,-0.125986710190773,0.515753448009491,0.7270867824554443,-0.11313451081514359,0.5757421255111694,0.6901120543479919,-0.07137341052293777,0.6088739037513733,0.6677373051643372,-0.1205197274684906,0.5706202387809753,0.7404232621192932,-0.11969340592622757,0.5338046550750732,0.7827231884002686,-0.10779885202646255,0.9444299277310225,1.9597647555925488,1.9346129098649782,0.6449793072341722,0.5313022883223085,1.216024371200859,0.6438602852455814,1.446180327212065,peace
0.48312908411026,0.9631128311157227,1.6279848296107957e-06,0.4153556227684021,0.8899238109588623,-0.08128351718187332,0.41479188203811646,0.7722105979919434,-0.12209783494472504,0.508786678314209,0.686515212059021,-0.15487056970596313,0.5822279453277588,0.6190854907035828,-0.18267124891281128,0.40353086590766907,0.5556904673576355,-0.0767793133854866,0.3783954381942749,0.3838367462158203,-0.12386944144964218,0.3652823567390442,0.2681520879268646,-0.15531115233898163,0.35684919357299805,0.17125481367111206,-0.17719390988349915,0.48528075218200684,0.5570806860923767,-0.06686235964298248,0.5436224341392517,0.3857026696205139,-0.1153106689453125,0.5883809924125671,0.28020286560058594,-0.14215601980686188,0.6262873411178589,0.18986541032791138,-0.1552395075559616,0.5410899519920349,0.6116231083869934,-0.0656374916434288,0.5962990522384644,0.5701661705970764,-0.12760737538337708,0.5522142052650452,0.6728615760803223,-0.1315363496541977,0.5156371593475342,0.7293506860733032,-0.117782361805439,0.5773789882659912,0.6880201101303101,-0.07162295281887054,0.6132667064666748,0.6647011041641235,-0.12328410893678665,0.5745750665664673,0.7393234968185425,-0.1222914457321167,0.5365127325057983,0.7801899313926697,-0.10996104031801224,0.9767171161144338,1.9956113520186773,1.9478738295632425,0.640984678019728,0.5346329751397512,1.2183887651667888,0.658483812051817,1.455201180024613,peace
0.479143887758255,0.9634706974029541,1.586102371220477e-06,0.41474729776382446,0.8881975412368774,-0.07613877952098846,0.4156992733478546,0.7709505558013916,-0.11451175808906555,0.5126044750213623,0.6874879002571106,-0.14615094661712646,0.5885055065155029,0.6211602687835693,-0.17348681390285492,0.40742549300193787,0.552935779094696,-0.06900997459888458,0.38341695070266724,0.38654500246047974,-0.1126754954457283,0.37081778049468994,0.2745300531387329,-0.14212965965270996,0.36235177516937256,0.18033578991889954,-0.16260530054569244,0.4883120059967041,0.5552748441696167,-0.06131951883435249,0.5477508306503296,0.3840346932411194,-0.10518497228622437,0.5913161635398865,0.2781873941421509,-0.1307821422815323,0.6287853121757507,0.18972012400627136,-0.14329664409160614,0.5441721081733704,0.6128252148628235,-0.06199869513511658,0.5982106924057007,0.5728660225868225,-0.12075329571962357,0.555388867855072,0.6722116470336914,-0.1261531412601471,0.520968496799469,0.7288578748703003,-0.11379636079072952,0.5800201892852783,0.6935471892356873,-0.06935381889343262,0.6146019101142883,0.6698566675186157,-0.11883575469255447,0.5753681659698486,0.7434266805648804,-0.11794617772102356,0.537716269493103,0.7868373394012451,-0.10595035552978516,0.9664870126376292,1.957765873483692,1.9400600403308736,0.639625645221202,0.5186504964630541,1.2002804690237803,0.6473981634305972,1.4657454505210097,peace
0.4839019775390625,0.9672938585281372,1.5776053032823256e-06,0.41515234112739563,0.8934377431869507,-0.07622954249382019,0.41209182143211365,0.7751849889755249,-0.11578036099672318,0.5065323114395142,0.6929337382316589,-0.14844843745231628,0.5835144519805908,0.6282939910888672,-0.17634160816669464,0.40641772747039795,0.555846095085144,-0.07402309775352478,0.38297396898269653,0.381072998046875,-0.1206512451171875,0.3713364601135254,0.26554179191589355,-0.15136776864528656,0.3640086054801941,0.16881734132766724,-0.17241351306438446,0.4896778464317322,0.5569556951522827,-0.06692183017730713,0.5491628646850586,0.38629600405693054,-0.11413810402154922,0.5933787822723389,0.27947163581848145,-0.13980083167552948,0.6308175921440125,0.18870890140533447,-0.1520174741744995,0.5463436841964722,0.6118929982185364,-0.06806471198797226,0.5992217659950256,0.5716198682785034,-0.12824256718158722,0.5563563108444214,0.6706776022911072,-0.1314627230167389,0.5220309495925903,0.7270262837409973,-0.11746499687433243,0.5827493071556091,0.6905999183654785,-0.07610251009464264,0.6166623830795288,0.667898416519165,-0.1261417269706726,0.5773029327392578,0.7389162182807922,-0.1243334636092186,0.53985995054245,0.7795935869216919,-0.11143377423286438,0.9497166620060364,1.9856398979857828,1.9402957821767075,0.6497087415744843,0.5419549937844775,1.2247012420751533,0.6453227610777921,1.4411234786239007,peace
0.4834569990634918,0.9638506770133972,1.5925708112263237e-06,0.4169750213623047,0.8902373313903809,-0.07869113981723785,0.4153371751308441,0.7742207050323486,-0.1195523664355278,0.5080536603927612,0.6904704570770264,-0.15311990678310394,0.5824547410011292,0.6240731477737427,-0.1818087249994278,0.4087463319301605,0.5539610385894775,-0.0753469318151474,0.38558393716812134,0.3841038942337036,-0.12236472964286804,0.37367725372314453,0.270659476518631,-0.1528288573026657,0.3658798038959503,0.17502948641777039,-0.17363959550857544,0.4898500442504883,0.5549785494804382,-0.06703397631645203,0.5502616763114929,0.38499778509140015,-0.11571520566940308,0.5960654020309448,0.2802838087081909,-0.14190247654914856,0.6347435712814331,0.1909807324409485,-0.15399321913719177,0.5455688238143921,0.6093031167984009,-0.06720664352178574,0.6002078056335449,0.5745530128479004,-0.12915052473545074,0.5569953322410583,0.6778540015220642,-0.13269199430942535,0.5209541916847229,0.734412670135498,-0.11834145337343216,0.5819239020347595,0.6860144138336182,-0.07442282140254974,0.6162266731262207,0.6690351963043213,-0.12485866993665695,0.5774334669113159,0.7444331049919128,-0.12307313829660416,0.5393001437187195,0.7859541773796082,-0.11015932261943817,0.9601657236069313,1.969730789244765,1.9365073343404093,0.6295397969870051,0.5226261062661564,1.2032629918021773,0.6516995410549423,1.4580106193252422,peace
0.48252829909324646,0.9628417491912842,1.584594997439126e-06,0.4183119237422943,0.8906130790710449,-0.07654612511396408,0.4183545410633087,0.7747942209243774,-0.11677875369787216,0.5124899744987488,0.6909536123275757,-0.15017665922641754,0.588590145111084,0.6238608956336975,-0.17890386283397675,0.4102477729320526,0.5545438528060913,-0.07422150671482086,0.3858312666416168,0.38491106033325195,-0.12135434150695801,0.37371790409088135,0.2713336646556854,-0.1519021987915039,0.3663903474807739,0.17631983757019043,-0.1726449877023697,0.4922967255115509,0.5572328567504883,-0.0673636719584465,0.551154613494873,0.386496901512146,-0.1160174012184143,0.5959951877593994,0.28011298179626465,-0.14241032302379608,0.6341902613639832,0.19018149375915527,-0.1546383947134018,0.5486817955970764,0.6135488748550415,-0.06868157535791397,0.6032137274742126,0.5773799419403076,-0.13051427900791168,0.5592824220657349,0.677016019821167,-0.13418498635292053,0.5233467221260071,0.7316245436668396,-0.12005110085010529,0.5841513276100159,0.6929681301116943,-0.07674172520637512,0.6176734566688538,0.6748921871185303,-0.12754400074481964,0.5778764486312866,0.7475714087486267,-0.12566006183624268,0.5397202968597412,0.7869945764541626,-0.11254214495420456,0.9669733472214884,1.9781547837354585,1.9510833140388955,0.6411774033644024,0.5263297506336018,1.214993159163986,0.6534744903380112,1.4727322383077441,peace
0.48445531725883484,0.9665175676345825,1.6129451978486031e-06,0.42006322741508484,0.8934548497200012,-0.08307894319295883,0.4218277335166931,0.7760923504829407,-0.12327585369348526,0.517930805683136,0.6925718784332275,-0.154683455824852,0.5924054384231567,0.6253809928894043,-0.1808394193649292,0.4106300473213196,0.5569259524345398,-0.07563900202512741,0.3879057466983795,0.3856775760650635,-0.12131447345018387,0.3757374882698059,0.27084702253341675,-0.1519509106874466,0.36751285195350647,0.17448154091835022,-0.173043355345726,0.49290359020233154,0.5600576996803284,-0.06405989080667496,0.5530957579612732,0.3900553584098816,-0.11042840778827667,0.5986707210540771,0.2841102182865143,-0.13643576204776764,0.6370006203651428,0.19349405169487,-0.148861363530159,0.5487274527549744,0.615691602230072,-0.0615176297724247,0.6054507493972778,0.5773060917854309,-0.12249421328306198,0.5624548196792603,0.6769393682479858,-0.12807431817054749,0.5259646773338318,0.7314152121543884,-0.11532525718212128,0.5845066905021667,0.692457377910614,-0.06625205278396606,0.6212665438652039,0.674161970615387,-0.1178157776594162,0.5819031000137329,0.7466127872467041,-0.11826697736978531,0.542605459690094,0.7854251861572266,-0.10682906210422516,0.9741173538516359,1.9902326781236879,1.948343992158522,0.6442112012908288,0.5300458938708091,1.2244296394311192,0.6590399169999492,1.4599940902717017,peace
0.48435354232788086,0.9662325382232666,1.6006324585760012e-06,0.4207335114479065,0.8923486471176147,-0.07994075119495392,0.4215405285358429,0.7782729864120483,-0.1202985942363739,0.517726480960846,0.6957831382751465,-0.1531359851360321,0.5934093594551086,0.6280937194824219,-0.18132974207401276,0.41379106044769287,0.5566524267196655,-0.07248750329017639,0.3918888568878174,0.3906957507133484,-0.11903542280197144,0.3798562288284302,0.278426855802536,-0.15035782754421234,0.3717667758464813,0.18370047211647034,-0.17178355157375336,0.49620044231414795,0.558845579624176,-0.06341736763715744,0.5563030242919922,0.38874006271362305,-0.11032745987176895,0.6014373898506165,0.2845268249511719,-0.13708879053592682,0.6397316455841064,0.1955273449420929,-0.14976660907268524,0.5525963306427002,0.6162192821502686,-0.06317151337862015,0.6055557131767273,0.5828417539596558,-0.12489616125822067,0.5618219375610352,0.6820971369743347,-0.1306673288345337,0.52653568983078,0.7355386018753052,-0.11773118376731873,0.5873330235481262,0.6968263387680054,-0.06981845945119858,0.6208176016807556,0.6786574125289917,-0.12066584080457687,0.5806350111961365,0.7507835626602173,-0.1198277473449707,0.542536199092865,0.789931058883667,-0.10742533951997757,0.9670849310042295,1.9614710637205268,1.9404065054688782,0.6362043679653873,0.5200314566656812,1.2042018672191375,0.6524866768922177,1.4638442263822016,peace
0.4855418801307678,0.967337965965271,1.5919035831757355e-06,0.42234882712364197,0.892686128616333,-0.08085016906261444,0.4242978096008301,0.7753274440765381,-0.12120622396469116,0.5206076502799988,0.6939641237258911,-0.15336978435516357,0.5962521433830261,0.6282411813735962,-0.1805877983570099,0.413058876991272,0.5601937174797058,-0.07729703933000565,0.39032629132270813,0.3858969807624817,-0.12489715963602066,0.3785359859466553,0.2698865532875061,-0.15657657384872437,0.3702791929244995,0.17265185713768005,-0.17832998931407928,0.495685338973999,0.5629661083221436,-0.06724229454994202,0.5560831427574158,0.39255887269973755,-0.11519359052181244,0.6019694805145264,0.2870278060436249,-0.1413295865058899,0.6403354406356812,0.19630295038223267,-0.1536627560853958,0.5518143177032471,0.618376612663269,-0.06588026881217957,0.6064144968986511,0.5813419222831726,-0.12700589001178741,0.5631238222122192,0.6799129247665405,-0.13113583624362946,0.527019739151001,0.7338759303092957,-0.11750296503305435,0.588021457195282,0.6957806348800659,-0.07175500690937042,0.6232683658599854,0.679046630859375,-0.12341328710317612,0.5832443833351135,0.7507677674293518,-0.1230882778763771,0.5440873503684998,0.789395809173584,-0.11099877208471298,0.9750484434715804,2.0060059172129865,1.954126193731861,0.645373144619576,0.5310143567249652,1.2402284946271205,0.6638435345472857,1.4689981063650952,peace
0.48606961965560913,0.9661532640457153,1.6081429521364043e-06,0.4225604832172394,0.8919421434402466,-0.08255650103092194,0.424285888671875,0.77549809217453,-0.1238861158490181,0.5198593735694885,0.6936337351799011,-0.15666772425174713,0.5955517292022705,0.6281032562255859,-0.1844916045665741,0.4134020209312439,0.5599917769432068,-0.07924885302782059,0.3908382058143616,0.38693588972091675,-0.1275782287120819,0.37905555963516235,0.2715047001838684,-0.15998704731464386,0.3709942698478699,0.1744740903377533,-0.18232211470603943,0.49556753039360046,0.5625515580177307,-0.06846080720424652,0.555656373500824,0.3920171558856964,-0.11727673560380936,0.6019336581230164,0.28678151965141296,-0.14421714842319489,0.6406102776527405,0.19613832235336304,-0.15716640651226044,0.5516071915626526,0.6175371408462524,-0.06647579371929169,0.6058965921401978,0.5820295214653015,-0.12830200791358948,0.5630350708961487,0.6809869408607483,-0.13307663798332214,0.5269624590873718,0.734573245048523,-0.11985133588314056,0.5879949927330017,0.6939072608947754,-0.07182648777961731,0.6235488653182983,0.6762881875038147,-0.12362272292375565,0.5840332508087158,0.748418927192688,-0.1235387995839119,0.5449931621551514,0.7872101068496704,-0.11174517124891281,0.9777738906657453,2.003798917596731,1.9560052994116104,0.6445852475042759,0.5349327068286318,1.2361390067939024,0.6634106107731129,1.4664419121821997,peace
0.4862682521343231,0.9641739726066589,1.6071005575213348e-06,0.4223349690437317,0.8906065821647644,-0.08249250054359436,0.4244110584259033,0.774459958076477,-0.12356813997030258,0.5191015601158142,0.6910394430160522,-0.15602095425128937,0.592735230922699,0.6236081719398499,-0.18336626887321472,0.4138544797897339,0.5574824213981628,-0.07654564827680588,0.3925632834434509,0.38923346996307373,-0.1235726997256279,0.3808741271495819,0.27642151713371277,-0.1546585112810135,0.3727762699127197,0.18193504214286804,-0.17581799626350403,0.4963723123073578,0.5608543157577515,-0.06560439616441727,0.558022677898407,0.39100873470306396,-0.11379338800907135,0.603814423084259,0.28786006569862366,-0.1404877007007599,0.6421338319778442,0.19848772883415222,-0.15303680300712585,0.5526943802833557,0.6165828108787537,-0.06355173140764236,0.6091728806495667,0.5812282562255859,-0.125878244638443,0.564851701259613,0.680679976940155,-0.13118894398212433,0.5275787711143494,0.7323877215385437,-0.11796586960554123,0.588360071182251,0.6934245228767395,-0.06857701390981674,0.6240160465240479,0.6742807626724243,-0.11964115500450134,0.584745466709137,0.7457305192947388,-0.11889789253473282,0.5462203025817871,0.7823653817176819,-0.10670432448387146,0.9814841659082362,1.9810495373798716,1.9479917502850193,0.6442612499183411,0.5361961229783511,1.207279579557426,0.6625755884882674,1.452034729844358,peace
0.4850027561187744,0.9632630348205566,1.6094244301712024e-06,0.4225711524486542,0.8918783068656921,-0.08086566627025604,0.4247606098651886,0.7770628333091736,-0.12168265134096146,0.5209653973579407,0.6963329315185547,-0.15434426069259644,0.5961624979972839,0.6296756863594055,-0.18224020302295685,0.41421592235565186,0.5576143860816956,-0.07695824652910233,0.39235520362854004,0.3867873549461365,-0.12417835742235184,0.3807850480079651,0.27160167694091797,-0.1558355689048767,0.3732350468635559,0.17569664120674133,-0.1776805967092514,0.49648118019104004,0.5601831078529358,-0.06730034947395325,0.5561944246292114,0.3907042145729065,-0.11512754112482071,0.6025237441062927,0.28694096207618713,-0.14191798865795135,0.6410475373268127,0.19855442643165588,-0.15484394133090973,0.5523003339767456,0.6163750886917114,-0.06620483100414276,0.6085686087608337,0.5791211128234863,-0.12779805064201355,0.5659217834472656,0.6784319281578064,-0.13272887468338013,0.5293371081352234,0.7325451970100403,-0.11976923793554306,0.5874109268188477,0.6949180960655212,-0.07212571054697037,0.6236804723739624,0.6766558885574341,-0.1242917999625206,0.5845963358879089,0.7496473789215088,-0.12398175895214081,0.5456912517547607,0.7892774343490601,-0.11197347939014435,0.9687385312926353,1.993680165526361,1.946273733763651,0.6450405491508265,0.5274205452275537,1.2371663030494338,0.6598335123714335,1.4673951224417825,peace
0.48945820331573486,0.9694241285324097,1.6029839571274351e-06,0.42474499344825745,0.8948664665222168,-0.08000762015581131,0.42541980743408203,0.776629626750946,-0.11996345967054367,0.520841658115387,0.6949332356452942,-0.15198779106140137,0.5957950949668884,0.6289902329444885,-0.17908979952335358,0.415105938911438,0.5593886971473694,-0.07394690066576004,0.39496681094169617,0.3869718909263611,-0.1211790144443512,0.38393235206604004,0.27196040749549866,-0.15319451689720154,0.37606680393218994,0.1755145788192749,-0.1752775013446808,0.49769872426986694,0.5616570711135864,-0.06445764005184174,0.5586283802986145,0.39204370975494385,-0.11255616694688797,0.6045119166374207,0.2883150577545166,-0.1396419256925583,0.6425209045410156,0.19854432344436646,-0.15260961651802063,0.5542725324630737,0.617281973361969,-0.06364528834819794,0.6096599102020264,0.5775117874145508,-0.12531182169914246,0.5661932229995728,0.678634762763977,-0.12917248904705048,0.5295953154563904,0.7339060306549072,-0.11510046571493149,0.5902724862098694,0.6952213048934937,-0.06995095312595367,0.6265729665756226,0.675429105758667,-0.12180548161268234,0.5873697400093079,0.7484807968139648,-0.12048522382974625,0.5489349365234375,0.7884262800216675,-0.10744081437587738,0.966532793189458,1.9880609053826728,1.9389247838701915,0.6422522571729501,0.529716471645867,1.2204000383219895,0.6500302816086705,1.4505820820404476,peace
0.48879891633987427,0.9650076627731323,1.656080939937965e-06,0.4263916015625,0.8897272944450378,-0.08666998147964478,0.43001100420951843,0.7730258703231812,-0.1276722103357315,0.5260324478149414,0.6890380382537842,-0.1594388484954834,0.6015675663948059,0.6187542676925659,-0.1862531155347824,0.4164316654205322,0.5581808686256409,-0.07545411586761475,0.394950807094574,0.38868337869644165,-0.12170582264661789,0.38413527607917786,0.2754688560962677,-0.1530117690563202,0.3771438002586365,0.18002566695213318,-0.17443552613258362,0.4973372519016266,0.5615110993385315,-0.06188269704580307,0.5578545331954956,0.3898996114730835,-0.10914142429828644,0.6048212647438049,0.28592875599861145,-0.13627365231513977,0.6437298059463501,0.1972818672657013,-0.14887896180152893,0.5528985857963562,0.617118775844574,-0.05797838047146797,0.6070009469985962,0.5813918113708496,-0.12198245525360107,0.5637248754501343,0.6839531660079956,-0.13002373278141022,0.5273701548576355,0.7370715141296387,-0.11774592846632004,0.5883302688598633,0.6922447085380554,-0.06127987429499626,0.6241207718849182,0.6699846982955933,-0.11477215588092804,0.5849135518074036,0.7459359169006348,-0.11603251099586487,0.5468169450759888,0.7857987880706787,-0.10472380369901657,1.0017564271650459,1.9883298536386729,1.9525303167130243,0.6353981510770802,0.5278435071429527,1.2072807260580147,0.6572627485222916,1.464776054520484,peace
0.48976272344589233,0.963413417339325,1.6091047427835292e-06,0.42752543091773987,0.8897255659103394,-0.07944174855947495,0.43088868260383606,0.7728816866874695,-0.11923126876354218,0.5253120064735413,0.6902573704719543,-0.1511794924736023,0.5983953475952148,0.62168288230896,-0.17849145829677582,0.41690143942832947,0.5572939515113831,-0.07391338795423508,0.3957946300506592,0.3881000280380249,-0.12083662301301956,0.3846729099750519,0.2751239538192749,-0.15209077298641205,0.37741875648498535,0.18036261200904846,-0.17339155077934265,0.49831727147102356,0.5605809688568115,-0.06470835208892822,0.558832585811615,0.39058881998062134,-0.11276022344827652,0.6051101684570312,0.2864702641963959,-0.13932554423809052,0.643639326095581,0.19700109958648682,-0.1516088843345642,0.5544470548629761,0.6166850924491882,-0.0640978142619133,0.6094983220100403,0.5784521698951721,-0.12653280794620514,0.5664626359939575,0.6802418828010559,-0.1306566447019577,0.5304531455039978,0.7347193956375122,-0.11655503511428833,0.5897889733314514,0.6941817998886108,-0.07035800814628601,0.6248449683189392,0.6752162575721741,-0.12282231450080872,0.5855224132537842,0.750948429107666,-0.12138660997152328,0.5474819540977478,0.7910932302474976,-0.10816575586795807,0.9815306964650409,1.9844979911301148,1.951232729594921,0.6368455362402597,0.51823470024554,1.2094932820305455,0.655810293005966,1.4785791974083051,peace
0.48760324716567993,0.9639297723770142,1.6285932815662818e-06,0.42603951692581177,0.8870418071746826,-0.08342118561267853,0.4306744635105133,0.7714828848838806,-0.12358719110488892,0.5260198712348938,0.6886337399482727,-0.1552247703075409,0.6005643606185913,0.6215424537658691,-0.1818864792585373,0.41647446155548096,0.5580253601074219,-0.07220582664012909,0.3962705731391907,0.3905237913131714,-0.1181405559182167,0.38517385721206665,0.2785201072692871,-0.14963887631893158,0.3778064548969269,0.1843334138393402,-0.17136098444461823,0.49719685316085815,0.5602132678031921,-0.0600152388215065,0.5579255819320679,0.3921131193637848,-0.10724881291389465,0.6045455932617188,0.28956103324890137,-0.13465267419815063,0.6434082984924316,0.20122107863426208,-0.1477227509021759,0.55255126953125,0.6148405075073242,-0.057161860167980194,0.6075214147567749,0.5784092545509338,-0.11910972744226456,0.5646175742149353,0.6789783835411072,-0.12557436525821686,0.528326690196991,0.7317293286323547,-0.11299203336238861,0.5876634120941162,0.6899126172065735,-0.06153462082147598,0.6246531009674072,0.6691266298294067,-0.11293470114469528,0.5852243304252625,0.7421122193336487,-0.11325375735759735,0.5462571978569031,0.7799869775772095,-0.10165095329284668,0.9891137700942141,1.973522213839028,1.9407703137342547,0.6403285199361282,0.5344387844422149,1.2021520921005828,0.654439195636212,1.4418722299727758,peace
0.49044474959373474,0.9592648148536682,1.6328029914802755e-06,0.42935436964035034,0.8823937177658081,-0.08411182463169098,0.43418413400650024,0.7669265270233154,-0.1239713653922081,0.5275592803955078,0.684219479560852,-0.1548723727464676,0.599510133266449,0.6163460612297058,-0.18072497844696045,0.4181411862373352,0.5564559698104858,-0.07259581238031387,0.3968196511268616,0.3888779580593109,-0.1176747977733612,0.3856142461299896,0.27767032384872437,-0.14797343313694,0.37896502017974854,0.18415763974189758,-0.16843032836914062,0.49799495935440063,0.5609233379364014,-0.05955123156309128,0.5580561757087708,0.39154109358787537,-0.10608479380607605,0.6042398810386658,0.2896163761615753,-0.13255459070205688,0.6430073976516724,0.20160013437271118,-0.14465057849884033,0.5528486967086792,0.6155408024787903,-0.05589946731925011,0.6083000302314758,0.576581597328186,-0.11887142062187195,0.564936637878418,0.6780626177787781,-0.1260027438402176,0.528563916683197,0.7302281260490417,-0.11327967792749405,0.587950587272644,0.6895814538002014,-0.059215888381004333,0.6253049969673157,0.6650386452674866,-0.11086679995059967,0.5863149166107178,0.7391428351402283,-0.11086317151784897,0.5482446551322937,0.7775022387504578,-0.09886738657951355,0.9996004578717391,1.988361274470782,1.9518708240659945,0.6413154546308392,0.5332976300148121,1.204854509929748,0.6595274023149784,1.4532792621678137,peace
0.4897298514842987,0.9540565013885498,1.5819076679690625e-06,0.42598849534988403,0.8790099620819092,-0.079936183989048,0.4289354979991913,0.7620989084243774,-0.11827484518289566,0.5224502086639404,0.67922043800354,-0.14844398200511932,0.59564208984375,0.6126489639282227,-0.1736224889755249,0.4177170693874359,0.5538591146469116,-0.07141991704702377,0.3953590393066406,0.3850230574607849,-0.11452025920152664,0.3840506672859192,0.27292191982269287,-0.14183039963245392,0.3772643208503723,0.17941316962242126,-0.16007407009601593,0.4966621398925781,0.5560688376426697,-0.06015324592590332,0.5563451647758484,0.38850218057632446,-0.10576090216636658,0.6011475324630737,0.28524523973464966,-0.13041852414608002,0.6383277177810669,0.1980791985988617,-0.14106573164463043,0.5508010983467102,0.6084185242652893,-0.05773806571960449,0.605562686920166,0.5712445378303528,-0.11963237822055817,0.5625156164169312,0.6719467639923096,-0.12623918056488037,0.5263115167617798,0.7243731617927551,-0.11324400454759598,0.5867794752120972,0.6812557578086853,-0.061976708471775055,0.624639093875885,0.6564737558364868,-0.11264610290527344,0.5863966941833496,0.7304055690765381,-0.11270420253276825,0.5486639738082886,0.7700871825218201,-0.10091902315616608,0.9871450167170466,1.98466681834352,1.9456339796164732,0.6425823835020854,0.5414021591504279,1.2056350660857973,0.6518617218913235,1.4416989908572344,peace
0.4868736267089844,0.9528743028640747,1.5583176491418271e-06,0.4234914779663086,0.8759579658508301,-0.0755520612001419,0.4278339445590973,0.7573345899581909,-0.1123289093375206,0.52024245262146,0.6743475198745728,-0.14187705516815186,0.5916805863380432,0.6085072755813599,-0.16698913276195526,0.41659262776374817,0.5512703657150269,-0.06750016659498215,0.3969680666923523,0.3867407441139221,-0.11055043339729309,0.38577306270599365,0.27735382318496704,-0.13950929045677185,0.3789359927177429,0.18503496050834656,-0.15959012508392334,0.4963286221027374,0.5528166890144348,-0.0583624392747879,0.555903971195221,0.3864361047744751,-0.10284880548715591,0.6020811796188354,0.2848747670650482,-0.12887778878211975,0.6412919759750366,0.1975744068622589,-0.1414920687675476,0.5511943697929382,0.6057186126708984,-0.057521648705005646,0.6049461364746094,0.5669318437576294,-0.11575490236282349,0.5625513792037964,0.6646006107330322,-0.1215997189283371,0.527388870716095,0.7165118455886841,-0.10978955775499344,0.5865311622619629,0.6794217228889465,-0.06326358765363693,0.6211373805999756,0.657550036907196,-0.11139370501041412,0.5821698904037476,0.7288374900817871,-0.11097472906112671,0.5450308918952942,0.7669567465782166,-0.09971366077661514,0.9812242543004563,1.9575523540247763,1.9381620105330195,0.65218823155827,0.5411407078874724,1.1720110421721879,0.6510276983270296,1.4316655879469102,peace
0.4870980679988861,0.9472132921218872,1.5679205489504966e-06,0.42418473958969116,0.8727173805236816,-0.07841871678829193,0.4270549416542053,0.7553191184997559,-0.1163807064294815,0.520889937877655,0.6733897924423218,-0.14635975658893585,0.5936523675918579,0.6065781712532043,-0.17171227931976318,0.4142608344554901,0.5494096279144287,-0.07265475392341614,0.39291349053382874,0.3796409070491791,-0.11648876219987869,0.38146305084228516,0.2669160068035126,-0.14488628506660461,0.37392836809158325,0.17303672432899475,-0.16407684981822968,0.49394312500953674,0.5527451634407043,-0.062389396131038666,0.5531632304191589,0.3856905400753021,-0.10777005553245544,0.5977968573570251,0.2827146351337433,-0.13201577961444855,0.634540855884552,0.19572550058364868,-0.1426590532064438,0.5484278202056885,0.606621265411377,-0.06066072732210159,0.603215754032135,0.5695117712020874,-0.12199903279542923,0.5607074499130249,0.6684109568595886,-0.12781769037246704,0.5249349474906921,0.7216087579727173,-0.11474668979644775,0.5837186574935913,0.6815696954727173,-0.06544595211744308,0.6204730272293091,0.6583681702613831,-0.11717955768108368,0.5814960598945618,0.7316237688064575,-0.11721919476985931,0.543315052986145,0.771682858467102,-0.10526822507381439,0.9915856643912438,2.001404911986386,1.9502474527624065,0.6407165086072139,0.5313978389747949,1.21698506148863,0.6571181097358819,1.4629166505354658,peace
0.48721179366111755,0.9494386911392212,1.5899610161795863e-06,0.4234533905982971,0.8750173449516296,-0.07994313538074493,0.42519593238830566,0.7600842118263245,-0.11913221329450607,0.520001232624054,0.6782591342926025,-0.15022777020931244,0.5944643020629883,0.6117696762084961,-0.17647939920425415,0.41369736194610596,0.548689067363739,-0.07207495719194412,0.3926530182361603,0.3816596269607544,-0.11661280691623688,0.3823899030685425,0.2699260115623474,-0.14664115011692047,0.3760696053504944,0.17653614282608032,-0.1671341210603714,0.4942748546600342,0.5519980788230896,-0.06133377552032471,0.5539228320121765,0.3852747976779938,-0.10654152929782867,0.5985361337661743,0.28283634781837463,-0.13114038109779358,0.6356210708618164,0.19561198353767395,-0.14233486354351044,0.5496074557304382,0.6065241694450378,-0.059489909559488297,0.6048888564109802,0.5699554681777954,-0.11965351551771164,0.5617959499359131,0.6684596538543701,-0.12450803816318512,0.525803804397583,0.7213943004608154,-0.11115065217018127,0.5847213268280029,0.6823287010192871,-0.06452654302120209,0.6207870841026306,0.6591410636901855,-0.11475855857133865,0.5817359685897827,0.7305867671966553,-0.11385513842105865,0.543630838394165,0.7691650390625,-0.1014917716383934,0.9841021655862803,1.9853863535481582,1.9426993534824621,0.6380008944156148,0.5331450874964268,1.210923749466289,0.6499870951888587,1.4477992888224227,peace
0.48586222529411316,0.9529627561569214,1.5836326383578125e-06,0.42272326350212097,0.8774946928024292,-0.07793188840150833,0.4262002110481262,0.758723258972168,-0.11504416167736053,0.5197461843490601,0.6766625046730042,-0.14446602761745453,0.5924970507621765,0.6113147735595703,-0.16898639500141144,0.4128485918045044,0.550353467464447,-0.06690774857997894,0.3923710286617279,0.38112470507621765,-0.10945999622344971,0.38206958770751953,0.26975488662719727,-0.13759949803352356,0.3749766945838928,0.17649897933006287,-0.15687820315361023,0.492038756608963,0.5525545477867126,-0.056662801653146744,0.5521751642227173,0.3847753405570984,-0.1021355465054512,0.5978770852088928,0.282786101102829,-0.12707102298736572,0.6347333788871765,0.19686883687973022,-0.1378600150346756,0.5467458963394165,0.6056939959526062,-0.055226296186447144,0.6001831293106079,0.5657785534858704,-0.1165195107460022,0.5582553148269653,0.6688252687454224,-0.12163195013999939,0.5214253067970276,0.7233429551124573,-0.107734315097332,0.583777904510498,0.6786984801292419,-0.06046940013766289,0.6202960014343262,0.6553385257720947,-0.11205007880926132,0.5810073614120483,0.7324786186218262,-0.11156348884105682,0.5412499904632568,0.7735642790794373,-0.09901776909828186,0.9786027711822957,1.977709846243669,1.9355987133525736,0.6332591977358553,0.524829178687641,1.2024841970442461,0.6459387143331161,1.4476915603576446,peace
0.4879041612148285,0.9477365016937256,1.563397177051229e-06,0.4245830178260803,0.8718075752258301,-0.07607604563236237,0.42684876918792725,0.7547001838684082,-0.11351640522480011,0.5186164379119873,0.6692758798599243,-0.14375068247318268,0.5902310609817505,0.6008970737457275,-0.169301837682724,0.41117063164711,0.5475162863731384,-0.06814967095851898,0.39003875851631165,0.3789811134338379,-0.11057465523481369,0.37960827350616455,0.26822829246520996,-0.137612983584404,0.37314164638519287,0.1764114499092102,-0.15579770505428314,0.49096986651420593,0.5505635738372803,-0.059054769575595856,0.5491631627082825,0.38289543986320496,-0.10409341007471085,0.594053328037262,0.2804704010486603,-0.12821772694587708,0.6308907270431519,0.1952345371246338,-0.13855955004692078,0.5463289618492126,0.6041291952133179,-0.05841299891471863,0.5989617109298706,0.5674118995666504,-0.11897973716259003,0.5574782490730286,0.6664297580718994,-0.12425272911787033,0.5223061442375183,0.7188349962234497,-0.1109493300318718,0.5823606848716736,0.6783364415168762,-0.06414683163166046,0.6159499287605286,0.6561679244041443,-0.11404920369386673,0.5774151682853699,0.730463981628418,-0.11302094161510468,0.5398979783058167,0.7697874307632446,-0.10064201056957245,0.9943648130026541,1.9803828327633144,1.9384728124676593,0.6392431177469712,0.5253272859212943,1.1878099768650223,0.6450213375592395,1.4517366224656396,peace
0.48401451110839844,0.9528607130050659,1.5569714832963655e-06,0.4188775420188904,0.8788636326789856,-0.07497140020132065,0.4208020865917206,0.7601155042648315,-0.11178474873304367,0.5148741006851196,0.677373468875885,-0.14193333685398102,0.5894155502319336,0.6121336817741394,-0.16758041083812714,0.410347580909729,0.5482437014579773,-0.0651041716337204,0.39027509093284607,0.3815860152244568,-0.10725577175617218,0.3800332844257355,0.27066779136657715,-0.1349446326494217,0.3732184171676636,0.17796027660369873,-0.15396960079669952,0.4901423752307892,0.5498977899551392,-0.05669109895825386,0.5502142310142517,0.3830188512802124,-0.10093149542808533,0.594551682472229,0.28044459223747253,-0.12540006637573242,0.6310014128684998,0.1944267749786377,-0.13645771145820618,0.5453004837036133,0.6035338044166565,-0.05680656060576439,0.5984082221984863,0.5644857883453369,-0.11584604531526566,0.5563218593597412,0.6643620133399963,-0.1206493079662323,0.5210310816764832,0.719121515750885,-0.10755974054336548,0.5812150835990906,0.6787432432174683,-0.06351501494646072,0.6156599521636963,0.6576873064041138,-0.11272590607404709,0.5761274695396423,0.7321603298187256,-0.11201363801956177,0.5376935601234436,0.7728294134140015,-0.1000916138291359,0.9682721398263225,1.9602517366280179,1.927632660838275,0.6387298891866678,0.5230364931084784,1.1922357755208548,0.6361546664509842,1.4423562616661425,peace
0.4869734048843384,0.9513930082321167,1.542784957564436e-06,0.42135998606681824,0.8736152648925781,-0.0748283863067627,0.42251428961753845,0.7512435913085938,-0.111214779317379,0.5161792039871216,0.6667772531509399,-0.14042633771896362,0.5898014307022095,0.6028722524642944,-0.165087029337883,0.40981483459472656,0.5492555499076843,-0.06823621690273285,0.3878764510154724,0.37837401032447815,-0.11054973304271698,0.3767288327217102,0.26636579632759094,-0.13821694254875183,0.3692035377025604,0.17341655492782593,-0.15716126561164856,0.4888031780719757,0.5517323017120361,-0.059485696256160736,0.5470279455184937,0.382057249546051,-0.10345540195703506,0.5907544493675232,0.27911117672920227,-0.1273634284734726,0.6272327899932861,0.19318586587905884,-0.13814648985862732,0.5435145497322083,0.6049991846084595,-0.058982741087675095,0.5967289805412292,0.5607878565788269,-0.11729445308446884,0.5555419325828552,0.65882408618927,-0.12148912250995636,0.5213044881820679,0.7131057381629944,-0.1081414446234703,0.5805647373199463,0.6796160936355591,-0.06500228494405746,0.6164485216140747,0.6495039463043213,-0.11359584331512451,0.579540491104126,0.7221021056175232,-0.11195238679647446,0.5432403087615967,0.7633827924728394,-0.09944124519824982,0.9877457868124802,1.985756637993723,1.9386526692332333,0.6531588961823346,0.5444768189875645,1.195006568507481,0.6421756087473336,1.4295787816670096,peace
0.48503369092941284,0.9466320276260376,1.5535152897427906e-06,0.4233078956604004,0.8697483539581299,-0.07568755000829697,0.4254123270511627,0.7513749599456787,-0.11232733726501465,0.5157340168952942,0.6647674441337585,-0.14192268252372742,0.5857189893722534,0.5955588221549988,-0.16707557439804077,0.40910160541534424,0.5445426106452942,-0.06654684245586395,0.3869485557079315,0.3769863247871399,-0.10844860970973969,0.3760135769844055,0.26607388257980347,-0.13557957112789154,0.36837318539619446,0.17380788922309875,-0.1538323611021042,0.48718899488449097,0.5480942130088806,-0.057355135679244995,0.545450747013092,0.3803533911705017,-0.10140013694763184,0.5902299880981445,0.27822577953338623,-0.12533290684223175,0.6267467141151428,0.19397231936454773,-0.13562063872814178,0.5418440699577332,0.6021230220794678,-0.0566641241312027,0.5939489006996155,0.5636202096939087,-0.11644118279218674,0.5537152290344238,0.6642961502075195,-0.12164680659770966,0.5196722149848938,0.7188971042633057,-0.10829446464776993,0.5780752897262573,0.6764197945594788,-0.06237610802054405,0.6113464832305908,0.6522047519683838,-0.11166958510875702,0.574110209941864,0.7282618880271912,-0.11031368374824524,0.5379301905632019,0.7705138325691223,-0.09771527349948883,0.9974588370380677,1.978327295230763,1.9316984624780698,0.6321628824331967,0.5171747763875177,1.1788021726352524,0.6452199255897038,1.4518109062684978,peace
0.4795338213443756,0.9442653656005859,1.536029458293342e-06,0.416365385055542,0.8711838722229004,-0.07312235981225967,0.41833701729774475,0.7538062334060669,-0.11084994673728943,0.5107953548431396,0.6707538366317749,-0.14228783547878265,0.583867609500885,0.6049001216888428,-0.16929060220718384,0.4059874415397644,0.5445297360420227,-0.06934235990047455,0.3833346366882324,0.37558314204216003,-0.11354663968086243,0.37269341945648193,0.263901948928833,-0.14152812957763672,0.36575746536254883,0.17129051685333252,-0.16039080917835236,0.48498615622520447,0.5459386706352234,-0.06248016655445099,0.5421357154846191,0.3786711096763611,-0.10914181172847748,0.5868412256240845,0.27506059408187866,-0.13356494903564453,0.6234076023101807,0.18971583247184753,-0.14419525861740112,0.5404973030090332,0.5985360145568848,-0.06360941380262375,0.5918964743614197,0.5637046694755554,-0.12314853817224503,0.5503976941108704,0.6617621183395386,-0.1268008053302765,0.5153733491897583,0.7153496742248535,-0.11303435266017914,0.5777246356010437,0.6729269623756409,-0.07124722748994827,0.6095008850097656,0.6571340560913086,-0.12029407173395157,0.5706598162651062,0.7309408783912659,-0.11886145919561386,0.5330762267112732,0.7707494497299194,-0.10641039162874222,0.9754533982150577,1.9779941703160224,1.9382256198401722,0.6393441444631666,0.5219559876054289,1.2039052952667786,0.6418470420834406,1.461246820284536,peace
0.4816460609436035,0.9446247220039368,1.5437351521541132e-06,0.4164848327636719,0.8704954981803894,-0.0755598172545433,0.41610974073410034,0.7537425756454468,-0.11294854432344437,0.5069184899330139,0.668683648109436,-0.1433267891407013,0.5785214304924011,0.6019265651702881,-0.16901984810829163,0.40467625856399536,0.5452367067337036,-0.0672392025589943,0.38331860303878784,0.3774205446243286,-0.10965898633003235,0.37224191427230835,0.2669787108898163,-0.1378796398639679,0.36486780643463135,0.17422637343406677,-0.15740913152694702,0.48417627811431885,0.5457606315612793,-0.0583854578435421,0.5429578423500061,0.3774229884147644,-0.10228781402111053,0.5869621634483337,0.2756514251232147,-0.12702152132987976,0.6232551336288452,0.18951591849327087,-0.13880309462547302,0.5393581390380859,0.5980585813522339,-0.057959139347076416,0.5910069942474365,0.5547317862510681,-0.11657381057739258,0.5502933263778687,0.6535079479217529,-0.12122039496898651,0.5162203311920166,0.7080773115158081,-0.10834972560405731,0.5763959288597107,0.6715668439865112,-0.0641026422381401,0.6106758713722229,0.6415045857429504,-0.11266325414180756,0.5738199949264526,0.7138469219207764,-0.11132112890481949,0.5377132296562195,0.7551146149635315,-0.09925553947687149,0.9778679091418733,1.9719488640961038,1.936652319520979,0.6510881742746234,0.548603397629049,1.1863265366703906,0.6437405764746458,1.4223825775567767,peace
0.48071011900901794,0.943134069442749,1.5360444649559213e-06,0.4184708297252655,0.86712646484375,-0.07189403474330902,0.4211476445198059,0.7478159666061401,-0.10746116936206818,0.5121115446090698,0.6610698699951172,-0.13683083653450012,0.5824747085571289,0.5929145216941833,-0.161860853433609,0.4036896824836731,0.5426251888275146,-0.06359215080738068,0.3809930980205536,0.37473249435424805,-0.10536885261535645,0.3700161576271057,0.26389777660369873,-0.13242603838443756,0.3630920648574829,0.17191389203071594,-0.15068072080612183,0.482368528842926,0.5444818735122681,-0.05634566396474838,0.5395395755767822,0.3760274052619934,-0.10050502419471741,0.5837929248809814,0.2739515006542206,-0.1250554770231247,0.620954155921936,0.18948403000831604,-0.1359081268310547,0.5383719205856323,0.5974867343902588,-0.05709821730852127,0.5898216962814331,0.5577218532562256,-0.11503321677446365,0.5494512915611267,0.6540165543556213,-0.1197512149810791,0.5160630345344543,0.7051970958709717,-0.10681398957967758,0.5759778022766113,0.6717727184295654,-0.0640738382935524,0.607991635799408,0.6481615304946899,-0.11103367060422897,0.5703626275062561,0.7196705341339111,-0.10893464833498001,0.5349022746086121,0.757784366607666,-0.09629445523023605,0.9910366295069817,1.9734689879181604,1.9336945776502092,0.6537155977335527,0.5359592833242286,1.1794359184921333,0.642994393872001,1.4309849333396798,peace
0.4781835675239563,0.9468523263931274,1.5496892729061074e-06,0.41470229625701904,0.8716689348220825,-0.07441837340593338,0.4161452651023865,0.7510632276535034,-0.11058472096920013,0.5094301700592041,0.6657880544662476,-0.1399364024400711,0.582069993019104,0.5999234914779663,-0.16489963233470917,0.40270358324050903,0.5447584986686707,-0.0657138079404831,0.3798676133155823,0.3752140998840332,-0.10832799971103668,0.3689195215702057,0.26296135783195496,-0.13707560300827026,0.36152002215385437,0.1695939302444458,-0.15700125694274902,0.48187369108200073,0.5469709634780884,-0.057769253849983215,0.5397313237190247,0.37736520171165466,-0.10221337527036667,0.5836200714111328,0.2741338908672333,-0.12701553106307983,0.6199443340301514,0.18805694580078125,-0.13844715058803558,0.5372369885444641,0.6007685661315918,-0.05821169167757034,0.5910625457763672,0.5563645958900452,-0.1177593395113945,0.5495700836181641,0.6573271751403809,-0.12214900553226471,0.5144687294960022,0.7138991951942444,-0.10869559645652771,0.5746614933013916,0.6757671236991882,-0.06508874893188477,0.6090658903121948,0.6476321220397949,-0.11549103260040283,0.5716829299926758,0.72300785779953,-0.11399564146995544,0.534987211227417,0.7660527229309082,-0.10120756179094315,0.9848395084317562,1.9836442297440946,1.9409478653153385,0.6425254345325706,0.5317281311631925,1.196928646258771,0.6428562407765579,1.4488077893453852,peace
0.48234012722969055,0.9441109895706177,1.5442640233231941e-06,0.41547948122024536,0.8695005178451538,-0.07441076636314392,0.41489458084106445,0.7503814101219177,-0.11072111129760742,0.505815863609314,0.6636460423469543,-0.1401633471250534,0.5773133039474487,0.594152569770813,-0.1650293618440628,0.40261131525039673,0.5420309901237488,-0.06541300565004349,0.3809296488761902,0.37452131509780884,-0.10734803974628448,0.3697401285171509,0.2639031410217285,-0.13472498953342438,0.3620516061782837,0.17130592465400696,-0.15341679751873016,0.48222559690475464,0.5437657833099365,-0.056935373693704605,0.5396696329116821,0.3756241500377655,-0.1008019968867302,0.5838282108306885,0.2731139063835144,-0.12502864003181458,0.6202816963195801,0.18712642788887024,-0.13588325679302216,0.5377717614173889,0.5967523455619812,-0.05684583634138107,0.5889724493026733,0.5589686036109924,-0.11574551463127136,0.5483219027519226,0.6572517156600952,-0.12070174515247345,0.5145772695541382,0.709526777267456,-0.10769794881343842,0.5741842985153198,0.6708314418792725,-0.06314758956432343,0.6068439483642578,0.646963894367218,-0.11195838451385498,0.5696882009506226,0.7208080291748047,-0.11071247607469559,0.5343672037124634,0.760442852973938,-0.0984378308057785,0.9852354558436854,1.9709832214522194,1.9322588183523908,0.643292076781809,0.531144827923457,1.1737330919262514,0.6412559985159677,1.436603491659517,peace
0.47828373312950134,0.941929817199707,1.54421832121443e-06,0.4143088161945343,0.8681042194366455,-0.07443991303443909,0.41534602642059326,0.7513713836669922,-0.11104288697242737,0.5065863132476807,0.6668731570243835,-0.14093902707099915,0.5775160789489746,0.5985096096992493,-0.16643838584423065,0.4031332731246948,0.5398285388946533,-0.06519187241792679,0.3810895085334778,0.37364786863327026,-0.1071016862988472,0.3697240352630615,0.2631501853466034,-0.1347304880619049,0.3621457815170288,0.17084690928459167,-0.15351827442646027,0.4827372431755066,0.5424533486366272,-0.056674983352422714,0.5399584174156189,0.3746541142463684,-0.09969428181648254,0.5835975408554077,0.27252644300460815,-0.12363175302743912,0.6199159622192383,0.18759289383888245,-0.13445954024791718,0.5385375618934631,0.5964985489845276,-0.05659452825784683,0.5896314978599548,0.5584452748298645,-0.11434145271778107,0.5496097207069397,0.6562787294387817,-0.11931951344013214,0.5164846777915955,0.7083563804626465,-0.10660078376531601,0.5749334692955017,0.6714727878570557,-0.06294877827167511,0.606508195400238,0.6479170918464661,-0.11042638123035431,0.5691875219345093,0.7208582758903503,-0.10889171063899994,0.5339759588241577,0.7601763010025024,-0.09666278958320618,0.9772381029329174,1.9696244638225144,1.931108116804605,0.6433079878465606,0.5285228035664623,1.187119915289951,0.6419183346371968,1.4379816874780686,peace
0.47439759969711304,0.9395346641540527,1.5450413002326968e-06,0.4105257987976074,0.867606520652771,-0.07681553065776825,0.41155701875686646,0.7524169683456421,-0.11518073827028275,0.5056796073913574,0.6716548204421997,-0.1464056819677353,0.5802143216133118,0.6069757342338562,-0.17301417887210846,0.4025832712650299,0.5421624183654785,-0.0705888569355011,0.37945112586021423,0.3745115101337433,-0.11393731832504272,0.3678985834121704,0.26385489106178284,-0.14252127707004547,0.3606449067592621,0.17065337300300598,-0.16252385079860687,0.4815092980861664,0.5424537062644958,-0.061891090124845505,0.538579523563385,0.3762204051017761,-0.10725732892751694,0.5829686522483826,0.2732968032360077,-0.13271453976631165,0.6200175285339355,0.18686524033546448,-0.14494791626930237,0.5361482501029968,0.5949201583862305,-0.06164291501045227,0.5889228582382202,0.5589416027069092,-0.12122885882854462,0.5466828942298889,0.658277153968811,-0.12684845924377441,0.5111358761787415,0.712576150894165,-0.11473007500171661,0.573232889175415,0.6689968109130859,-0.06817371398210526,0.6084392070770264,0.6488837599754333,-0.11850210279226303,0.5697996616363525,0.7226608991622925,-0.11903691291809082,0.5319622755050659,0.7635546922683716,-0.1082221120595932,0.9691049903054508,1.9755730191797063,1.9411116137271098,0.6392748696477023,0.5335739637463427,1.2155243877884139,0.6480389280386986,1.4542691370173164,peace
0.47796759009361267,0.9373334050178528,1.5678826912335353e-06,0.41510844230651855,0.8635979890823364,-0.07772508263587952,0.4164276123046875,0.7479991912841797,-0.11581708490848541,0.508436381816864,0.6653959155082703,-0.14651475846767426,0.5795732140541077,0.5986500978469849,-0.1726638823747635,0.4015590250492096,0.5424072742462158,-0.0696028396487236,0.37973079085350037,0.3730822801589966,-0.11339244246482849,0.36878645420074463,0.26177170872688293,-0.14264342188835144,0.361900269985199,0.16841554641723633,-0.16278888285160065,0.48035117983818054,0.5440969467163086,-0.060059428215026855,0.5381982922554016,0.37654760479927063,-0.106158547103405,0.5829553604125977,0.27485722303390503,-0.1324390470981598,0.6192296147346497,0.1886022686958313,-0.14494450390338898,0.5352703332901001,0.59621262550354,-0.05903596803545952,0.5883880853652954,0.5526758432388306,-0.12053806334733963,0.547292172908783,0.6520285606384277,-0.12707747519016266,0.5114290118217468,0.7069429159164429,-0.11497025191783905,0.572037935256958,0.6691523194313049,-0.06456152349710464,0.6077433228492737,0.6431182026863098,-0.11589603871107101,0.5695472955703735,0.7168706059455872,-0.11601042747497559,0.531394898891449,0.7581819295883179,-0.10452499985694885,0.9891822556141209,1.9971736148652464,1.9497114172253354,0.6527061764119576,0.5384191069907407,1.2123187806508402,0.6504093349115362,1.452289969796191,peace
0.47678494453430176,0.9358710050582886,1.5340081063186517e-06,0.41276854276657104,0.8638426065444946,-0.07436245679855347,0.4140024781227112,0.7493159174919128,-0.11152167618274689,0.5060490369796753,0.6662920117378235,-0.14203490316867828,0.5779106616973877,0.6003515720367432,-0.16810066998004913,0.402712881565094,0.538755476474762,-0.06674321740865707,0.37917375564575195,0.37560325860977173,-0.10942167043685913,0.367220938205719,0.2661248743534088,-0.1376606971025467,0.35968017578125,0.1748480498790741,-0.15703321993350983,0.4822668135166168,0.5406669974327087,-0.059104401618242264,0.5396959781646729,0.3745765686035156,-0.10387881845235825,0.5836679935455322,0.2729489505290985,-0.12907163798809052,0.6207191944122314,0.1885349452495575,-0.14077948033809662,0.5378909111022949,0.5946661233901978,-0.05974077805876732,0.590325117111206,0.5564271211624146,-0.11872390657663345,0.549763023853302,0.6528921127319336,-0.12399446964263916,0.5159682631492615,0.7055022716522217,-0.11144871264696121,0.5746692419052124,0.669750988483429,-0.0667794719338417,0.6077311038970947,0.645760715007782,-0.11473270505666733,0.5703486204147339,0.7166361808776855,-0.11323977261781693,0.5342397093772888,0.7562659382820129,-0.10107716172933578,0.972534709859189,1.966355254248923,1.9367065376492787,0.6478218771214107,0.5353672149399054,1.1969098678335204,0.6553490947046202,1.440429574031085,peace
0.4735783338546753,0.9317357540130615,1.556446932227118e-06,0.40987974405288696,0.8608550429344177,-0.0775330513715744,0.4122183322906494,0.7469205856323242,-0.11602284014225006,0.5072012543678284,0.6666606068611145,-0.1471548080444336,0.5808135271072388,0.6020243167877197,-0.17392927408218384,0.4006780982017517,0.5409954190254211,-0.07152310758829117,0.3786007761955261,0.37334156036376953,-0.11517984420061111,0.3673964738845825,0.2620452046394348,-0.14406579732894897,0.3603726327419281,0.16892299056053162,-0.16397589445114136,0.4800148904323578,0.5409338474273682,-0.06194562092423439,0.5374867916107178,0.37477272748947144,-0.10734311491250992,0.5817386507987976,0.27212920784950256,-0.13284340500831604,0.6180968284606934,0.18589439988136292,-0.14502133429050446,0.5349074006080627,0.5925194621086121,-0.06071778014302254,0.5865381360054016,0.5520328283309937,-0.120514877140522,0.5463370680809021,0.649533212184906,-0.12631748616695404,0.5122039318084717,0.7040032148361206,-0.11420072615146637,0.5714311599731445,0.6658818125724792,-0.06613931059837341,0.6060308218002319,0.6409357786178589,-0.11601213365793228,0.5682438611984253,0.7132049798965454,-0.1158682331442833,0.5307632088661194,0.754618227481842,-0.10450495034456253,0.9801848300231618,1.9922653946217372,1.9544205892573754,0.6511300078820331,0.5393852609120103,1.2282884821824351,0.654420959240412,1.4575807042017344,peace
0.4778795540332794,0.9359315037727356,1.5178633248069673e-06,0.41295212507247925,0.8640072345733643,-0.07319018244743347,0.4125765562057495,0.7479486465454102,-0.1099010705947876,0.5036689043045044,0.6641153693199158,-0.1400901973247528,0.5758939981460571,0.5983312129974365,-0.16587288677692413,0.4018367528915405,0.5412886738777161,-0.06618618220090866,0.3791944980621338,0.37706518173217773,-0.10894244909286499,0.3679417073726654,0.26848915219306946,-0.13729941844940186,0.3609663248062134,0.17719745635986328,-0.15679271519184113,0.4801294207572937,0.5423734784126282,-0.0588998980820179,0.5380614399909973,0.37643665075302124,-0.10376674681901932,0.5818979740142822,0.2748454213142395,-0.1288720965385437,0.6185103058815002,0.18909865617752075,-0.14065495133399963,0.5346773266792297,0.5948839783668518,-0.05966135114431381,0.5882738828659058,0.5502946972846985,-0.11906786262989044,0.546414315700531,0.6479140520095825,-0.1233702152967453,0.5113515257835388,0.7028887271881104,-0.1101406142115593,0.5709521174430847,0.669467568397522,-0.06675700843334198,0.6055750846862793,0.6419497132301331,-0.1162482351064682,0.5681086778640747,0.713594377040863,-0.11459552496671677,0.5313609838485718,0.7550489902496338,-0.10193134099245071,0.9767830779685229,1.9689402169176276,1.9421226712328312,0.653160136071448,0.5387728661596569,1.1883324484204278,0.649137414952564,1.4422181957824143,peace
0.4759622812271118,0.9319843053817749,1.5554591072941548e-06,0.41227710247039795,0.8600032329559326,-0.0734090507030487,0.41412249207496643,0.744189977645874,-0.11026912182569504,0.5048825740814209,0.6604818105697632,-0.1404585838317871,0.5749287605285645,0.5932300090789795,-0.16644695401191711,0.4006238281726837,0.5395380854606628,-0.06818274408578873,0.3781296908855438,0.37359699606895447,-0.11133995652198792,0.36690080165863037,0.2629435360431671,-0.13946062326431274,0.3599855899810791,0.17067047953605652,-0.15864206850528717,0.4799489378929138,0.5414332747459412,-0.060767561197280884,0.5366648435592651,0.3746907114982605,-0.10649175196886063,0.5808007717132568,0.27266135811805725,-0.1317787915468216,0.6174258589744568,0.18702110648155212,-0.14329636096954346,0.5359688401222229,0.5944409370422363,-0.06118451803922653,0.5887160897254944,0.5551146268844604,-0.12137163430452347,0.5470466613769531,0.6540324687957764,-0.1261020451784134,0.5120341777801514,0.7082517147064209,-0.11289026588201523,0.5729516744613647,0.668104887008667,-0.06779026985168457,0.6051533222198486,0.6453588604927063,-0.1177392452955246,0.566815972328186,0.7192375063896179,-0.1161445677280426,0.5299815535545349,0.7604035139083862,-0.10337688773870468,0.9871624083861773,1.989183519194894,1.952320876794304,0.6405310420814452,0.5248877752937289,1.1995542981018956,0.6537656483874719,1.4708469149490446,peace
0.4744529724121094,0.9335247874259949,1.525132233837212e-06,0.41021299362182617,0.8636835217475891,-0.07495105266571045,0.4113085865974426,0.7500212788581848,-0.11248114705085754,0.5042954087257385,0.6702498197555542,-0.14292366802692413,0.5779478549957275,0.60808265209198,-0.16888174414634705,0.4009813070297241,0.5401002168655396,-0.06931332498788834,0.3792760968208313,0.37460702657699585,-0.11186516284942627,0.3680581748485565,0.2651996910572052,-0.1399267315864563,0.3606540262699127,0.1737532913684845,-0.15934541821479797,0.4809630811214447,0.5402718782424927,-0.06100897490978241,0.5376802086830139,0.37441930174827576,-0.10521045327186584,0.5813462138175964,0.2722739279270172,-0.13004140555858612,0.6175805330276489,0.18713286519050598,-0.14184002578258514,0.5366904735565186,0.5929680466651917,-0.060761839151382446,0.5877865552902222,0.5516692399978638,-0.11890450865030289,0.5480485558509827,0.6477451324462891,-0.12402165681123734,0.5143161416053772,0.7018853425979614,-0.11171144247055054,0.5736620426177979,0.6671535968780518,-0.06703724712133408,0.6064508557319641,0.6433302164077759,-0.1158454567193985,0.5685923099517822,0.7140421271324158,-0.11534576117992401,0.5309591293334961,0.75464928150177,-0.10376792401075363,0.9572066443442069,1.9712943996076508,1.9424406849123683,0.6538541608072268,0.5386198095865911,1.2204324235490842,0.6478942915214855,1.4455605666074902,peace
0.47562602162361145,0.9329949617385864,1.5371601875813212e-06,0.41208991408348083,0.8610171675682068,-0.07577728480100632,0.41383445262908936,0.7466240525245667,-0.11317326128482819,0.5064622759819031,0.6639822125434875,-0.14338767528533936,0.578081488609314,0.5998813509941101,-0.169059619307518,0.40057507157325745,0.5395403504371643,-0.06918159872293472,0.3781126141548157,0.3710439205169678,-0.11184849590063095,0.3666621446609497,0.2595469653606415,-0.14011502265930176,0.3595768213272095,0.1668579876422882,-0.15973244607448578,0.4802645742893219,0.5399802327156067,-0.060033608227968216,0.53640216588974,0.3742881715297699,-0.10471853613853455,0.5796074867248535,0.27357783913612366,-0.12950102984905243,0.6156778931617737,0.18907788395881653,-0.14130723476409912,0.5351083874702454,0.5917368531227112,-0.05913102626800537,0.5886474847793579,0.5486199855804443,-0.11783751845359802,0.5475443601608276,0.6447669267654419,-0.1229749470949173,0.5126895308494568,0.6987270712852478,-0.11072622984647751,0.5714617967605591,0.6648489236831665,-0.06477182358503342,0.6067048907279968,0.6389806866645813,-0.11389840394258499,0.5685860514640808,0.7083271145820618,-0.11378959566354752,0.5309538245201111,0.7471193671226501,-0.1026088073849678,0.9742273791320832,1.989852934574804,1.9367671241231446,0.6583352318455294,0.5518281460664576,1.2201132040493197,0.6481930712466345,1.4229352418808339,peace
0.47489553689956665,0.9366053342819214,1.5379250726255123e-06,0.41170647740364075,0.861967921257019,-0.07360054552555084,0.4150574803352356,0.7451732754707336,-0.10973790287971497,0.5092625021934509,0.6614536046981812,-0.13947945833206177,0.5818424820899963,0.5966052412986755,-0.16503597795963287,0.40314364433288574,0.537729799747467,-0.06417794525623322,0.38109540939331055,0.375335156917572,-0.10635565221309662,0.36959967017173767,0.266336590051651,-0.13494257628917694,0.3617287874221802,0.17475086450576782,-0.15480126440525055,0.4814161956310272,0.5401960015296936,-0.056994080543518066,0.5387820601463318,0.3736281991004944,-0.10121160745620728,0.5825250744819641,0.27117425203323364,-0.12648937106132507,0.6196297407150269,0.1860651969909668,-0.13823802769184113,0.5362462401390076,0.595676064491272,-0.05808210372924805,0.5886675715446472,0.5551316738128662,-0.11722218245267868,0.5466245412826538,0.6540466547012329,-0.12221226096153259,0.5122606754302979,0.7084990739822388,-0.1092761754989624,0.5724525451660156,0.6728943586349487,-0.0655694529414177,0.6058395504951477,0.6474519968032837,-0.1150987446308136,0.5673145651817322,0.7202854156494141,-0.11388086527585983,0.5306042432785034,0.7609291672706604,-0.1014551892876625,0.9806232091172573,1.9613933679665807,1.9393028423503196,0.6383285831986762,0.5252369467959251,1.1882384652781999,0.6458279434219124,1.4552316699972392,peace
0.47919079661369324,0.9375345706939697,1.5306283103200258e-06,0.41271546483039856,0.8655129671096802,-0.07373379915952682,0.41306906938552856,0.7476675510406494,-0.11071895062923431,0.5067979693412781,0.6661186218261719,-0.14111220836639404,0.581307053565979,0.6038490533828735,-0.16723406314849854,0.40179121494293213,0.541311502456665,-0.069184310734272,0.37883371114730835,0.37068140506744385,-0.11231733113527298,0.3675309121608734,0.2586548626422882,-0.14054784178733826,0.36020585894584656,0.16553354263305664,-0.15996205806732178,0.4816375970840454,0.5423180460929871,-0.06149588152766228,0.5378764867782593,0.3747713267803192,-0.10658857226371765,0.5816857814788818,0.2716180086135864,-0.13092024624347687,0.6178416013717651,0.186725914478302,-0.1419951617717743,0.5370190739631653,0.5950623750686646,-0.061815645545721054,0.5866323709487915,0.5526523590087891,-0.12092041969299316,0.54583740234375,0.6502079963684082,-0.1251896768808365,0.5120320916175842,0.7052357196807861,-0.11185314506292343,0.5742287635803223,0.6695557236671448,-0.06853325664997101,0.6066259741783142,0.6420522928237915,-0.11830511689186096,0.567554771900177,0.7143763899803162,-0.11727648228406906,0.52965247631073,0.7562782168388367,-0.10494471341371536,0.9674570612905062,1.9934136454598057,1.941581137046823,0.6498037447479263,0.538623042267417,1.227502495462416,0.6478545029621676,1.4438912931191876,peace
0.4780329763889313,0.9426936507225037,1.5362021485998412e-06,0.41323068737983704,0.8691747188568115,-0.07465720176696777,0.4144429564476013,0.7513089179992676,-0.11116532981395721,0.5051336288452148,0.664830207824707,-0.14093433320522308,0.5751491189002991,0.5968815684318542,-0.16622541844844818,0.4022969603538513,0.5409491658210754,-0.06484318524599075,0.3800119161605835,0.3753351867198944,-0.10705143958330154,0.3685687482357025,0.26507338881492615,-0.13559439778327942,0.3612115681171417,0.17260023951530457,-0.155491441488266,0.48165908455848694,0.5433633923530579,-0.05666821077466011,0.5395084619522095,0.37588509917259216,-0.10109212249517441,0.583939254283905,0.2745106816291809,-0.12671448290348053,0.6212455034255981,0.18979883193969727,-0.13907112181186676,0.5367948412895203,0.5970519185066223,-0.05692464858293533,0.5899246335029602,0.5544594526290894,-0.11603248864412308,0.5484923720359802,0.6523956656455994,-0.12188016623258591,0.5133718848228455,0.7061004042625427,-0.10999191552400589,0.5733155012130737,0.6712241172790527,-0.06363881379365921,0.6070654392242432,0.6461622714996338,-0.11271966248750687,0.5687710046768188,0.7184599041938782,-0.11237432062625885,0.5312620401382446,0.7582376599311829,-0.10111276060342789,0.9812579959345797,1.9691968296404014,1.9311102118272927,0.6527705271586232,0.5379530521422488,1.178356670498285,0.647377705506346,1.429947636795684,peace
0.47651344537734985,0.9409375786781311,1.5418560224134126e-06,0.4134463667869568,0.8676571846008301,-0.07437622547149658,0.4147821068763733,0.7523491382598877,-0.11142214387655258,0.5072731971740723,0.6699020862579346,-0.14165394008159637,0.5797256827354431,0.603959321975708,-0.16746793687343597,0.40194374322891235,0.5416104793548584,-0.06735555082559586,0.37931928038597107,0.3730822801589966,-0.10972314327955246,0.3685917854309082,0.2622803747653961,-0.13795670866966248,0.36205652356147766,0.169631689786911,-0.15734319388866425,0.4815900921821594,0.5432854890823364,-0.059236448258161545,0.5383745431900024,0.3759017586708069,-0.10254180431365967,0.5821479558944702,0.2728526294231415,-0.12679830193519592,0.6185263395309448,0.18710386753082275,-0.13819225132465363,0.5373950004577637,0.5967983603477478,-0.059392914175987244,0.589698076248169,0.5575730204582214,-0.11711091548204422,0.5492579936981201,0.654772162437439,-0.12230469286441803,0.5153172612190247,0.7092552781105042,-0.11003075540065765,0.5743706226348877,0.6718260049819946,-0.06603667140007019,0.6072051525115967,0.6483226418495178,-0.11444037407636642,0.5694884061813354,0.7204902172088623,-0.11359932273626328,0.5329582095146179,0.7616076469421387,-0.10182269662618637,0.9704606776976225,1.9784174698004648,1.9385581919291623,0.6451616850304522,0.5317611840933025,1.2085478201683886,0.6411186270677879,1.4474445297761462,peace
0.4762518107891083,0.943016767501831,1.5334270528910565e-06,0.4113616943359375,0.870986819267273,-0.07479631900787354,0.4123929440975189,0.7539289593696594,-0.1124085858464241,0.5061718225479126,0.6712501645088196,-0.14326660335063934,0.5794855952262878,0.6064326763153076,-0.16974161565303802,0.4014921486377716,0.5440549850463867,-0.06899727880954742,0.38004881143569946,0.37651485204696655,-0.11230381578207016,0.36916857957839966,0.26553040742874146,-0.14084285497665405,0.3618771433830261,0.17261859774589539,-0.16060686111450195,0.4814814031124115,0.5444625616073608,-0.061317745596170425,0.5398632884025574,0.3768154978752136,-0.10641808807849884,0.5837944149971008,0.273921936750412,-0.131082683801651,0.6198729276657104,0.18864116072654724,-0.14255796372890472,0.537208080291748,0.5976404547691345,-0.06186060607433319,0.5887741446495056,0.5557808876037598,-0.12142512202262878,0.5479232668876648,0.6552466154098511,-0.12568378448486328,0.5135678648948669,0.7111567258834839,-0.11242640763521194,0.5747570991516113,0.6728302240371704,-0.06893797963857651,0.608066201210022,0.6474501490592957,-0.11894229799509048,0.570330798625946,0.7212991714477539,-0.11778375506401062,0.5331931710243225,0.7636367082595825,-0.10550165921449661,0.9691653920074432,1.971910774555623,1.936740198762276,0.6456285792730808,0.5350036046647675,1.2036812193228663,0.6425388385140101,1.4448367455289466,peace
0.4781704545021057,0.9433594346046448,1.5714775827291305e-06,0.4140194356441498,0.8679903745651245,-0.07576534152030945,0.41596436500549316,0.7498849034309387,-0.11270151287317276,0.5071933269500732,0.663648247718811,-0.14248912036418915,0.5779436826705933,0.5955271124839783,-0.16768388450145721,0.4016622006893158,0.542304277420044,-0.06690378487110138,0.37874454259872437,0.3753647208213806,-0.10930466651916504,0.366913378238678,0.26544469594955444,-0.13733497262001038,0.35977327823638916,0.173160582780838,-0.1565231829881668,0.48101577162742615,0.5444850325584412,-0.05821850150823593,0.5380055904388428,0.3766252398490906,-0.10349017381668091,0.5826206207275391,0.2738558053970337,-0.12890753149986267,0.619924008846283,0.18772673606872559,-0.14048102498054504,0.536477267742157,0.5983777046203613,-0.05784592404961586,0.5906293392181396,0.5559079051017761,-0.11870957911014557,0.548230767250061,0.6566876173019409,-0.12396013736724854,0.5123191475868225,0.7126579880714417,-0.11068850755691528,0.5726476907730103,0.6729523539543152,-0.06388409435749054,0.6071433424949646,0.6474818587303162,-0.11498617380857468,0.568726122379303,0.7224095463752747,-0.1140560656785965,0.531331479549408,0.7644870281219482,-0.10142634809017181,0.9893623446339694,1.9716873037489469,1.9387751221361138,0.6403935551763867,0.5268732650133618,1.1796150381926944,0.647590722880589,1.4507883907755024,peace
0.473161518573761,0.94095778465271,1.5709208582848078e-06,0.4102971851825714,0.8651044368743896,-0.07527124136686325,0.41371452808380127,0.7471398711204529,-0.11167744547128677,0.508074164390564,0.6654146909713745,-0.14139950275421143,0.5797577500343323,0.59991854429245,-0.16684064269065857,0.4017455279827118,0.5388900637626648,-0.065353624522686,0.37989214062690735,0.37293311953544617,-0.10738251358270645,0.3679301142692566,0.262704074382782,-0.13568277657032013,0.3595375418663025,0.16993361711502075,-0.15539054572582245,0.48028111457824707,0.5411122441291809,-0.057265523821115494,0.5395951271057129,0.3734365701675415,-0.10156644880771637,0.5841452479362488,0.2700492739677429,-0.1274714320898056,0.6211597919464111,0.18326255679130554,-0.1397194117307663,0.5347288846969604,0.5958055853843689,-0.057602595537900925,0.5887163877487183,0.5548014044761658,-0.11770286411046982,0.5463374257087708,0.6565297842025757,-0.12396314740180969,0.510413408279419,0.7122446298599243,-0.11165513843297958,0.5708819627761841,0.672124445438385,-0.064402274787426,0.6071023344993591,0.6465117931365967,-0.11530928313732147,0.5682368278503418,0.7222582697868347,-0.11520964652299881,0.5295778512954712,0.7649295330047607,-0.10345779359340668,0.976123422127949,1.9671108065561167,1.9420200534077199,0.6367118427586385,0.5243491146632441,1.1961549665082545,0.6495959027396749,1.460305442085023,peace
0.4743003249168396,0.9391766786575317,1.5470270682271803e-06,0.40596073865890503,0.8681326508522034,-0.07875441014766693,0.4058532416820526,0.7492661476135254,-0.1176774650812149,0.5020706653594971,0.6685634851455688,-0.1487446278333664,0.5770193934440613,0.6033747792243958,-0.17526346445083618,0.399554580450058,0.5411851406097412,-0.07487717270851135,0.37676307559013367,0.37130212783813477,-0.11973319947719574,0.36458900570869446,0.25924229621887207,-0.14884205162525177,0.3563414216041565,0.1648680865764618,-0.1690112203359604,0.4795486032962799,0.5414275527000427,-0.0654478669166565,0.5371506810188293,0.37306833267211914,-0.11219450831413269,0.5812122225761414,0.270053505897522,-0.1372620165348053,0.6177142858505249,0.18207988142967224,-0.14898738265037537,0.5342686176300049,0.5936706066131592,-0.0644792690873146,0.588310182094574,0.5519723296165466,-0.12608718872070312,0.5453467965126038,0.653460681438446,-0.13087187707424164,0.5089589357376099,0.7089242935180664,-0.11775045841932297,0.5715199708938599,0.6686528921127319,-0.07030367106199265,0.6073374152183533,0.6439326405525208,-0.12275777012109756,0.568325400352478,0.7193646430969238,-0.122805155813694,0.5293868780136108,0.7618113160133362,-0.11117597669363022,0.9735469062017618,1.9876059773752106,1.946829976840734,0.6472477499846946,0.5369356363011245,1.2178208487778335,0.6516536774350208,1.4576804378471715,peace
0.474339097738266,0.9370431900024414,1.5651799003535416e-06,0.41010135412216187,0.864901065826416,-0.07496615499258041,0.4093656539916992,0.74858558177948,-0.1128358319401741,0.5002073645591736,0.6632480621337891,-0.14392408728599548,0.5711219310760498,0.595199465751648,-0.17037229239940643,0.3984609842300415,0.538043200969696,-0.06891011446714401,0.3763192594051361,0.3699190616607666,-0.11289269477128983,0.36484774947166443,0.2582203447818756,-0.14161396026611328,0.35721299052238464,0.16523441672325134,-0.16120435297489166,0.4782171845436096,0.5393335819244385,-0.061125271022319794,0.5363439917564392,0.3714771866798401,-0.10793452709913254,0.5819046497344971,0.2682676613330841,-0.13333448767662048,0.6198208928108215,0.18156200647354126,-0.14475780725479126,0.534053385257721,0.5922835469245911,-0.061478301882743835,0.5873957872390747,0.5527480244636536,-0.1223238930106163,0.5458657145500183,0.6537106037139893,-0.12587730586528778,0.5105578899383545,0.7091890573501587,-0.11156657338142395,0.5714558959007263,0.666899561882019,-0.0683130994439125,0.6060466766357422,0.6407800912857056,-0.11844077706336975,0.568349301815033,0.7152175903320312,-0.11604132503271103,0.5312083959579468,0.7570621371269226,-0.10255445539951324,0.9791749895312684,1.9809087397720977,1.945483699109102,0.6368666931050389,0.533832700800854,1.1936496299882957,0.6551414212052655,1.4508213988391094,peace
0.46995723247528076,0.9353288412094116,1.55318798533699e-06,0.4060988426208496,0.8625146150588989,-0.07511060684919357,0.4072996973991394,0.7463361024856567,-0.11350788921117783,0.5017672181129456,0.663101315498352,-0.14518839120864868,0.5760670304298401,0.5965842604637146,-0.17254383862018585,0.3959050178527832,0.538314700126648,-0.07075232267379761,0.3727032542228699,0.37013673782348633,-0.11535041034221649,0.361585408449173,0.2582264244556427,-0.14469116926193237,0.35443559288978577,0.1652304232120514,-0.16490072011947632,0.4760496914386749,0.5393234491348267,-0.0632372573018074,0.533079981803894,0.37118077278137207,-0.1101091280579567,0.5788835883140564,0.26883411407470703,-0.13594453036785126,0.6170868873596191,0.1846349835395813,-0.14799140393733978,0.5321468710899353,0.5925394296646118,-0.06378813832998276,0.5828975439071655,0.5545687079429626,-0.12367311865091324,0.541012704372406,0.6510070562362671,-0.12848742306232452,0.5059629678726196,0.7038605213165283,-0.11584299802780151,0.5693682432174683,0.6679738759994507,-0.07088527083396912,0.6014384627342224,0.6453037261962891,-0.12030117213726044,0.562504231929779,0.7172332406044006,-0.11914296448230743,0.5250644683837891,0.7573685646057129,-0.10710544884204865,0.9840884760399625,1.984648386343854,1.9427021241850533,0.6515844286189056,0.5357964554536992,1.2093160116565171,0.6580128866320729,1.4499163699717759,peace
0.4666014611721039,0.9349200129508972,1.5429965287694358e-06,0.402297705411911,0.8632832169532776,-0.07459179311990738,0.4030824601650238,0.7473512291908264,-0.11305951327085495,0.4965877830982208,0.66632080078125,-0.14485473930835724,0.5703398585319519,0.6027782559394836,-0.17227953672409058,0.39335018396377563,0.5398629307746887,-0.0722561776638031,0.3710871636867523,0.3702782392501831,-0.11739493906497955,0.35984402894973755,0.25784265995025635,-0.1468421071767807,0.35236048698425293,0.16423079371452332,-0.16721749305725098,0.47317609190940857,0.5398932099342346,-0.06508397310972214,0.5311231017112732,0.373235821723938,-0.112474225461483,0.5762025713920593,0.27055805921554565,-0.13814622163772583,0.6132837533950806,0.18498194217681885,-0.15029951930046082,0.5287929773330688,0.5919405221939087,-0.06582307815551758,0.5809487700462341,0.5520314574241638,-0.1259017288684845,0.5395511984825134,0.6505216956138611,-0.12948162853717804,0.5043509006500244,0.7061145305633545,-0.11611082404851913,0.5660741329193115,0.6665900945663452,-0.0732276439666748,0.5998857021331787,0.6435968279838562,-0.1235537976026535,0.5620763897895813,0.7168879508972168,-0.12227705121040344,0.5247228741645813,0.7590364217758179,-0.11002958565950394,0.9697090935698539,1.9901046752283111,1.944991524996536,0.6476985822242812,0.5380840021495498,1.2231524084101695,0.655065592422062,1.454117515237592,peace
0.4677290916442871,0.9364570379257202,1.5110384765648632e-06,0.4028460681438446,0.8609097599983215,-0.07140014320611954,0.40394869446754456,0.7423656582832336,-0.10719072073698044,0.49425777792930603,0.6568710803985596,-0.13685455918312073,0.564785361289978,0.5893738269805908,-0.16227276623249054,0.39264845848083496,0.5392098426818848,-0.06489653140306473,0.36732053756713867,0.3740449845790863,-0.10748815536499023,0.3542841672897339,0.2643549144268036,-0.1348532885313034,0.34572893381118774,0.17253845930099487,-0.15320661664009094,0.47074180841445923,0.5406238436698914,-0.05833268165588379,0.5277897715568542,0.3726425766944885,-0.10343959927558899,0.5717050433158875,0.27010756731033325,-0.12807877361774445,0.6085720062255859,0.1847454309463501,-0.13880635797977448,0.5259103775024414,0.5932372212409973,-0.05972202122211456,0.5764502286911011,0.5529785752296448,-0.11920876801013947,0.534811794757843,0.6498416662216187,-0.1239442527294159,0.5014838576316833,0.7032791972160339,-0.11056043952703476,0.5631144642829895,0.6667376160621643,-0.06726077198982239,0.594713568687439,0.6423840522766113,-0.1152360662817955,0.556980550289154,0.7144826054573059,-0.11312996596097946,0.5228312611579895,0.7547281980514526,-0.10022933036088943,0.9878173052220874,1.97096553090099,1.942630091635205,0.650453368072377,0.536656315992297,1.1770877573626755,0.6586013878994363,1.443776524595862,peace
0.46264445781707764,0.9344137907028198,1.5630939742550254e-06,0.4011434018611908,0.8592380881309509,-0.07387637346982956,0.4043515622615814,0.7417503595352173,-0.1102234423160553,0.4966597557067871,0.6584459543228149,-0.140001118183136,0.5684092044830322,0.5909726619720459,-0.1654597371816635,0.3879532814025879,0.5396089553833008,-0.06624812632799149,0.3645206689834595,0.3700110912322998,-0.10832705348730087,0.35255882143974304,0.2578594982624054,-0.1358225792646408,0.3443860709667206,0.1645885407924652,-0.154417023062706,0.4656530022621155,0.5417067408561707,-0.05794769898056984,0.5236292481422424,0.37379151582717896,-0.10185139626264572,0.5676254630088806,0.2698468565940857,-0.12645992636680603,0.6031584143638611,0.18467658758163452,-0.1373811960220337,0.5203213095664978,0.594822883605957,-0.057817380875349045,0.5707690715789795,0.5555754899978638,-0.11667786538600922,0.5315011143684387,0.6532396078109741,-0.12261679023504257,0.49828583002090454,0.707650363445282,-0.11006852984428406,0.5568640828132629,0.6689939498901367,-0.06398724019527435,0.5905839800834656,0.6437708139419556,-0.11262693256139755,0.5532391667366028,0.7173037528991699,-0.11175891011953354,0.5172180533409119,0.7590928077697754,-0.09960106760263443,0.9965949431480511,2.0001806925537484,1.9524396229603114,0.6412868646272879,0.5262166620977196,1.2136365178582402,0.6552334537365067,1.4661914931286026,peace
0.4596844017505646,0.9367620944976807,1.5068087577674305e-06,0.3950682282447815,0.8616726994514465,-0.07460425794124603,0.39574599266052246,0.7452670335769653,-0.1107994019985199,0.48798444867134094,0.6608363389968872,-0.14023715257644653,0.5594460964202881,0.5936331748962402,-0.16528068482875824,0.38424134254455566,0.5406824350357056,-0.0647236704826355,0.35895872116088867,0.3743551969528198,-0.10574766993522644,0.3464961051940918,0.26459643244743347,-0.1326228380203247,0.3384028375148773,0.17301437258720398,-0.15095601975917816,0.4626252055168152,0.5417253375053406,-0.05612470954656601,0.5180035829544067,0.3743302822113037,-0.09946058690547943,0.5610231161117554,0.2722715735435486,-0.12385603040456772,0.5967644453048706,0.18896597623825073,-0.134831964969635,0.5178876519203186,0.5942442417144775,-0.055979229509830475,0.5654969215393066,0.5524682998657227,-0.11480383574962616,0.5258051753044128,0.6497085690498352,-0.12147162109613419,0.4930071234703064,0.704265296459198,-0.1096511259675026,0.5564443469047546,0.6678383946418762,-0.06218729540705681,0.5866647958755493,0.6409240961074829,-0.11044363677501678,0.5493671298027039,0.7140375375747681,-0.11013881862163544,0.5142151713371277,0.7562646269798279,-0.0987577810883522,0.9867042510050258,1.9746426403840713,1.9350622471002477,0.6496187009924489,0.533444627232219,1.1913795732139607,0.649987424472974,1.4395595935120757,peace
0.45707520842552185,0.935278058052063,1.5125175423236215e-06,0.3936546742916107,0.8602595925331116,-0.07106325775384903,0.395153671503067,0.742784321308136,-0.10644514858722687,0.48431849479675293,0.658694863319397,-0.13578391075134277,0.5530674457550049,0.5915168523788452,-0.1608748883008957,0.3814685344696045,0.5409275889396667,-0.06441628932952881,0.35646510124206543,0.37400829792022705,-0.10639727115631104,0.34353259205818176,0.2635304629802704,-0.13312779366970062,0.3346020579338074,0.17137470841407776,-0.15108825266361237,0.4592095911502838,0.542477011680603,-0.05787865072488785,0.5152015089988708,0.3748997151851654,-0.10233008861541748,0.5585008859634399,0.27260395884513855,-0.1264040619134903,0.5938318967819214,0.18746373057365417,-0.13685932755470276,0.5138081312179565,0.5943194031715393,-0.05929432064294815,0.5640479326248169,0.5529389977455139,-0.11850950121879578,0.5237860679626465,0.6519667506217957,-0.12326502799987793,0.48981913924217224,0.7062610983848572,-0.11004085838794708,0.5505388975143433,0.6672970056533813,-0.06679584830999374,0.5825833678245544,0.6437183022499084,-0.114864781498909,0.545426070690155,0.7177819609642029,-0.11296490579843521,0.5100038647651672,0.7585831880569458,-0.10033676028251648,0.986008414559079,1.9853307699439888,1.945444712416719,0.6452197386775975,0.528843372997027,1.1929196799836992,0.6551280214858667,1.456728541149271,peace
0.4523559510707855,0.9312438368797302,1.49375546243391e-06,0.38784265518188477,0.8615642786026001,-0.07500771433115005,0.38791126012802124,0.7459293603897095,-0.11203404515981674,0.47939690947532654,0.6647611856460571,-0.14194418489933014,0.549217164516449,0.5969334840774536,-0.16765336692333221,0.3775896430015564,0.5407056212425232,-0.07061609625816345,0.3518334627151489,0.3760756254196167,-0.11326176673173904,0.33812838792800903,0.26622122526168823,-0.14043621718883514,0.3291255831718445,0.17449620366096497,-0.1591883897781372,0.45674118399620056,0.5405535101890564,-0.06246232986450195,0.5104544162750244,0.37383759021759033,-0.1069696769118309,0.5525592565536499,0.27135753631591797,-0.1316293627023697,0.5873271226882935,0.1862286627292633,-0.1432829350233078,0.5120740532875061,0.592836320400238,-0.06239686161279678,0.5614889860153198,0.5510591864585876,-0.12188147753477097,0.5223048329353333,0.6487773656845093,-0.1284916251897812,0.48923948407173157,0.703902542591095,-0.11731522530317307,0.549699604511261,0.6671062111854553,-0.06865572184324265,0.5789824724197388,0.6476075053215027,-0.11879461258649826,0.5418089628219604,0.7211992740631104,-0.11979517340660095,0.5065511465072632,0.7627915143966675,-0.10957618802785873,0.9763850942752664,1.9790539766452715,1.9474979473627232,0.6532385641628772,0.5260242200609904,1.2040327475641008,0.6544645273169292,1.4738483006936074,peace
0.5405756831169128,0.834330677986145,-3.915321258318727e-07,0.500114917755127,0.6619191765785217,0.0067479792051017284,0.4267716407775879,0.48302116990089417,-0.01089076790958643,0.3980366587638855,0.337386816740036,-0.030502842739224434,0.4109652042388916,0.21912610530853271,-0.051895737648010254,0.35063228011131287,0.4662708640098572,-0.054249104112386703,0.20855216681957245,0.5486390590667725,-0.0821828544139862,0.24797655642032623,0.583444356918335,-0.09226898103952408,0.29253867268562317,0.5629750490188599,-0.09775792807340622,0.3400087356567383,0.5683749318122864,-0.07484719902276993,0.195644810795784,0.6591876745223999,-0.09375133365392685,0.2426954209804535,0.680352509021759,-0.0839117020368576,0.29456445574760437,0.6584490537643433,-0.08024782687425613,0.33375635743141174,0.681526243686676,-0.09295575320720673,0.21784551441669464,0.7663425803184509,-0.10246311128139496,0.2616676390171051,0.7808812260627747,-0.07731943577528,0.30680328607559204,0.7543516755104065,-0.06569072604179382,0.3303108215332031,0.7941951155662537,-0.11090421676635742,0.25137728452682495,0.8616366386413574,-0.11510656028985977,0.29957306385040283,0.8701703548431396,-0.09468963742256165,0.3427935242652893,0.8437490463256836,-0.0800078958272934,1.8477593648181145,1.1142288562764548,0.9164365056057402,0.7488272243681225,0.6255182753076453,1.0736344060478697,0.2843704907764711,0.5608286089780383,thumbs_up
0.5368431806564331,0.8341578245162964,-3.695000714287744e-07,0.49682337045669556,0.6631119251251221,0.0069373357109725475,0.42448341846466064,0.4899559020996094,-0.011226772330701351,0.3950813412666321,0.3465902805328369,-0.03147977218031883,0.40905654430389404,0.22647464275360107,-0.053863752633333206,0.3478478491306305,0.47244781255722046,-0.05471327155828476,0.20729996263980865,0.5537100434303284,-0.07976941764354706,0.245326429605484,0.5911284685134888,-0.08624280989170074,0.2902703881263733,0.574216902256012,-0.08885082602500916,0.3357372283935547,0.5756126642227173,-0.07402579486370087,0.19748227298259735,0.6674234867095947,-0.09094282984733582,0.24493840336799622,0.6891381740570068,-0.07971303910017014,0.29661405086517334,0.6688985228538513,-0.07513372600078583,0.3285006582736969,0.6911507248878479,-0.09032411128282547,0.21474343538284302,0.7720788717269897,-0.09907451272010803,0.25934696197509766,0.7890019416809082,-0.0741058886051178,0.3056562542915344,0.7658789157867432,-0.06250816583633423,0.32389429211616516,0.8065147399902344,-0.10598988831043243,0.24374744296073914,0.8664118647575378,-0.10981091111898422,0.2926219403743744,0.878334105014801,-0.08871236443519592,0.3370157480239868,0.8570389747619629,-0.0732029527425766,1.85611443032705,1.0992361722205062,0.8966550461493041,0.7415799548617049,0.6373809323158605,1.0992244609304038,0.2855175279950009,0.5730565752244242,thumbs_up
0.5372391939163208,0.843132495880127,-4.2267507183169073e-07,0.4978524446487427,0.6745547652244568,0.008018863387405872,0.4241432547569275,0.4990687966346741,-0.009914075024425983,0.39331522583961487,0.35522550344467163,-0.03018621727824211,0.4096837639808655,0.23699185252189636,-0.05230213329195976,0.3481190502643585,0.48091384768486023,-0.05539967864751816,0.2094612419605255,0.5624051690101624,-0.08210780471563339,0.24857456982135773,0.5996280908584595,-0.08952772617340088,0.29349851608276367,0.5810753107070923,-0.0929587185382843,0.33617863059043884,0.5804714560508728,-0.07640735059976578,0.19709718227386475,0.6709377765655518,-0.09540574252605438,0.24354460835456848,0.693023145198822,-0.08447498083114624,0.29550591111183167,0.67237788438797,-0.07939497381448746,0.32932159304618835,0.6932703256607056,-0.09443121403455734,0.21497178077697754,0.7770752906799316,-0.10467568039894104,0.2604964077472687,0.7927724123001099,-0.07948949933052063,0.30681174993515015,0.7667871117591858,-0.06741226464509964,0.32588255405426025,0.80714350938797,-0.11191213130950928,0.24806219339370728,0.870257556438446,-0.1168375015258789,0.29811233282089233,0.8805977702140808,-0.09632664918899536,0.3420729637145996,0.8562643527984619,-0.08120676875114441,1.831031642684449,1.0891655521534422,0.9025951736125449,0.742085350482096,0.6238560272114186,1.0764275839091126,0.27195451666785625,0.5587752785467633,thumbs_up
0.5356975793838501,0.841313362121582,-4.3124654780513083e-07,0.4979080259799957,0.6750187277793884,0.0051172049716115,0.42543402314186096,0.5021053552627563,-0.01221192441880703,0.39459341764450073,0.3597744405269623,-0.030970847234129906,0.40368887782096863,0.2412692904472351,-0.051537856459617615,0.35196641087532043,0.47887712717056274,-0.055732544511556625,0.20555709302425385,0.5584194660186768,-0.0823538675904274,0.24141407012939453,0.599490761756897,-0.08974575251340866,0.2873392701148987,0.5853968858718872,-0.09298720210790634,0.3395058810710907,0.5790486931800842,-0.07437413930892944,0.19211280345916748,0.6684362292289734,-0.09367884695529938,0.23990780115127563,0.6947948932647705,-0.08264412730932236,0.29362910985946655,0.675183892250061,-0.07767699658870697,0.33206993341445923,0.6915244460105896,-0.09050534665584564,0.20718981325626373,0.7701352834701538,-0.10231224447488785,0.2537382245063782,0.7902233004570007,-0.07656989991664886,0.3021077811717987,0.7681680917739868,-0.06368102133274078,0.3286856710910797,0.8044472932815552,-0.10620810091495514,0.24338433146476746,0.8660333752632141,-0.11401831358671188,0.2920447289943695,0.8783647418022156,-0.09456901997327805,0.3363116681575775,0.8558624982833862,-0.0797114223241806,1.8357049608230205,1.09728200898084,0.9042102049527503,0.7530446822510865,0.6407952521157577,1.0885929373362455,0.2718341831788056,0.5527882803984783,thumbs_up
0.5337047576904297,0.8320093154907227,-4.0284066926687956e-07,0.49447572231292725,0.6595146059989929,0.009057411924004555,0.42415669560432434,0.48604869842529297,-0.007379536982625723,0.39295291900634766,0.34484949707984924,-0.02594796195626259,0.4045223593711853,0.22797909379005432,-0.04705492779612541,0.346082866191864,0.4728575050830841,-0.05291281268000603,0.20678669214248657,0.5514607429504395,-0.07577180862426758,0.24117395281791687,0.5894227027893066,-0.0809457004070282,0.2850545644760132,0.5771211385726929,-0.0832054540514946,0.33370715379714966,0.5744910836219788,-0.07361295074224472,0.18992115557193756,0.6600255370140076,-0.08964383602142334,0.23802074790000916,0.6831657886505127,-0.07834381610155106,0.29198411107063293,0.6657012104988098,-0.07378244400024414,0.32810407876968384,0.6880633234977722,-0.09085425734519958,0.2049657106399536,0.7653602957725525,-0.10019586235284805,0.2539902925491333,0.7806355953216553,-0.07473128288984299,0.30360615253448486,0.7582694292068481,-0.0627950131893158,0.32767733931541443,0.8014985918998718,-0.10714046657085419,0.24306614696979523,0.8614294528961182,-0.11301916092634201,0.2940700650215149,0.8687392473220825,-0.09229578077793121,0.3394821882247925,0.8437604308128357,-0.07704702764749527,1.8532495005407295,1.0939612233805491,0.9050888925575189,0.7468648226366947,0.6260767911886033,1.1092415347463895,0.2672985717590635,0.5513995022784395,thumbs_up
0.5333678722381592,0.828969419002533,-4.0765974063106114e-07,0.49631744623184204,0.6560686826705933,0.009796292521059513,0.42616021633148193,0.4819958806037903,-0.007154235616326332,0.3941759169101715,0.33846399188041687,-0.026753954589366913,0.4017431437969208,0.22177228331565857,-0.049342673271894455,0.3489835858345032,0.46749746799468994,-0.055726755410432816,0.20846784114837646,0.534558117389679,-0.0792861133813858,0.2350180298089981,0.5755539536476135,-0.08446978032588959,0.27437329292297363,0.5675287246704102,-0.08702168613672256,0.3357812762260437,0.5673055052757263,-0.07759509235620499,0.18933691084384918,0.6473692655563354,-0.09381620585918427,0.23219916224479675,0.6743640899658203,-0.0815986841917038,0.28433239459991455,0.6587119698524475,-0.07672739773988724,0.3289702534675598,0.6797513365745544,-0.09604320675134659,0.20555973052978516,0.757244348526001,-0.10433521866798401,0.25122907757759094,0.773147702217102,-0.07772275060415268,0.2993567883968353,0.7501465082168579,-0.06584028154611588,0.32742953300476074,0.7931467294692993,-0.11365073919296265,0.24147893488407135,0.8538002967834473,-0.11860570311546326,0.28995653986930847,0.8617767095565796,-0.09744617342948914,0.33463266491889954,0.83636474609375,-0.08266803622245789,1.8497414625039876,1.1223176479663581,0.9238286107404383,0.7584578972781372,0.6391901709688017,1.0992747312669464,0.2739382119582545,0.5482601786827764,thumbs_up
0.5356897711753845,0.8322466015815735,-3.9235490589817346e-07,0.49603939056396484,0.6622899770736694,0.004467376507818699,0.4223238527774811,0.4827248454093933,-0.014989838004112244,0.39151862263679504,0.3351078927516937,-0.03569436073303223,0.40300312638282776,0.21386787295341492,-0.05837302654981613,0.3477087616920471,0.4656083881855011,-0.05906692147254944,0.20560096204280853,0.5469033122062683,-0.08786306530237198,0.24252399802207947,0.585464358329773,-0.09732414782047272,0.28659334778785706,0.5677982568740845,-0.10211237519979477,0.3348724842071533,0.5680004358291626,-0.07896923273801804,0.1899321973323822,0.6565927863121033,-0.09941892325878143,0.2373148500919342,0.6806440949440002,-0.0891202911734581,0.2902620732784271,0.6599265336990356,-0.08458931744098663,0.3277769684791565,0.6825697422027588,-0.09632835537195206,0.2078176736831665,0.7632396817207336,-0.10879553109407425,0.2541101276874542,0.7802649736404419,-0.08319199830293655,0.3013482987880707,0.7542617917060852,-0.0705893337726593,0.3246346414089203,0.7960608005523682,-0.11329403519630432,0.24350586533546448,0.8593331575393677,-0.12051703035831451,0.2935815453529358,0.870421290397644,-0.10002252459526062,0.3375461995601654,0.8454868793487549,-0.08468785881996155,1.861711117710762,1.106139474101162,0.9133050143036291,0.7529199115795464,0.6328086063044525,1.0996044155794584,0.27509549403217237,0.5612904810185877,thumbs_up
0.5368553400039673,0.8348509669303894,-3.9692383779765805e-07,0.49566081166267395,0.6631648540496826,0.007856851443648338,0.42181333899497986,0.4864693284034729,-0.009936760179698467,0.3931950330734253,0.34113675355911255,-0.029901031404733658,0.4066653549671173,0.2229350209236145,-0.051663391292095184,0.35054802894592285,0.46551603078842163,-0.05565820634365082,0.20792365074157715,0.5412893295288086,-0.08341633528470993,0.2452867329120636,0.5791762471199036,-0.0921630933880806,0.2905827760696411,0.5628916025161743,-0.09604087471961975,0.3367525339126587,0.567164957523346,-0.07619886845350266,0.1941436529159546,0.6544601917266846,-0.09633531421422958,0.24264973402023315,0.6775344014167786,-0.08583641797304153,0.2967991530895233,0.6580483913421631,-0.0806393250823021,0.32800403237342834,0.6815706491470337,-0.09382282942533493,0.21090850234031677,0.7626198530197144,-0.10428556799888611,0.25881290435791016,0.779144287109375,-0.07815534621477127,0.3071461617946625,0.7556440830230713,-0.0651014968752861,0.32335615158081055,0.7967771291732788,-0.11091934889554977,0.24329674243927002,0.8573712110519409,-0.11516722291707993,0.2941029667854309,0.8677738308906555,-0.09335907548666,0.3386280834674835,0.8437818288803101,-0.07709665596485138,1.8312808998396592,1.10638826824218,0.9009954542721974,0.7338393947872802,0.6210229268711828,1.0559285049962992,0.2817930699827646,0.555498161275241,thumbs_up
0.5347580909729004,0.8337888121604919,-4.0580997051620216e-07,0.4932910203933716,0.6633855104446411,0.008251067250967026,0.42227140069007874,0.48664700984954834,-0.011693794280290604,0.3936358690261841,0.3420643210411072,-0.03355037420988083,0.40753018856048584,0.22224369645118713,-0.057996273040771484,0.35286879539489746,0.47276178002357483,-0.06538455188274384,0.2100220024585724,0.5485634207725525,-0.0903252586722374,0.2446756511926651,0.5870054364204407,-0.09389852732419968,0.28767186403274536,0.5731238126754761,-0.09518428146839142,0.3405241072177887,0.5734733939170837,-0.0869976356625557,0.19625452160835266,0.6592555046081543,-0.10547252744436264,0.24372687935829163,0.6826385855674744,-0.09212590754032135,0.2973148822784424,0.664425790309906,-0.08644120395183563,0.33335357904434204,0.6872029304504395,-0.10468564927577972,0.2113570272922516,0.7633811235427856,-0.11426123976707458,0.25944995880126953,0.7801902294158936,-0.0870010107755661,0.3086457848548889,0.7564834356307983,-0.07464045286178589,0.32986244559288025,0.8019340634346008,-0.12149354815483093,0.24716132879257202,0.8596498370170593,-0.12670698761940002,0.2966742515563965,0.8684815168380737,-0.1056646853685379,0.34049129486083984,0.8446742296218872,-0.09098834544420242,1.8656857774212583,1.105034212563509,0.9046873683667581,0.7445417329394017,0.638806552884452,1.108263192689959,0.2742803200210173,0.5513947867850493,thumbs_up
0.5390591025352478,0.8388744592666626,-4.038656413740682e-07,0.49970752000808716,0.668949544429779,0.00685444101691246,0.4270545542240143,0.4929640591144562,-0.010661291889846325,0.3976444900035858,0.3496086895465851,-0.030109375715255737,0.41026777029037476,0.23155000805854797,-0.05150988698005676,0.35576727986335754,0.4757993221282959,-0.05397569760680199,0.21587318181991577,0.5476999878883362,-0.08113083243370056,0.248943492770195,0.5881210565567017,-0.09034769982099533,0.2919755280017853,0.5736535787582397,-0.09539622813463211,0.3407498598098755,0.5746618509292603,-0.07432644069194794,0.19791439175605774,0.6583108901977539,-0.0940278097987175,0.24509140849113464,0.6843765377998352,-0.08440922200679779,0.29845720529556274,0.6651495099067688,-0.08019305765628815,0.3322371542453766,0.6862810254096985,-0.09193407744169235,0.2130129337310791,0.7651907205581665,-0.10339222848415375,0.2608296275138855,0.781764030456543,-0.07850401848554611,0.3088967800140381,0.7563652396202087,-0.06638575345277786,0.32884860038757324,0.7978286743164062,-0.10904589295387268,0.2489473521709442,0.8602297902107239,-0.11527986079454422,0.2985016107559204,0.8688651323318481,-0.09522820264101028,0.3421693444252014,0.8425120115280151,-0.08043576776981354,1.8397413771878637,1.106932706995749,0.9078440808190147,0.7482145698769029,0.6281987586098481,1.0768241845897575,0.27457945352230895,0.5394622455253705,thumbs_up
0.5342192649841309,0.8275237679481506,-4.1560258523531957e-07,0.4984389543533325,0.659668505191803,0.007357505615800619,0.4268268644809723,0.48559868335723877,-0.010419459082186222,0.3957071006298065,0.34412387013435364,-0.02992205135524273,0.40881502628326416,0.22813326120376587,-0.05159689113497734,0.3582537770271301,0.4703463017940521,-0.06258061528205872,0.2115555703639984,0.542451798915863,-0.08901235461235046,0.24567490816116333,0.5797958970069885,-0.09410551190376282,0.29027295112609863,0.5681902170181274,-0.09559869766235352,0.34631404280662537,0.5723194479942322,-0.08291653543710709,0.19811730086803436,0.6532220244407654,-0.10397008061408997,0.24733459949493408,0.6747557520866394,-0.09143013507127762,0.3023836314678192,0.6579065322875977,-0.08485309034585953,0.3391566276550293,0.6850693225860596,-0.09976331889629364,0.21458855271339417,0.7572736740112305,-0.11223356425762177,0.2633005380630493,0.7724905014038086,-0.08462680131196976,0.3129749894142151,0.7511110901832581,-0.07032397389411926,0.33566802740097046,0.7976361513137817,-0.11574776470661163,0.250210702419281,0.8524962067604065,-0.12277302891016006,0.3007141947746277,0.8601220846176147,-0.10147643834352493,0.34549546241760254,0.8368585705757141,-0.08561017364263535,1.8759536824791567,1.1253489160304877,0.9143496117650134,0.7460732595300876,0.633246986008509,1.1075052537056143,0.27829395587306954,0.5619067714161815,thumbs_up
0.538374125957489,0.8326737880706787,-4.292278106277081e-07,0.5003595352172852,0.6631451845169067,0.009141316637396812,0.42898163199424744,0.4876466393470764,-0.008349216543138027,0.3990054726600647,0.3453991413116455,-0.027882983908057213,0.4129711389541626,0.23036876320838928,-0.04958580434322357,0.35833051800727844,0.46670234203338623,-0.059243619441986084,0.21709774434566498,0.5344095230102539,-0.08608397096395493,0.24965599179267883,0.5754725337028503,-0.09288565814495087,0.2930351197719574,0.5630122423171997,-0.09614180773496628,0.3438316285610199,0.5658299922943115,-0.08153720200061798,0.19924774765968323,0.646051287651062,-0.10166540741920471,0.2468932867050171,0.6731392741203308,-0.08977410942316055,0.30128270387649536,0.6558173894882202,-0.08382417261600494,0.33550187945365906,0.6789124608039856,-0.10046607255935669,0.21318964660167694,0.7548508644104004,-0.11126859486103058,0.261643648147583,0.7727060914039612,-0.08413130044937134,0.3104117810726166,0.7487832903862,-0.0708267018198967,0.33256685733795166,0.7929791212081909,-0.11861908435821533,0.24944403767585754,0.8540328741073608,-0.12458041310310364,0.2983844578266144,0.8631782531738281,-0.10350821167230606,0.34174272418022156,0.8377091884613037,-0.0881163701415062,1.8145470338271612,1.108426590110684,0.9038277842774387,0.7438603590431534,0.6336375647307249,1.0485300359601073,0.2762954297578117,0.5479565742711165,thumbs_up
0.5376968383789062,0.8342550992965698,-4.417565833136905e-07,0.4982736110687256,0.6667346954345703,0.011311938054859638,0.42982161045074463,0.4898621439933777,-0.006662838160991669,0.39955219626426697,0.3450109660625458,-0.026850625872612,0.41032397747039795,0.2258320450782776,-0.04939231276512146,0.3596477210521698,0.4662531018257141,-0.05870253965258598,0.21723541617393494,0.538939356803894,-0.08081483095884323,0.24819758534431458,0.5821532607078552,-0.08298368752002716,0.2884364128112793,0.569321870803833,-0.0839102491736412,0.3466651439666748,0.5613669753074646,-0.08099967986345291,0.19956929981708527,0.6493828296661377,-0.09712953120470047,0.24659568071365356,0.6777281761169434,-0.08268555253744125,0.2995101809501648,0.6583973169326782,-0.07640092819929123,0.3389516770839691,0.6731600761413574,-0.09932038933038712,0.21205876767635345,0.7542142271995544,-0.1062641516327858,0.2607789933681488,0.7736128568649292,-0.07825098931789398,0.3093408942222595,0.7481918334960938,-0.06626415252685547,0.3352067172527313,0.7859240174293518,-0.11663755029439926,0.25143933296203613,0.8530592918395996,-0.12051238119602203,0.3008415102958679,0.8637138605117798,-0.09995812922716141,0.34389728307724,0.8369584679603577,-0.08614441007375717,1.818971521899161,1.0889559044097372,0.8919397899157505,0.737632246147716,0.6186994498419098,1.067937177032153,0.26274966956905843,0.537470092229044,thumbs_up
0.5376447439193726,0.8329042792320251,-3.954643830184068e-07,0.4970141053199768,0.6631988286972046,0.008266699500381947,0.42765259742736816,0.48705631494522095,-0.010023259557783604,0.39914876222610474,0.34503090381622314,-0.030459435656666756,0.4128524661064148,0.22933971881866455,-0.05317552015185356,0.35849618911743164,0.4703737497329712,-0.058147285133600235,0.2156670093536377,0.5433490872383118,-0.08659141510725021,0.25229698419570923,0.5792887806892395,-0.09550757706165314,0.2985849678516388,0.5636404752731323,-0.09975668787956238,0.3453439474105835,0.5694375038146973,-0.08001374453306198,0.19758544862270355,0.6488308310508728,-0.10064835846424103,0.24560517072677612,0.6727679371833801,-0.09027566015720367,0.30070093274116516,0.6564578413963318,-0.08557231724262238,0.3381441533565521,0.6809459328651428,-0.0987202525138855,0.211796373128891,0.7557138800621033,-0.11051186174154282,0.2594725489616394,0.7722043395042419,-0.08435223251581192,0.30933380126953125,0.7499620914459229,-0.07150524109601974,0.3355690538883209,0.7930910587310791,-0.11672313511371613,0.24947622418403625,0.8555840253829956,-0.12338273227214813,0.2988991141319275,0.8638237714767456,-0.102831169962883,0.34345144033432007,0.838371992111206,-0.08769948035478592,1.8419379839698538,1.1124991952352383,0.9157829197016866,0.7539485799394385,0.6346469262527061,1.0610240071939467,0.2796426342918343,0.5564401534079173,thumbs_up
0.5374447107315063,0.8360921144485474,-4.241798023940646e-07,0.49821341037750244,0.6666288375854492,0.008382382802665234,0.4280203580856323,0.4890649914741516,-0.009030199609696865,0.39768481254577637,0.3470763862133026,-0.028354335576295853,0.4075814187526703,0.22989246249198914,-0.049636274576187134,0.3576906621456146,0.46888116002082825,-0.05772750452160835,0.2152257263660431,0.5384219884872437,-0.08256300538778305,0.24610362946987152,0.5801485180854797,-0.08709245175123215,0.2880750000476837,0.5686172842979431,-0.08896934241056442,0.3439125716686249,0.5675184726715088,-0.07940048724412918,0.19613365828990936,0.6468990445137024,-0.09829242527484894,0.24384257197380066,0.6756885647773743,-0.08548137545585632,0.2974151074886322,0.6593167185783386,-0.07926096022129059,0.336548775434494,0.6798796057701111,-0.09779201447963715,0.20987500250339508,0.7554715275764465,-0.10854499787092209,0.25903797149658203,0.7747969627380371,-0.0808921828866005,0.30780985951423645,0.7516000270843506,-0.06745119392871857,0.3346693217754364,0.7926067113876343,-0.11537580192089081,0.24696870148181915,0.8512499332427979,-0.12207871675491333,0.29669058322906494,0.8616398572921753,-0.1009507030248642,0.3405114412307739,0.8369295597076416,-0.08562692999839783,1.826925554697993,1.10553492065696,0.9060858779025864,0.7455672067694362,0.630807298227061,1.0614140266607366,0.2693502132670578,0.5371977113019647,thumbs_up
0.5357861518859863,0.8351547718048096,-4.0934051526164694e-07,0.4956183135509491,0.6645428538322449,0.008482652716338634,0.42645764350891113,0.4878096878528595,-0.00882601086050272,0.3983774781227112,0.34544795751571655,-0.028255537152290344,0.40978890657424927,0.22961947321891785,-0.04964893311262131,0.3570966422557831,0.47092205286026,-0.05610770359635353,0.21582354605197906,0.5407552719116211,-0.08098454028367996,0.24653221666812897,0.580897331237793,-0.08629829436540604,0.28770309686660767,0.5697818398475647,-0.08873109519481659,0.34244900941848755,0.568803071975708,-0.07786370813846588,0.19567611813545227,0.6488211750984192,-0.09739112854003906,0.2430170476436615,0.6757100224494934,-0.08603711426258087,0.2968043386936188,0.658667266368866,-0.08046530932188034,0.33456674218177795,0.6804560422897339,-0.09630636125802994,0.2091357707977295,0.7565634250640869,-0.10815417766571045,0.25779786705970764,0.7731831669807434,-0.08194787800312042,0.30666565895080566,0.7488941550254822,-0.06894440948963165,0.33219772577285767,0.7920812964439392,-0.11392301321029663,0.2484574168920517,0.8531101942062378,-0.12136323004961014,0.29811254143714905,0.8620625138282776,-0.10097769647836685,0.34183868765830994,0.8360656499862671,-0.08590663224458694,1.8346435810748114,1.105684733587023,0.9100568027798237,0.7520274044449358,0.627194710109265,1.0748196485448107,0.2653136918028608,0.5413983699400556,thumbs_up
0.5372553467750549,0.8323053121566772,-4.292454889309738e-07,0.4978078007698059,0.6627960801124573,0.009569366462528706,0.425918310880661,0.48777028918266296,-0.007186076138168573,0.39635273814201355,0.3462580144405365,-0.026574712246656418,0.41124385595321655,0.23058408498764038,-0.0476149320602417,0.3545758128166199,0.46419376134872437,-0.053711898624897,0.20873211324214935,0.5377949476242065,-0.08276911079883575,0.24613595008850098,0.5775055885314941,-0.09144993126392365,0.2936286926269531,0.5631349086761475,-0.09484883397817612,0.3427165746688843,0.5645191073417664,-0.07582111656665802,0.19481095671653748,0.6480252146720886,-0.09815152734518051,0.2453940510749817,0.6728203296661377,-0.08752014487981796,0.30078059434890747,0.6546274423599243,-0.08137815445661545,0.3361523151397705,0.6776303648948669,-0.09510651975870132,0.21277186274528503,0.7583755254745483,-0.10804643481969833,0.26110678911209106,0.774651050567627,-0.08143074065446854,0.3099925220012665,0.7505343556404114,-0.06711038947105408,0.33441483974456787,0.7908592224121094,-0.1136343702673912,0.24838092923164368,0.8533885478973389,-0.11956670880317688,0.29822319746017456,0.862858235836029,-0.09782402217388153,0.3425270617008209,0.8382306694984436,-0.08118652552366257,1.8158989634827076,1.1050530223969104,0.9034414615360694,0.7382283255843115,0.6215538723877633,1.0480633438488487,0.27315852221215803,0.5545025450139082,thumbs_up
0.5371536016464233,0.8363465666770935,-4.116116940622305e-07,0.4946528673171997,0.6646493077278137,0.00843085441738367,0.4234907627105713,0.4847036302089691,-0.010488958097994328,0.39525681734085083,0.33985573053359985,-0.031429048627614975,0.4090217351913452,0.22154462337493896,-0.05436643585562706,0.35321590304374695,0.4665949046611786,-0.060823533684015274,0.21045619249343872,0.5446621775627136,-0.08762940019369125,0.24896934628486633,0.5828792452812195,-0.09371598809957504,0.294463187456131,0.5664147734642029,-0.09638918191194534,0.33992260694503784,0.5664327144622803,-0.08307207375764847,0.19366997480392456,0.6518017053604126,-0.10266516357660294,0.2431012988090515,0.6762056350708008,-0.09054988622665405,0.29714828729629517,0.6579271554946899,-0.08496683835983276,0.332571804523468,0.679988443851471,-0.10183697938919067,0.21009664237499237,0.7586489915847778,-0.11210113018751144,0.25917744636535645,0.7738156914710999,-0.0848841667175293,0.3078411817550659,0.7486646771430969,-0.07195494323968887,0.3293996751308441,0.7944358587265015,-0.11987963318824768,0.24571684002876282,0.8539599776268005,-0.12523092329502106,0.2960285246372223,0.8615646362304688,-0.10363010317087173,0.33985358476638794,0.836567223072052,-0.08802641183137894,1.8299784959826344,1.0903031645126693,0.9025465753506275,0.7426953878535425,0.627195840843016,1.0620019899599233,0.26784128387053163,0.5332905156199431,thumbs_up
0.5353305339813232,0.8376781940460205,-3.839860198695533e-07,0.4955930709838867,0.6654015183448792,0.005517684388905764,0.42452776432037354,0.4872363209724426,-0.012815693393349648,0.39665716886520386,0.34322068095207214,-0.03265143185853958,0.4111357033252716,0.22551435232162476,-0.054086074233055115,0.354542076587677,0.46783676743507385,-0.05888510122895241,0.2088840901851654,0.5420392751693726,-0.08715260028839111,0.24624033272266388,0.5794011950492859,-0.09493715316057205,0.2919604778289795,0.5640708804130554,-0.0979846715927124,0.34034907817840576,0.5712798237800598,-0.07846874743700027,0.19317524135112762,0.6549575924873352,-0.09984742850065231,0.24371370673179626,0.6786222457885742,-0.08876506984233856,0.29851794242858887,0.6599470376968384,-0.08289114385843277,0.33141958713531494,0.6862465739250183,-0.09522385895252228,0.20953369140625,0.7637381553649902,-0.10798224806785583,0.2580222189426422,0.7798480987548828,-0.0815245732665062,0.30681851506233215,0.7570229768753052,-0.06757811456918716,0.32699206471443176,0.8006333112716675,-0.11147356033325195,0.24434618651866913,0.8584975004196167,-0.1180279329419136,0.29506367444992065,0.8680847883224487,-0.09669522196054459,0.3400897979736328,0.8445507287979126,-0.08036616444587708,1.847685239175789,1.117105682621578,0.9061210174324794,0.7413894317012785,0.622541047569335,1.0656168975408669,0.28667861808154704,0.5577001253641259,thumbs_up
0.5315547585487366,0.8330680131912231,-3.3478636396466754e-07,0.4915654957294464,0.661729097366333,0.006526481825858355,0.4202379882335663,0.4828778803348541,-0.013374488800764084,0.39159420132637024,0.33780530095100403,-0.03469253331422806,0.4074454605579376,0.2207951843738556,-0.057939037680625916,0.34944623708724976,0.47435644268989563,-0.06389659643173218,0.20763948559761047,0.5515044927597046,-0.09185563772916794,0.24669934809207916,0.5826147794723511,-0.09922271966934204,0.29109254479408264,0.5649692416191101,-0.10203802585601807,0.33508560061454773,0.5793900489807129,-0.0839720144867897,0.19122806191444397,0.6615433692932129,-0.10391268879175186,0.24076524376869202,0.6791748404502869,-0.09243310242891312,0.2941973805427551,0.6606131196022034,-0.08705555647611618,0.32675105333328247,0.6939294934272766,-0.10048842430114746,0.20935338735580444,0.7680128812789917,-0.11096251010894775,0.2564581334590912,0.7811598777770996,-0.0843048095703125,0.3047809302806854,0.7578010559082031,-0.07115625590085983,0.3222196102142334,0.8068442344665527,-0.1163245290517807,0.24144823849201202,0.8608566522598267,-0.11993680149316788,0.29149577021598816,0.869524359703064,-0.09726827591657639,0.3356771767139435,0.8469057083129883,-0.08085837215185165,1.8916605528266237,1.128574837273954,0.9227131755868707,0.7516774008868089,0.6402816670577989,1.1034366502131923,0.29203795035407026,0.5757398429410602,thumbs_up
0.5327702164649963,0.8405129909515381,-4.0031730463852e-07,0.4935306906700134,0.6679931879043579,0.006282942835241556,0.41946539282798767,0.48781275749206543,-0.012397457845509052,0.3915463984012604,0.3419709801673889,-0.03294197469949722,0.4077907204627991,0.22215712070465088,-0.05541311576962471,0.34870076179504395,0.47142040729522705,-0.058214619755744934,0.20418687164783478,0.5500576496124268,-0.08679208904504776,0.24261999130249023,0.5880391597747803,-0.09624145179986954,0.28800031542778015,0.5701678991317749,-0.10096348822116852,0.336489737033844,0.5753429532051086,-0.07885157316923141,0.19099539518356323,0.6608999967575073,-0.09947578608989716,0.2394435703754425,0.6825409531593323,-0.08909916877746582,0.29318419098854065,0.6612296104431152,-0.08442719280719757,0.32884645462036133,0.6894835233688354,-0.09671712666749954,0.20799843966960907,0.7651240229606628,-0.10877273231744766,0.2547450363636017,0.7809402942657471,-0.08239863067865372,0.3025532364845276,0.7559505701065063,-0.06897404789924622,0.3244764506816864,0.8034642934799194,-0.11415847390890121,0.23995788395404816,0.8591706156730652,-0.12059580534696579,0.28973984718322754,0.8690799474716187,-0.09907888621091843,0.33500173687934875,0.846167802810669,-0.08286068588495255,1.8669843478633847,1.1155752756777089,0.9166195099583909,0.751083493433434,0.6323622914756213,1.09332012057967,0.2732752049620751,0.5589955827054514,thumbs_up
0.5286171436309814,0.8371239304542542,-3.715093441769568e-07,0.49041542410850525,0.6684879064559937,0.006067140027880669,0.418836385011673,0.49019014835357666,-0.013082265853881836,0.3905960023403168,0.34451594948768616,-0.03382311016321182,0.40614473819732666,0.22599852085113525,-0.05629904568195343,0.34630662202835083,0.4749568700790405,-0.05973880738019943,0.20295090973377228,0.5555088520050049,-0.08808907866477966,0.24290364980697632,0.5899413228034973,-0.09652391076087952,0.28818759322166443,0.5722702145576477,-0.0999797061085701,0.3335799276828766,0.5778955817222595,-0.07903777062892914,0.18982426822185516,0.6664822697639465,-0.0991106927394867,0.23981931805610657,0.6847054958343506,-0.08819103240966797,0.29359549283981323,0.6645024418830872,-0.08295940607786179,0.3260864019393921,0.6918413639068604,-0.09530335664749146,0.20816949009895325,0.7704426050186157,-0.10685182362794876,0.25611191987991333,0.784751832485199,-0.08139391988515854,0.3051104247570038,0.760826587677002,-0.06850636005401611,0.3215031921863556,0.8049269318580627,-0.11097250133752823,0.2423311471939087,0.8643605709075928,-0.11616870015859604,0.29342395067214966,0.8731991648674011,-0.09529075771570206,0.33865606784820557,0.8493041396141052,-0.07959708571434021,1.8742794494398716,1.1123703821080364,0.9079950978738528,0.7364742592831253,0.6179264178237307,1.1033682375328413,0.2813611048827134,0.5697756093353223,thumbs_up
0.5273082256317139,0.8372738361358643,-3.5634110417959164e-07,0.487295925617218,0.6654307246208191,0.006731517147272825,0.4152902364730835,0.48791515827178955,-0.012468297965824604,0.390127569437027,0.3445751667022705,-0.03336479142308235,0.4054732024669647,0.22754120826721191,-0.05657285451889038,0.3439176082611084,0.4791276454925537,-0.0621294230222702,0.2017739713191986,0.5511853098869324,-0.09045238047838211,0.24022775888442993,0.5860930681228638,-0.09952273219823837,0.2871316373348236,0.5711946487426758,-0.10375441610813141,0.3320617079734802,0.5857181549072266,-0.08288069814443588,0.18857765197753906,0.6627093553543091,-0.10273396968841553,0.23744231462478638,0.6836223006248474,-0.09219195693731308,0.29233649373054504,0.6678810119628906,-0.08771654218435287,0.32578301429748535,0.7009186744689941,-0.10028433054685593,0.20452643930912018,0.7702300548553467,-0.11220087856054306,0.25222247838974,0.7855643630027771,-0.08616144955158234,0.3018825948238373,0.7666531205177307,-0.07302842289209366,0.3233729302883148,0.8148493766784668,-0.11688634753227234,0.23836365342140198,0.8669056296348572,-0.12397500872612,0.28809475898742676,0.8768364191055298,-0.10233277082443237,0.3333713710308075,0.8569698333740234,-0.08601958304643631,1.8974676414929479,1.134064096226677,0.9197940119632025,0.7514425671624785,0.6475380523385624,1.1138519842700787,0.2982731548636811,0.5880563902491132,thumbs_up
0.5309336185455322,0.8434464335441589,-4.1613486700953217e-07,0.49034789204597473,0.672912061214447,0.009763065725564957,0.4148561358451843,0.4957578182220459,-0.007919981144368649,0.3840680718421936,0.35198846459388733,-0.028044860810041428,0.4010724425315857,0.233835369348526,-0.05029024928808212,0.3431641459465027,0.4789585471153259,-0.05761697143316269,0.19947998225688934,0.5605676770210266,-0.08395892381668091,0.23922044038772583,0.5975013375282288,-0.09065920114517212,0.28522390127182007,0.57848060131073,-0.09346289187669754,0.33134159445762634,0.5821471214294434,-0.07940226048231125,0.18556438386440277,0.670255720615387,-0.09806416183710098,0.23470446467399597,0.6909722685813904,-0.08566679805517197,0.28899943828582764,0.6710297465324402,-0.07983651757240295,0.32493457198143005,0.6966201066970825,-0.09774027019739151,0.20235659182071686,0.7749162316322327,-0.10738678276538849,0.2510398030281067,0.7900177240371704,-0.07983340322971344,0.30009594559669495,0.7663333415985107,-0.0663929134607315,0.3225024342536926,0.8112264275550842,-0.11532299965620041,0.2384965419769287,0.8671013116836548,-0.1199718564748764,0.2895945608615875,0.8757725954055786,-0.09775784611701965,0.33492588996887207,0.852695107460022,-0.08151829987764359,1.8486234193457773,1.1034413877830997,0.9094358901305826,0.7457894765909358,0.6281701745467522,1.0824493482294053,0.27677862191258523,0.5539775484281187,thumbs_up
0.5279326438903809,0.84173983335495,-3.587919366054848e-07,0.4848870635032654,0.6708937883377075,0.004568303935229778,0.4112109839916229,0.4936174154281616,-0.01481643971055746,0.3849620819091797,0.34914273023605347,-0.03557644039392471,0.3995862603187561,0.23077648878097534,-0.05788357928395271,0.33742812275886536,0.4788000285625458,-0.05885063484311104,0.19484294950962067,0.5634635090827942,-0.08698698878288269,0.2348417043685913,0.5988559722900391,-0.09564775973558426,0.28062504529953003,0.5804131031036377,-0.0996023491024971,0.3264334499835968,0.5828878879547119,-0.07844031602144241,0.18344207108020782,0.6748805642127991,-0.09861727803945541,0.2321142852306366,0.6950759291648865,-0.08835288882255554,0.2851034700870514,0.6731533408164978,-0.08392367511987686,0.32064682245254517,0.6972489356994629,-0.09537044167518616,0.20199501514434814,0.7778312563896179,-0.10736830532550812,0.24815982580184937,0.7912966012954712,-0.08206871151924133,0.2954157590866089,0.7658051252365112,-0.06932810693979263,0.3181919455528259,0.8104872703552246,-0.11194904893636703,0.2360006421804428,0.8702738285064697,-0.11824140697717667,0.2851457893848419,0.8787304759025574,-0.0973505973815918,0.32936421036720276,0.8538856506347656,-0.0815199688076973,1.8589037461828657,1.1068669250694183,0.9110913036616837,0.7537800707450342,0.6374290833043247,1.1019508836155687,0.2791804076964731,0.5517284640770828,thumbs_up
0.5251650214195251,0.8397732377052307,-3.8463474538730225e-07,0.4853561520576477,0.6706510186195374,0.006852834019809961,0.4098407030105591,0.4967570900917053,-0.01202865969389677,0.37805864214897156,0.35450980067253113,-0.03265175595879555,0.3946812152862549,0.2375974953174591,-0.05510203540325165,0.3373938798904419,0.4805923104286194,-0.06271833926439285,0.19207973778247833,0.5605043768882751,-0.09299767017364502,0.23287543654441833,0.5963311195373535,-0.10167939215898514,0.2804281413555145,0.5788848996162415,-0.10514422506093979,0.32681334018707275,0.5874525308609009,-0.08384546637535095,0.18059931695461273,0.6710860729217529,-0.10668054968118668,0.2308705747127533,0.6919057965278625,-0.09514746814966202,0.28548887372016907,0.6727880239486694,-0.08906710147857666,0.3206328749656677,0.7028173208236694,-0.10192600637674332,0.1993473619222641,0.7750031352043152,-0.11595630645751953,0.24695463478565216,0.7903845906257629,-0.08829112350940704,0.2955511808395386,0.767925500869751,-0.0732755959033966,0.31745848059654236,0.8169937133789062,-0.11930583417415619,0.2320231944322586,0.8674743175506592,-0.12673968076705933,0.28180235624313354,0.8768991231918335,-0.10442636907100677,0.326690137386322,0.8550510406494141,-0.08727583289146423,1.8648408810871584,1.123969531834056,0.9206118252451001,0.7581736275232033,0.65522801061864,1.0953925609787756,0.28760121520269527,0.563333688962464,thumbs_up
0.5257030725479126,0.8422927260398865,-4.168643101820635e-07,0.4852588176727295,0.6730822920799255,0.008123854175209999,0.41232144832611084,0.49470940232276917,-0.009583423845469952,0.382822185754776,0.35111376643180847,-0.02974846214056015,0.3939876854419708,0.23529359698295593,-0.05203071981668472,0.3396710753440857,0.4818243086338043,-0.05574847757816315,0.19745256006717682,0.5549689531326294,-0.08119764924049377,0.229800283908844,0.5951103568077087,-0.08819029480218887,0.2721293270587921,0.583044171333313,-0.09193588048219681,0.32745134830474854,0.5805171132087708,-0.07736384868621826,0.1835046112537384,0.66958087682724,-0.09632808715105057,0.23034478724002838,0.6919021606445312,-0.08586824685335159,0.28346917033195496,0.6707970499992371,-0.08151645213365555,0.3206891715526581,0.6921772956848145,-0.09585955739021301,0.20046475529670715,0.7745771408081055,-0.10722491890192032,0.24844644963741302,0.7879222631454468,-0.08178084343671799,0.2964304983615875,0.7600940465927124,-0.06958992034196854,0.3180810213088989,0.8048726916313171,-0.11363676935434341,0.23478305339813232,0.8649765253067017,-0.12037177383899689,0.2862364947795868,0.8727542161941528,-0.09932448714971542,0.33212029933929443,0.8468903303146362,-0.08391070365905762,1.8475496699999268,1.1089265545498126,0.9123232804989767,0.7508414666630104,0.6255409343633848,1.0986212813700307,0.264086595587936,0.5415659253005671,thumbs_up
0.5274753570556641,0.8421661853790283,-3.910704151621758e-07,0.4868394136428833,0.6710091829299927,0.007808673195540905,0.4118938148021698,0.4965807795524597,-0.009645774029195309,0.3808656632900238,0.3546496629714966,-0.029483096674084663,0.39538341760635376,0.2369590699672699,-0.05132670700550079,0.33923643827438354,0.48091885447502136,-0.05505787953734398,0.19571591913700104,0.5565851330757141,-0.08273059874773026,0.23128558695316315,0.5933990478515625,-0.09106762707233429,0.2764620780944824,0.5788221955299377,-0.09492535144090652,0.32681700587272644,0.5832892060279846,-0.07644365727901459,0.1823156625032425,0.6687121391296387,-0.09704325348138809,0.230452299118042,0.6892421841621399,-0.0869254618883133,0.28453806042671204,0.6692578792572021,-0.08210305124521255,0.320595920085907,0.697131872177124,-0.09496120363473892,0.20124588906764984,0.7746349573135376,-0.10802779346704483,0.24907146394252777,0.7876981496810913,-0.0823943018913269,0.2976430058479309,0.7622377276420593,-0.06910167634487152,0.3190440833568573,0.8109212517738342,-0.11277715861797333,0.23617810010910034,0.867133617401123,-0.1201331838965416,0.2872457206249237,0.8744973540306091,-0.0987665206193924,0.3328266143798828,0.8495626449584961,-0.08242329210042953,1.8480565036092227,1.1178830978977727,0.9195550070803035,0.7520801668767583,0.6288549810400436,1.0839386303798826,0.27262947515028996,0.5549703098068491,thumbs_up
0.5249151587486267,0.8369101285934448,-4.193152847165038e-07,0.4850718379020691,0.6692199110984802,0.009321123361587524,0.4110523760318756,0.49454623460769653,-0.008699786849319935,0.3799229562282562,0.35182204842567444,-0.029335947707295418,0.39521750807762146,0.23604735732078552,-0.05178407207131386,0.33944442868232727,0.4808845520019531,-0.05733760818839073,0.19637958705425262,0.5602744817733765,-0.08568777143955231,0.23565444350242615,0.595032811164856,-0.09341169148683548,0.28177231550216675,0.5775068402290344,-0.09657657891511917,0.3278699517250061,0.5816760063171387,-0.079384945333004,0.18183420598506927,0.6664093732833862,-0.10161745548248291,0.232141375541687,0.6863004565238953,-0.09086858481168747,0.2870047688484192,0.6671308875083923,-0.08507595956325531,0.3216284215450287,0.6933032870292664,-0.09817212074995041,0.19922155141830444,0.7696253061294556,-0.11181182414293289,0.2498646378517151,0.7831259965896606,-0.08552008867263794,0.3000161647796631,0.7592737674713135,-0.07158762961626053,0.3199009895324707,0.8048468828201294,-0.11608036607503891,0.2368006855249405,0.8607598543167114,-0.12364257127046585,0.2890959084033966,0.8679229021072388,-0.10271623730659485,0.3348246216773987,0.8441281914710999,-0.08676858991384506,1.8576478825254406,1.1094568583613194,0.9166841588822863,0.7482002362747654,0.6296223409672507,1.0918886207775604,0.27255974442546566,0.552137728077478,thumbs_up
0.5235315561294556,0.8432340621948242,-3.953017255753366e-07,0.48460108041763306,0.6737667918205261,0.007109515834599733,0.4098779857158661,0.49807673692703247,-0.010034197010099888,0.3791463077068329,0.35636353492736816,-0.029172662645578384,0.3944052755832672,0.23945584893226624,-0.050247762352228165,0.3376486897468567,0.47986090183258057,-0.055097855627536774,0.19650189578533173,0.5560938715934753,-0.08192570507526398,0.2325136512517929,0.5942433476448059,-0.09002328664064407,0.27711477875709534,0.5774068832397461,-0.09403436630964279,0.3261226713657379,0.5814931988716125,-0.07583247125148773,0.1831992268562317,0.6658995151519775,-0.09509443491697311,0.2301209568977356,0.6887425780296326,-0.08425880968570709,0.2830949127674103,0.6688535809516907,-0.0791412815451622,0.32000282406806946,0.6943713426589966,-0.0937914326786995,0.20131854712963104,0.7721487283706665,-0.10508023202419281,0.24718627333641052,0.7873430252075195,-0.07936403900384903,0.2940179705619812,0.7625427842140198,-0.06646396964788437,0.3177929222583771,0.8074226379394531,-0.11124160885810852,0.23649942874908447,0.8658552169799805,-0.11720307171344757,0.2855360209941864,0.8746711611747742,-0.09623847901821136,0.3294268548488617,0.8500557541847229,-0.08059708029031754,1.8409500431300676,1.112850149869204,0.9134681761486553,0.7494890957710907,0.6249196994200664,1.0710251216006188,0.2759148233174366,0.5558380516459528,thumbs_up
0.5219372510910034,0.8424668908119202,-3.9718773336971935e-07,0.48283421993255615,0.6720829010009766,0.007786106783896685,0.4107546806335449,0.49757927656173706,-0.010575121268630028,0.3804764747619629,0.3561428189277649,-0.03122377023100853,0.3955422043800354,0.2401687204837799,-0.054470691829919815,0.3388068377971649,0.4869658648967743,-0.05733713507652283,0.1982017308473587,0.5624520778656006,-0.08420384675264359,0.23337455093860626,0.5992708206176758,-0.09301132708787918,0.27779021859169006,0.5865038633346558,-0.09759139269590378,0.32532232999801636,0.5879179239273071,-0.07855117321014404,0.1826898753643036,0.67214035987854,-0.09793112426996231,0.2311803102493286,0.6920213103294373,-0.08824525028467178,0.2853035032749176,0.6732161045074463,-0.08422993868589401,0.3182389736175537,0.6997589468955994,-0.0964384526014328,0.19929932057857513,0.7756041884422302,-0.10819776356220245,0.24763654172420502,0.7874499559402466,-0.08300533145666122,0.29645437002182007,0.7620934247970581,-0.0706479623913765,0.3156210482120514,0.811138391494751,-0.11354454606771469,0.23370018601417542,0.8665060997009277,-0.120217464864254,0.2853812575340271,0.8729047775268555,-0.098846934735775,0.3312711715698242,0.8487587571144104,-0.08296534419059753,1.8660040010287475,1.1082800283776257,0.9147828786095247,0.7538233071199354,0.6283091270115658,1.1124867091080821,0.2659566318138487,0.5480788638910213,thumbs_up
0.5207886099815369,0.8416836261749268,-3.9701032505945477e-07,0.48200124502182007,0.6699690818786621,0.010900964960455894,0.4103440046310425,0.49619990587234497,-0.005160508211702108,0.3797890245914459,0.3561050295829773,-0.02389097586274147,0.3931172490119934,0.24239861965179443,-0.04513780027627945,0.3386719226837158,0.48270922899246216,-0.05505174398422241,0.19688676297664642,0.5533760786056519,-0.0801568403840065,0.23120874166488647,0.5904106497764587,-0.08738908916711807,0.2761690616607666,0.5766424536705017,-0.09090493619441986,0.3267068862915039,0.5848667025566101,-0.07693903893232346,0.18181954324245453,0.6627535820007324,-0.0948367565870285,0.2283555269241333,0.6850859522819519,-0.08364691585302353,0.28278133273124695,0.6673736572265625,-0.07859352976083755,0.32038432359695435,0.6968222856521606,-0.09520378708839417,0.1991247832775116,0.7698572278022766,-0.1042490005493164,0.24473217129707336,0.783795952796936,-0.07779434323310852,0.2933378219604492,0.7607054114341736,-0.06495916098356247,0.31866249442100525,0.8084656596183777,-0.11262793093919754,0.2351529896259308,0.8619568347930908,-0.11690922826528549,0.2837045192718506,0.8686904907226562,-0.09509507566690445,0.3288799226284027,0.8445181846618652,-0.07922476530075073,1.856328610512076,1.1238186919637028,0.9224339317944725,0.7554158346235281,0.6273566285533804,1.0788145135093334,0.27736770648656073,0.5530533860107893,thumbs_up
0.5220566987991333,0.840393602848053,-4.001826710009482e-07,0.4819796085357666,0.6719508171081543,0.007589645218104124,0.4082871079444885,0.49456581473350525,-0.010558698326349258,0.3782939612865448,0.35264402627944946,-0.030794084072113037,0.39162519574165344,0.23598182201385498,-0.05287905037403107,0.33707740902900696,0.48015207052230835,-0.05790667235851288,0.19486407935619354,0.5552261471748352,-0.08483342081308365,0.2299501597881317,0.5914897918701172,-0.09189596772193909,0.2740277051925659,0.5758199095726013,-0.09513436257839203,0.32504338026046753,0.5808499455451965,-0.07952280342578888,0.18030864000320435,0.6644721031188965,-0.09958464652299881,0.22909459471702576,0.6844689846038818,-0.08828506618738174,0.28241729736328125,0.6639934182167053,-0.08283501863479614,0.31953147053718567,0.692366898059845,-0.09807728230953217,0.19841556251049042,0.7688360810279846,-0.11013805121183395,0.24731576442718506,0.7815185785293579,-0.08386020362377167,0.2952251434326172,0.7554174661636353,-0.07062801718711853,0.31891560554504395,0.803051233291626,-0.11597463488578796,0.235221266746521,0.8598827719688416,-0.12257790565490723,0.2858365774154663,0.8674227595329285,-0.10126928240060806,0.3300754725933075,0.8429490923881531,-0.08545375615358353,1.8502048206143646,1.117799588644698,0.9208896669286122,0.7522459993867048,0.6265599448341131,1.0795171529677765,0.2666018270538037,0.5521899218806839,thumbs_up
0.5196599364280701,0.8376373052597046,-3.881227144120203e-07,0.48002439737319946,0.6684189438819885,0.007409077603369951,0.4074304699897766,0.494913786649704,-0.009571632370352745,0.3786360025405884,0.35283786058425903,-0.02907227911055088,0.3935825824737549,0.23795807361602783,-0.050600435584783554,0.3371732532978058,0.47883617877960205,-0.05078461021184921,0.19523797929286957,0.5515784025192261,-0.07820110768079758,0.2297665774822235,0.5898211002349854,-0.08866623789072037,0.27477532625198364,0.5764434337615967,-0.09403423219919205,0.32413449883461,0.5797033905982971,-0.07111460715532303,0.18162274360656738,0.6625574231147766,-0.09077107161283493,0.22802093625068665,0.6836646199226379,-0.08208144456148148,0.2812287509441376,0.6636499762535095,-0.0783197283744812,0.3163296580314636,0.6913259029388428,-0.08892801403999329,0.1977369338274002,0.7652770280838013,-0.10082045197486877,0.24354077875614166,0.7791328430175781,-0.07679544389247894,0.29100102186203003,0.7554833292961121,-0.06458523124456406,0.31276360154151917,0.8022013306617737,-0.1062617227435112,0.23223532736301422,0.8584579825401306,-0.11246080696582794,0.2810961902141571,0.8678559064865112,-0.09216243028640747,0.3253341317176819,0.8447955846786499,-0.07675215601921082,1.8554529734987617,1.1170585678514415,0.9215081194889478,0.7586478924844166,0.6308509828795011,1.0904144385983405,0.26810200878354773,0.5626163263248047,thumbs_up
0.5188321471214294,0.8368909955024719,-4.179426014161436e-07,0.48116546869277954,0.6708837151527405,0.005183035973459482,0.4068417549133301,0.4961889982223511,-0.01332330983132124,0.37453967332839966,0.3540322780609131,-0.03338765352964401,0.38857242465019226,0.23793354630470276,-0.05502314865589142,0.3366885781288147,0.4788917899131775,-0.061020053923130035,0.19184114038944244,0.5558305978775024,-0.09102801233530045,0.23096928000450134,0.5915234088897705,-0.10015439987182617,0.27729833126068115,0.5743115544319153,-0.10423192381858826,0.32531577348709106,0.5801126956939697,-0.08095789700746536,0.17870183289051056,0.6647788286209106,-0.10410911589860916,0.22943121194839478,0.6849676370620728,-0.09353405237197876,0.2842977046966553,0.6652355194091797,-0.08788808435201645,0.3189379870891571,0.6918973326683044,-0.09816072136163712,0.19736842811107635,0.7679778933525085,-0.112867571413517,0.24694538116455078,0.7818630933761597,-0.08662068843841553,0.2963850498199463,0.7569646239280701,-0.07248052209615707,0.31640252470970154,0.8041291236877441,-0.11484909057617188,0.23359766602516174,0.8598861694335938,-0.12313274294137955,0.28482234477996826,0.8669403195381165,-0.10259624570608139,0.3298945426940918,0.8422363996505737,-0.08678840845823288,1.8560885950888788,1.120990178755009,0.9157602835433228,0.7456450387417135,0.6272766683101584,1.0788260353474335,0.27941634738999077,0.5512654412889915,thumbs_up
0.5187087655067444,0.8375452756881714,-4.0891779917728854e-07,0.4792061150074005,0.6695064306259155,0.007736275438219309,0.40637490153312683,0.4941960573196411,-0.00981052778661251,0.3773227334022522,0.35241755843162537,-0.02968602068722248,0.3904222846031189,0.23497065901756287,-0.051456764340400696,0.3356386423110962,0.4787791669368744,-0.054401643574237823,0.1955576241016388,0.5512202978134155,-0.08116108924150467,0.2299824357032776,0.5898804068565369,-0.08950753509998322,0.2739010155200958,0.5745937824249268,-0.09406685829162598,0.32300662994384766,0.5775030255317688,-0.0758243277668953,0.18023818731307983,0.6604598760604858,-0.09553946554660797,0.2277854084968567,0.6857210397720337,-0.08532442897558212,0.2811630368232727,0.6662280559539795,-0.08069457113742828,0.3162480592727661,0.6885506510734558,-0.09449295699596405,0.19642405211925507,0.7654514908790588,-0.10572081804275513,0.24377328157424927,0.7811391353607178,-0.08034823834896088,0.2911098301410675,0.7542857527732849,-0.06804090738296509,0.31422486901283264,0.7990978956222534,-0.11263881623744965,0.2333691120147705,0.8587347269058228,-0.11876284331083298,0.282665878534317,0.8668299913406372,-0.09852776676416397,0.32593345642089844,0.8404570817947388,-0.08379466086626053,1.8500158579829784,1.111341181247796,0.9090851752599696,0.7532635986686677,0.6290751428092592,1.082002068741589,0.27796771475135945,0.5383925571080612,thumbs_up
0.5201175212860107,0.8335464000701904,-4.1151466234623513e-07,0.48013830184936523,0.6659600138664246,0.007121213246136904,0.4045005440711975,0.4947393238544464,-0.009980615228414536,0.3734724223613739,0.3554863929748535,-0.029145902022719383,0.39002394676208496,0.24082639813423157,-0.04986826702952385,0.3330751061439514,0.4770514965057373,-0.05570992827415466,0.19110354781150818,0.5565042495727539,-0.0848274677991867,0.23059409856796265,0.5923303961753845,-0.09339426457881927,0.2777685225009918,0.5742326974868774,-0.09687906503677368,0.3214111924171448,0.5791804194450378,-0.07623954862356186,0.17852024734020233,0.6646278500556946,-0.0984831154346466,0.22952258586883545,0.6862201690673828,-0.08768811076879501,0.2834896445274353,0.6666461229324341,-0.08173101395368576,0.31549572944641113,0.6921066641807556,-0.09411007165908813,0.19441798329353333,0.7677424550056458,-0.10832994431257248,0.2443562150001526,0.7828137874603271,-0.08197564631700516,0.2933235764503479,0.7596323490142822,-0.0675329864025116,0.3144167363643646,0.8044290542602539,-0.11136206984519958,0.23118045926094055,0.860275149345398,-0.11925911903381348,0.28168785572052,0.8681251406669617,-0.09849653393030167,0.3257294297218323,0.8442155122756958,-0.08225241303443909,1.835831274306301,1.1093115627537922,0.9071879636852943,0.7474794328881289,0.6372257006848442,1.070139443130285,0.28288272192815805,0.5503351317779213,thumbs_up
0.5183187127113342,0.8379136323928833,-4.344821604718163e-07,0.48028987646102905,0.6700069308280945,0.009651776403188705,0.40758800506591797,0.49499988555908203,-0.008068008348345757,0.3773690462112427,0.35264822840690613,-0.02853953279554844,0.3907478451728821,0.23721498250961304,-0.050958652049303055,0.33605530858039856,0.47846585512161255,-0.05591871589422226,0.1932843029499054,0.5532665848731995,-0.08267052471637726,0.2282724380493164,0.5922660231590271,-0.08966732025146484,0.2724814713001251,0.5778037309646606,-0.09289233386516571,0.3245593011379242,0.5767921209335327,-0.07842092216014862,0.17989693582057953,0.6622378826141357,-0.09908761829137802,0.22746622562408447,0.6839309930801392,-0.08806270360946655,0.2813693583011627,0.6637493371963501,-0.08256557583808899,0.3181595802307129,0.6876294612884521,-0.09777341037988663,0.19791388511657715,0.7652801871299744,-0.10980863124132156,0.2462702989578247,0.7789682149887085,-0.08369512856006622,0.29471921920776367,0.7529122233390808,-0.07056418806314468,0.3162200152873993,0.7983837127685547,-0.11633935570716858,0.23430174589157104,0.8562705516815186,-0.1230427622795105,0.2850610315799713,0.8640040159225464,-0.10243095457553864,0.32980263233184814,0.8387451171875,-0.08718009293079376,1.8422748294269542,1.1054717887002146,0.9131835734676494,0.7456377331483264,0.6209619216280182,1.0851687133392702,0.2601608105481252,0.5430296435176086,thumbs_up
0.5206111669540405,0.8369911909103394,-4.23299582053005e-07,0.48080742359161377,0.6698466539382935,0.006850343197584152,0.40733492374420166,0.49562615156173706,-0.010445445775985718,0.3767574727535248,0.3557961583137512,-0.029891159385442734,0.39005157351493835,0.239169180393219,-0.05106450617313385,0.3359799087047577,0.4771525263786316,-0.05488218367099762,0.19575068354606628,0.54948890209198,-0.08202359825372696,0.2306654006242752,0.5881891250610352,-0.08963117003440857,0.27512645721435547,0.5735999345779419,-0.09347487986087799,0.3239242136478424,0.5758439302444458,-0.0762869343161583,0.18051595985889435,0.6569216251373291,-0.09785974025726318,0.2299734354019165,0.6812742948532104,-0.08774616569280624,0.2839282751083374,0.6628739237785339,-0.08259572833776474,0.3181110620498657,0.6873456239700317,-0.09496256709098816,0.19560854136943817,0.7631826996803284,-0.10959409922361374,0.24559159576892853,0.7784836888313293,-0.08398482948541641,0.29459884762763977,0.7534723281860352,-0.07039551436901093,0.31727468967437744,0.7988430857658386,-0.11296763271093369,0.23242291808128357,0.856328010559082,-0.1222987025976181,0.2827630043029785,0.8641367554664612,-0.10209206491708755,0.327481746673584,0.8385602235794067,-0.08650660514831543,1.8290548692515105,1.10805039069612,0.909158426777748,0.7477278680031757,0.6303699828467687,1.0609044325744814,0.26916985517744185,0.5392880897939243,thumbs_up
0.5201234221458435,0.8376561999320984,-4.4081119199290697e-07,0.48044419288635254,0.6702544689178467,0.008878262713551521,0.4081653356552124,0.4967600703239441,-0.008170763030648232,0.3777310848236084,0.3552609980106354,-0.02788754738867283,0.39166060090065,0.23919254541397095,-0.04951011389493942,0.3381395936012268,0.47732317447662354,-0.051215704530477524,0.19604840874671936,0.5533013939857483,-0.07922925055027008,0.23117020726203918,0.5934149622917175,-0.08828555047512054,0.2761821746826172,0.5782144665718079,-0.09263650327920914,0.32612892985343933,0.5742346048355103,-0.07298019528388977,0.1800311654806137,0.6599770784378052,-0.09424086660146713,0.22812554240226746,0.6852072477340698,-0.08449700474739075,0.28198862075805664,0.6645412445068359,-0.07948125898838043,0.3195914626121521,0.684315025806427,-0.09214247763156891,0.19502177834510803,0.7635079622268677,-0.10551070421934128,0.24355915188789368,0.7797773480415344,-0.08057116717100143,0.2921563982963562,0.7533243894577026,-0.06765015423297882,0.31804463267326355,0.7943992614746094,-0.11061069369316101,0.23521700501441956,0.8583110570907593,-0.11848516017198563,0.28567707538604736,0.8671482801437378,-0.0990951880812645,0.33006638288497925,0.8402435779571533,-0.08429144322872162,1.8320869631196837,1.0977865816859445,0.9097842196796085,0.752722066366288,0.6203259612782586,1.0762197144159344,0.26109530332375075,0.5436486156670254,thumbs_up
0.5184513926506042,0.8333926200866699,-4.3228055801591836e-07,0.4797460436820984,0.6661908030509949,0.009003812447190285,0.40847355127334595,0.4938663840293884,-0.007146117277443409,0.3770170211791992,0.35473594069480896,-0.025815801694989204,0.38764744997024536,0.23947560787200928,-0.0464281290769577,0.33740177750587463,0.47546929121017456,-0.0526084378361702,0.19689248502254486,0.5459272861480713,-0.07976923882961273,0.22961944341659546,0.5856022238731384,-0.0867588073015213,0.2740231156349182,0.5722076892852783,-0.0894923061132431,0.32552388310432434,0.5749641060829163,-0.07402531057596207,0.1805621087551117,0.653475821018219,-0.09553809463977814,0.22825396060943604,0.6795641183853149,-0.08461735397577286,0.28178563714027405,0.6621994376182556,-0.07883041352033615,0.3191703259944916,0.6861181855201721,-0.09264552593231201,0.19547139108181,0.7594333291053772,-0.10719683766365051,0.2447981983423233,0.7752714157104492,-0.08150769770145416,0.29410794377326965,0.7523549199104309,-0.06767833232879639,0.31767842173576355,0.796737790107727,-0.11028843373060226,0.2319130301475525,0.8508585691452026,-0.11890199780464172,0.281789094209671,0.8595864772796631,-0.09867166727781296,0.32645925879478455,0.8358907699584961,-0.08309180289506912,1.8432845598758523,1.1144059035062444,0.9143358472333717,0.749336861424572,0.6322874843469287,1.070530670657428,0.2748757294481628,0.5421628467576525,thumbs_up
0.5174866318702698,0.8329713344573975,-3.953113605348335e-07,0.47674238681793213,0.6656802296638489,0.007548083551228046,0.40570229291915894,0.4924008846282959,-0.010614976286888123,0.3762132525444031,0.35052067041397095,-0.030885934829711914,0.3887344300746918,0.2332916557788849,-0.05302269756793976,0.33388081192970276,0.4764687418937683,-0.0552181676030159,0.19532018899917603,0.5562015175819397,-0.08179299533367157,0.2326420396566391,0.5924896597862244,-0.08901190012693405,0.2761451303958893,0.5746632814407349,-0.09235226362943649,0.3224162757396698,0.5748994946479797,-0.07617687433958054,0.1812729686498642,0.662799596786499,-0.09607138484716415,0.23069986701011658,0.6846878528594971,-0.08536435663700104,0.2827439308166504,0.6633586883544922,-0.08022236824035645,0.31700924038887024,0.6861026883125305,-0.09420938789844513,0.19693885743618011,0.7650963068008423,-0.10615377128124237,0.24509233236312866,0.7795556783676147,-0.08040870726108551,0.2920919954776764,0.7523797154426575,-0.06742534786462784,0.3154859244823456,0.7972073554992676,-0.11152755469083786,0.23296061158180237,0.8572862148284912,-0.11799255013465881,0.2825523614883423,0.8647530674934387,-0.09734035283327103,0.32559439539909363,0.8386854529380798,-0.08187615126371384,1.8523596798141146,1.0993604086450521,0.9042047313326892,0.7482584840421346,0.6279742820017173,1.0880203647285207,0.27008776233917237,0.5430852259865788,thumbs_up
0.5138486623764038,0.8314220905303955,-3.919937512364413e-07,0.47651511430740356,0.6634990572929382,0.008197324350476265,0.40486687421798706,0.4908790588378906,-0.009030621498823166,0.375093549489975,0.3509675860404968,-0.028207579627633095,0.3890674114227295,0.23804351687431335,-0.04939187318086624,0.33542779088020325,0.47640731930732727,-0.0580151341855526,0.19521097838878632,0.5425726771354675,-0.0848049521446228,0.22884200513362885,0.5798298120498657,-0.09189531952142715,0.27328136563301086,0.5706616640090942,-0.0946427658200264,0.3223983943462372,0.5780116319656372,-0.07872068881988525,0.18029354512691498,0.6517893671989441,-0.09989983588457108,0.2293635606765747,0.6748741269111633,-0.08924012631177902,0.2848162353038788,0.6604156494140625,-0.08338765054941177,0.3153829872608185,0.6899937391281128,-0.09607892483472824,0.19395823776721954,0.757022500038147,-0.10949516296386719,0.24324773252010345,0.7733962535858154,-0.08355991542339325,0.2937764525413513,0.7547666430473328,-0.06951501220464706,0.31357237696647644,0.8011378049850464,-0.11246303468942642,0.23127707839012146,0.8523763418197632,-0.12052550166845322,0.2813396155834198,0.8611541986465454,-0.09986211359500885,0.32609131932258606,0.8388663530349731,-0.08383534103631973,1.859238903469249,1.122166924141582,0.9099476878191084,0.7432108606813492,0.6288232834716179,1.085198925635596,0.27868613826305744,0.5597671682811094,thumbs_up
0.5139098167419434,0.8330679535865784,-4.011694727523718e-07,0.47530972957611084,0.6648693084716797,0.008186387829482555,0.40427732467651367,0.4916656017303467,-0.009713899344205856,0.3734634816646576,0.3505093455314636,-0.029623975977301598,0.3873031735420227,0.2346440553665161,-0.0516093410551548,0.331486314535141,0.47604191303253174,-0.05625968053936958,0.1947302371263504,0.5527456402778625,-0.08079523593187332,0.2311193197965622,0.5900458097457886,-0.08679239451885223,0.274172842502594,0.5745382905006409,-0.08952520042657852,0.31848523020744324,0.5751768350601196,-0.07652594149112701,0.1803244799375534,0.6611915826797485,-0.0942210778594017,0.227983295917511,0.6829943656921387,-0.08269087970256805,0.28062230348587036,0.6636936664581299,-0.07743602991104126,0.31114932894706726,0.6856271028518677,-0.09339643269777298,0.19563612341880798,0.7617039680480957,-0.10286830365657806,0.2433888465166092,0.7765833139419556,-0.07744091749191284,0.2912139892578125,0.7527750730514526,-0.06527967751026154,0.3078381419181824,0.7958410382270813,-0.1095486506819725,0.23110097646713257,0.8520052433013916,-0.11408115923404694,0.2811618447303772,0.8612358570098877,-0.0936141163110733,0.3245551884174347,0.8378568291664124,-0.07866477966308594,1.846152891742685,1.094038796772756,0.897771601772157,0.738541628441904,0.61684575899426,1.0833963881055597,0.2712856247872124,0.5402215174952882,thumbs_up
0.51426762342453,0.8359681367874146,-3.8722538420188357e-07,0.47620803117752075,0.6681722402572632,0.0063511086627841,0.4057595729827881,0.4953257739543915,-0.011556950397789478,0.3757776916027069,0.3540271818637848,-0.031031038612127304,0.38765206933021545,0.23765307664871216,-0.05259120464324951,0.3377750515937805,0.47673171758651733,-0.05626997724175453,0.19875545799732208,0.5456931591033936,-0.0822620615363121,0.2304258644580841,0.5840209722518921,-0.08996468037366867,0.2720595598220825,0.5720813870429993,-0.0940493494272232,0.3241427540779114,0.5756277441978455,-0.07642671465873718,0.1801285594701767,0.6518963575363159,-0.0965290516614914,0.22674915194511414,0.6771535277366638,-0.08659576624631882,0.28000518679618835,0.6608349084854126,-0.08179736882448196,0.3160727024078369,0.6867092847824097,-0.09358615428209305,0.19536300003528595,0.7587100863456726,-0.10558980703353882,0.24237480759620667,0.7741944193840027,-0.08055035769939423,0.2904428243637085,0.7516516447067261,-0.06789056211709976,0.3128085732460022,0.796907901763916,-0.11011327058076859,0.2326667606830597,0.8544708490371704,-0.11712229996919632,0.2812097668647766,0.8620419502258301,-0.09733302146196365,0.32453376054763794,0.8366168737411499,-0.0825367346405983,1.8527145295187304,1.1177829058110607,0.9167022332190563,0.7504394830659312,0.6245200602539103,1.0753139357741763,0.271488517845974,0.5473296300814129,thumbs_up
0.5113184452056885,0.8308148384094238,-3.7230657312647963e-07,0.4735140800476074,0.6607170701026917,0.007755205500870943,0.40403085947036743,0.49015066027641296,-0.009519755840301514,0.37150296568870544,0.3514292240142822,-0.02832428179681301,0.38644468784332275,0.235834538936615,-0.049301955848932266,0.33326417207717896,0.47603344917297363,-0.05805330350995064,0.1936333179473877,0.5470066070556641,-0.08129679411649704,0.22745740413665771,0.5845527052879333,-0.0853118970990181,0.2714942693710327,0.5717008113861084,-0.08667127043008804,0.31922516226768494,0.57761150598526,-0.07780153304338455,0.1786133199930191,0.654607355594635,-0.0940852239727974,0.22546547651290894,0.6794350743293762,-0.08105780929327011,0.2782369554042816,0.6630571484565735,-0.07517734915018082,0.31126242876052856,0.6907167434692383,-0.09399356693029404,0.19181430339813232,0.7587161064147949,-0.1028253436088562,0.23809050023555756,0.7763852477073669,-0.07614076882600784,0.2861766815185547,0.7558979988098145,-0.06342221796512604,0.3084506690502167,0.8024059534072876,-0.1093670204281807,0.22779607772827148,0.8537864089012146,-0.1139834076166153,0.2752770483493805,0.8636470437049866,-0.09290014207363129,0.3180614709854126,0.8419098854064941,-0.07773278653621674,1.864068253519646,1.111060729445547,0.9072261663798187,0.7506185046479938,0.637511908896114,1.0909069717490154,0.28215368786123146,0.5600425655023656,thumbs_up
0.5141245126724243,0.8318591117858887,-4.569716054447781e-07,0.4759212136268616,0.6660510301589966,0.009970271028578281,0.40299373865127563,0.49151384830474854,-0.006707163993269205,0.37317341566085815,0.3507959544658661,-0.026239166036248207,0.3871065378189087,0.236618310213089,-0.04784547910094261,0.33231309056282043,0.46981197595596313,-0.05272451043128967,0.19203339517116547,0.548141360282898,-0.081008180975914,0.22690290212631226,0.5892989635467529,-0.08994420617818832,0.2712216377258301,0.5722503662109375,-0.0944918617606163,0.3217945098876953,0.5676202774047852,-0.07590606063604355,0.17631475627422333,0.6552391648292542,-0.09757265448570251,0.22425931692123413,0.681594729423523,-0.0869477167725563,0.2784522771835327,0.6612508296966553,-0.08141361176967621,0.3166005611419678,0.6786741018295288,-0.09638173133134842,0.1925407499074936,0.7590196132659912,-0.10962850600481033,0.2411712110042572,0.7760636210441589,-0.08342684060335159,0.28972533345222473,0.7495695352554321,-0.06987781822681427,0.3161332607269287,0.7900644540786743,-0.11614672839641571,0.23089249432086945,0.8517884612083435,-0.12412905693054199,0.28076326847076416,0.8607715964317322,-0.10407484322786331,0.32523712515830994,0.8341748714447021,-0.0889323428273201,1.8196090673745187,1.096404575277664,0.9004473838396468,0.742176508737251,0.6222791134826042,1.0673675126352347,0.26897262829613133,0.5343870216426655,thumbs_up
0.5136197805404663,0.833427906036377,-4.143579133142339e-07,0.4757407605648041,0.6669330596923828,0.006820353679358959,0.40263766050338745,0.4948655366897583,-0.009674801491200924,0.3702293634414673,0.35677802562713623,-0.028103621676564217,0.3851131200790405,0.24186021089553833,-0.048262692987918854,0.3325389325618744,0.47422388195991516,-0.05301150679588318,0.19328275322914124,0.5473606586456299,-0.0796438604593277,0.22790125012397766,0.5858859419822693,-0.08732642233371735,0.2725597620010376,0.5709717273712158,-0.09085250645875931,0.31937533617019653,0.57405686378479,-0.07309932261705399,0.17814184725284576,0.655870795249939,-0.09338445216417313,0.22538480162620544,0.6809497475624084,-0.08292132616043091,0.2786955237388611,0.6632658839225769,-0.07764512300491333,0.3115338385105133,0.6858767867088318,-0.09057352691888809,0.1914185732603073,0.7605735063552856,-0.10333286225795746,0.23837515711784363,0.7781037092208862,-0.07829460501670837,0.2864644527435303,0.7560814619064331,-0.06539732217788696,0.30801162123680115,0.7973189353942871,-0.10747221857309341,0.22690363228321075,0.8558179140090942,-0.11504271626472473,0.2762058973312378,0.8656624555587769,-0.09562069922685623,0.3200448453426361,0.8416731953620911,-0.08079170435667038,1.8281418884389038,1.1070859435211369,0.9039738279158943,0.7487170251875906,0.6319332553774409,1.0548971815149109,0.2812752355636862,0.5513860758098662,thumbs_up
0.5145902633666992,0.8311078548431396,-4.410565850321291e-07,0.4726695716381073,0.6619112491607666,0.01197055820375681,0.4026392996311188,0.4912225604057312,-0.005171944387257099,0.37299054861068726,0.3520253896713257,-0.02533109299838543,0.3859892189502716,0.23614159226417542,-0.04754216596484184,0.33191800117492676,0.4733131229877472,-0.054536525160074234,0.19070963561534882,0.5499060153961182,-0.07905753701925278,0.2255692183971405,0.588982343673706,-0.08371202647686005,0.270232617855072,0.5744872689247131,-0.08559861034154892,0.32110288739204407,0.5706303119659424,-0.07823362946510315,0.17602460086345673,0.6552959084510803,-0.09624571353197098,0.22306227684020996,0.679606556892395,-0.08379311114549637,0.27662116289138794,0.6605709195137024,-0.0782586857676506,0.3162219226360321,0.6811519265174866,-0.09841523319482803,0.1921212077140808,0.7592641711235046,-0.10813778638839722,0.24079933762550354,0.7748523354530334,-0.0812186449766159,0.2896621823310852,0.7494531273841858,-0.06866183876991272,0.31668901443481445,0.7919790148735046,-0.11764105409383774,0.23124554753303528,0.8526785969734192,-0.12341524660587311,0.28094619512557983,0.8606265783309937,-0.10277868062257767,0.32535886764526367,0.8346874713897705,-0.08808231353759766,1.8292453313697143,1.0921766170717333,0.9079279278828659,0.7458480027698604,0.6254406504422139,1.077422693026225,0.25955026650112917,0.5425054646723267,thumbs_up
0.5115096569061279,0.8289592862129211,-4.166228393387428e-07,0.4720369577407837,0.662253201007843,0.0065759592689573765,0.4008929133415222,0.4898798167705536,-0.011605816893279552,0.3696022927761078,0.3510664403438568,-0.031087396666407585,0.3833819031715393,0.23535165190696716,-0.0526358038187027,0.330116331577301,0.47355127334594727,-0.06264401972293854,0.19031749665737152,0.5477965474128723,-0.08779171109199524,0.2266576588153839,0.5857790112495422,-0.09235869348049164,0.27165746688842773,0.5711129903793335,-0.09426219016313553,0.31931790709495544,0.575009822845459,-0.08339166641235352,0.1755155622959137,0.6519849300384521,-0.10301386564970016,0.2240956723690033,0.6778995394706726,-0.09020543843507767,0.27863702178001404,0.6629518270492554,-0.0839918777346611,0.3139863610267639,0.6873390078544617,-0.10061154514551163,0.19045718014240265,0.7558832168579102,-0.11261007934808731,0.23944306373596191,0.7738253474235535,-0.08511656522750854,0.28899121284484863,0.7534689903259277,-0.07132236659526825,0.3129332959651947,0.799275279045105,-0.1170346736907959,0.22764244675636292,0.8512805700302124,-0.12537091970443726,0.27709177136421204,0.8601270914077759,-0.10474943369626999,0.3212467133998871,0.8374444246292114,-0.08939166367053986,1.8515385520129053,1.1073396942783371,0.9053797802070837,0.7458968714315721,0.6390564854465783,1.0822749139744114,0.28150117749707537,0.5458459990823479,thumbs_up
0.5129712820053101,0.8368561267852783,-4.2927618437715864e-07,0.474762499332428,0.6675915718078613,0.009285268373787403,0.4033632278442383,0.4931267499923706,-0.007809620350599289,0.37303948402404785,0.3526933193206787,-0.026797235012054443,0.3871787488460541,0.23720431327819824,-0.0480860210955143,0.33357343077659607,0.4757370948791504,-0.056315429508686066,0.1958369016647339,0.545803427696228,-0.0794714093208313,0.2261035144329071,0.5870412588119507,-0.08457381278276443,0.2663354277610779,0.5764608979225159,-0.08745383471250534,0.31931570172309875,0.5733584761619568,-0.07786079496145248,0.17735077440738678,0.6556825637817383,-0.09526687115430832,0.22426572442054749,0.6822175979614258,-0.08355507254600525,0.27724596858024597,0.6648248434066772,-0.07829225808382034,0.311490923166275,0.6844968199729919,-0.09579186886548996,0.18978826701641083,0.7607585787773132,-0.10563063621520996,0.23876163363456726,0.7771379351615906,-0.07956957072019577,0.28728175163269043,0.7537953853607178,-0.06726513057947159,0.30950307846069336,0.7951298952102661,-0.11282239109277725,0.22836971282958984,0.8539713621139526,-0.11943329870700836,0.2785908877849579,0.8632279634475708,-0.09919337183237076,0.3222922384738922,0.8386009335517883,-0.08446559309959412,1.8283178153219992,1.0982180031067572,0.898837504602746,0.7428799208427564,0.6204286978798275,1.0777399307047242,0.2662658223422169,0.5343628467510235,thumbs_up
0.5099477767944336,0.8289064168930054,-3.904337404492253e-07,0.4734281301498413,0.6630157828330994,0.005123070441186428,0.40213242173194885,0.4911935329437256,-0.012218079529702663,0.37029698491096497,0.3515103757381439,-0.030786564573645592,0.3854079246520996,0.23720219731330872,-0.05116040259599686,0.3317915201187134,0.4776480793952942,-0.05845974013209343,0.1913101226091385,0.5455284118652344,-0.0859784260392189,0.2255958616733551,0.5829899311065674,-0.09340757131576538,0.2712232768535614,0.571219801902771,-0.09614724665880203,0.31794971227645874,0.5802140235900879,-0.07728906720876694,0.17502015829086304,0.652765154838562,-0.09907829761505127,0.2238575518131256,0.6773324608802795,-0.08828260749578476,0.27886781096458435,0.6629085540771484,-0.08200683444738388,0.3099130690097809,0.6922323703765869,-0.09317396581172943,0.1904212236404419,0.7591739892959595,-0.1074584424495697,0.23875850439071655,0.7748987078666687,-0.08178357034921646,0.28788191080093384,0.7555240392684937,-0.06750700622797012,0.30662980675697327,0.8027932047843933,-0.10832502692937851,0.225141704082489,0.8518975973129272,-0.11611957103013992,0.2749076187610626,0.8602906465530396,-0.0953880101442337,0.3187195360660553,0.8387571573257446,-0.07925426959991455,1.8755271483645173,1.1256094941434676,0.9151727931670872,0.7523516635673647,0.6405023144869655,1.0998282021014274,0.2877045815670035,0.5573423996541973,thumbs_up
0.513846755027771,0.8388142585754395,-4.496567669320939e-07,0.47587770223617554,0.6714021563529968,0.008299371227622032,0.40359991788864136,0.49700450897216797,-0.008386898785829544,0.37170031666755676,0.3553242087364197,-0.027004754170775414,0.3856821358203888,0.24052736163139343,-0.047646764665842056,0.3315848410129547,0.47598373889923096,-0.053038761019706726,0.1939866840839386,0.5523443818092346,-0.07670259475708008,0.228490948677063,0.5944318175315857,-0.08256971091032028,0.2711494266986847,0.5793763995170593,-0.08600600808858871,0.3179652690887451,0.5710872411727905,-0.07370642572641373,0.1779915988445282,0.6565685272216797,-0.09118842333555222,0.2244413048028946,0.6852814555168152,-0.07995440810918808,0.2765517234802246,0.6667541265487671,-0.07492976635694504,0.3095652759075165,0.6800945401191711,-0.09127277135848999,0.19177669286727905,0.7589398622512817,-0.10001028329133987,0.23965391516685486,0.7786380052566528,-0.07439445704221725,0.28637194633483887,0.7543820142745972,-0.06271091103553772,0.30595600605010986,0.7897498607635498,-0.10835134983062744,0.22869035601615906,0.8537389039993286,-0.11389214545488358,0.2784692347049713,0.8645764589309692,-0.0947766825556755,0.32045096158981323,0.8387940526008606,-0.08107183873653412,1.8059712083165873,1.0756230046958937,0.8902717569080778,0.7374741356235793,0.6170864723297576,1.0585852877369064,0.2596708830003512,0.5227956547675906,thumbs_up
0.5119202733039856,0.8327691555023193,-4.252317467035027e-07,0.4745877981185913,0.6655982136726379,0.006921642459928989,0.40306356549263,0.4926300048828125,-0.009573704563081264,0.37223148345947266,0.35365283489227295,-0.02820374257862568,0.38640421628952026,0.23966887593269348,-0.0487038716673851,0.3310903012752533,0.47267404198646545,-0.052501000463962555,0.19163204729557037,0.5466395616531372,-0.07942501455545425,0.22653336822986603,0.5874359607696533,-0.0874364897608757,0.2720225751399994,0.5749261975288391,-0.09109489619731903,0.31839773058891296,0.5733991265296936,-0.07303232699632645,0.17700693011283875,0.6568200588226318,-0.09414903074502945,0.22609254717826843,0.6815571188926697,-0.08426672220230103,0.27982044219970703,0.6633181571960449,-0.0792025476694107,0.3121429979801178,0.6855972409248352,-0.09100866317749023,0.19046920537948608,0.7602936625480652,-0.10532059520483017,0.23949310183525085,0.7767516374588013,-0.08062201738357544,0.28852811455726624,0.7538402676582336,-0.06736568361520767,0.3108679950237274,0.7967426776885986,-0.10825175791978836,0.22621846199035645,0.855248212814331,-0.11694657057523727,0.2760087251663208,0.8642889261245728,-0.0972590446472168,0.3209391236305237,0.8398512601852417,-0.08184916526079178,1.8332756341332512,1.0965326770586639,0.8985343308125427,0.7424766315360428,0.6266821069405173,1.075387584443872,0.2698676653711443,0.5464292072277466,thumbs_up
0.5144294500350952,0.8346003293991089,-4.3185764297959395e-07,0.47404831647872925,0.6663401126861572,0.010128290392458439,0.4014188349246979,0.49540504813194275,-0.0066911084577441216,0.3704153001308441,0.3564513921737671,-0.026008816435933113,0.386669397354126,0.2427825629711151,-0.047309715300798416,0.3310013711452484,0.4768912196159363,-0.05496780201792717,0.1916455179452896,0.5536890029907227,-0.07975717633962631,0.22763866186141968,0.5920408368110657,-0.08481278270483017,0.2723701596260071,0.5777177214622498,-0.08680147677659988,0.3180781602859497,0.5737202167510986,-0.07680565863847733,0.17827361822128296,0.6600648164749146,-0.09506040066480637,0.22529713809490204,0.6841070652008057,-0.08293826878070831,0.27780357003211975,0.665461540222168,-0.07724235951900482,0.31116294860839844,0.6840914487838745,-0.0952887088060379,0.19430141150951385,0.7618472576141357,-0.10492914915084839,0.24162864685058594,0.7785496711730957,-0.07875874638557434,0.2890636622905731,0.7545084953308105,-0.06635790318250656,0.30882465839385986,0.7951390743255615,-0.11300818622112274,0.22940737009048462,0.8550153374671936,-0.11824478954076767,0.2787769138813019,0.8646566867828369,-0.09804383665323257,0.3214399516582489,0.8401828408241272,-0.0834345743060112,1.8105120494788098,1.0836224566271702,0.8971877670292419,0.7399771563153448,0.6270400191230114,1.061621309644218,0.2636334837472774,0.537207214909144,thumbs_up
0.5128869414329529,0.8354068994522095,-4.107673419184721e-07,0.4740985631942749,0.6655831336975098,0.009024825878441334,0.4018593430519104,0.4916479289531708,-0.007883677259087563,0.37232065200805664,0.3521707057952881,-0.0272478386759758,0.3878256678581238,0.23692023754119873,-0.04879692569375038,0.3315090239048004,0.47622546553611755,-0.05549755319952965,0.19130510091781616,0.5498746633529663,-0.08187664300203323,0.22745877504348755,0.5875306725502014,-0.08875635266304016,0.2732977569103241,0.5723642110824585,-0.09187287092208862,0.32001861929893494,0.5774458646774292,-0.07751971483230591,0.17675919830799103,0.6538810133934021,-0.09808789938688278,0.2259855568408966,0.6771186590194702,-0.08714243024587631,0.2805396020412445,0.6600109934806824,-0.08161944895982742,0.31443682312965393,0.6900070309638977,-0.09630881249904633,0.1916702687740326,0.7585991621017456,-0.10976296663284302,0.2417176216840744,0.773032009601593,-0.08342286199331284,0.29194626212120056,0.7505388855934143,-0.06950271129608154,0.3140232264995575,0.8014689087867737,-0.11414286494255066,0.2279338389635086,0.850739598274231,-0.12258775532245636,0.2783251106739044,0.8573031425476074,-0.10152880102396011,0.32398131489753723,0.8337259292602539,-0.08539620041847229,1.851431470856975,1.1092180893504213,0.9126247896036612,0.7445891678780245,0.6257920567316546,1.0778047665940256,0.26726307561744034,0.5406293765632435,thumbs_up
0.5140495896339417,0.8303349018096924,-4.072657588949369e-07,0.47641927003860474,0.6649535298347473,0.005807486362755299,0.40221869945526123,0.4946529269218445,-0.011171910911798477,0.3706628084182739,0.35548385977745056,-0.030147220939397812,0.3875264823436737,0.24030882120132446,-0.0509582944214344,0.33162832260131836,0.47498881816864014,-0.05245864763855934,0.19147789478302002,0.5525341033935547,-0.08058290183544159,0.22910933196544647,0.5902125835418701,-0.09014274924993515,0.2750515341758728,0.5731630325317383,-0.09473152458667755,0.3194885551929474,0.5753739476203918,-0.07207772135734558,0.17801734805107117,0.6597860455513,-0.0933249369263649,0.22734996676445007,0.6810250282287598,-0.08395740389823914,0.28071263432502747,0.6606875658035278,-0.07912340760231018,0.31293419003486633,0.6873626112937927,-0.08936648070812225,0.19252294301986694,0.7624062299728394,-0.10322190076112747,0.24095064401626587,0.7767764925956726,-0.07903947681188583,0.2894437909126282,0.7523702383041382,-0.06611861288547516,0.3105396032333374,0.7991336584091187,-0.10617859661579132,0.22865533828735352,0.8571683764457703,-0.11408073455095291,0.2784724533557892,0.8651155233383179,-0.09479612112045288,0.32285693287849426,0.8409500122070312,-0.07974252849817276,1.8422744453377569,1.1062292697059604,0.9100333341813045,0.75072150940262,0.6310211122175261,1.0770972916281876,0.27100933610270694,0.5631727956939557,thumbs_up
0.5144404172897339,0.8312842845916748,-4.6836061073918245e-07,0.4765617847442627,0.6652424931526184,0.012100164778530598,0.4055735766887665,0.4941033720970154,-0.0033432282507419586,0.37430208921432495,0.35493355989456177,-0.021857762709259987,0.38849154114723206,0.24331271648406982,-0.042474277317523956,0.33620285987854004,0.47149133682250977,-0.051186345517635345,0.1937420666217804,0.5450851321220398,-0.07676799595355988,0.2264016568660736,0.5879650712013245,-0.08304185420274734,0.26985591650009155,0.5744165778160095,-0.08584169298410416,0.3251350224018097,0.5670081377029419,-0.07419433444738388,0.17789794504642487,0.6531167030334473,-0.09411884844303131,0.22499515116214752,0.6800811886787415,-0.08265658468008041,0.2786537706851959,0.661109447479248,-0.07658250629901886,0.3184978663921356,0.6767063736915588,-0.0939929187297821,0.19543048739433289,0.7611983418464661,-0.10475397855043411,0.24395430088043213,0.7772157788276672,-0.07886902987957001,0.2917644679546356,0.7507076263427734,-0.06623675674200058,0.31638234853744507,0.7870355844497681,-0.11286093294620514,0.23348338901996613,0.853348970413208,-0.11858905851840973,0.2841942012310028,0.8619244694709778,-0.09856357425451279,0.32813218235969543,0.834486722946167,-0.08399677276611328,1.807833222116208,1.0944213640068676,0.9018007168339949,0.7374442189217896,0.6129777248073733,1.0627912087277795,0.2628001282296857,0.5411776522455728,thumbs_up
0.5155060291290283,0.8355535864830017,-4.148999437347811e-07,0.47800883650779724,0.6697335839271545,0.004611801356077194,0.4074972867965698,0.49626946449279785,-0.013469967059791088,0.3757915198802948,0.35448166728019714,-0.03261090815067291,0.38967111706733704,0.2371874451637268,-0.05377325415611267,0.33609044551849365,0.47699233889579773,-0.05977568030357361,0.19617561995983124,0.5479658246040344,-0.08507324010133743,0.22828564047813416,0.5897135138511658,-0.09037468582391739,0.2706106901168823,0.5776128172874451,-0.09266480058431625,0.32227858901023865,0.5749683380126953,-0.078609898686409,0.18128541111946106,0.656927764415741,-0.09746766835451126,0.22728559374809265,0.6843332052230835,-0.08573222160339355,0.27880197763442993,0.6667508482933044,-0.0803414136171341,0.3142020106315613,0.6859151721000671,-0.09449125081300735,0.1947726607322693,0.7620944976806641,-0.105767622590065,0.24093398451805115,0.7798252105712891,-0.08058150857686996,0.2876541018486023,0.756064772605896,-0.06852489709854126,0.3096799850463867,0.796859085559845,-0.1097811609506607,0.2277991771697998,0.8575934171676636,-0.11652236431837082,0.2753039598464966,0.8672674894332886,-0.09721200168132782,0.31753289699554443,0.8423186540603638,-0.08306188136339188,1.8388751057114274,1.1011159091388656,0.9036142471237026,0.7515296084595325,0.6434965085452903,1.0866904290913941,0.27069573208291736,0.538676997556233,thumbs_up
0.5197227001190186,0.8368307948112488,-4.515311502473196e-07,0.48101383447647095,0.6680130362510681,0.009972397238016129,0.4092615842819214,0.4958246350288391,-0.006215993780642748,0.3793030381202698,0.3552978038787842,-0.024874256923794746,0.39291203022003174,0.24062752723693848,-0.045406024903059006,0.338135689496994,0.47531700134277344,-0.05200214311480522,0.19805599749088287,0.5488086938858032,-0.07693109661340714,0.2317638099193573,0.5907202959060669,-0.08286216109991074,0.2760988473892212,0.5783050656318665,-0.08553174883127213,0.32416024804115295,0.5721200704574585,-0.07364184409379959,0.18152688443660736,0.6585119962692261,-0.09291751682758331,0.22964438796043396,0.6845946311950684,-0.08171284198760986,0.28352877497673035,0.6642616391181946,-0.07625136524438858,0.3160979449748993,0.6828189492225647,-0.09222839027643204,0.19343781471252441,0.7614935636520386,-0.10350368916988373,0.24340860545635223,0.7778946161270142,-0.07779556512832642,0.29273325204849243,0.7523905634880066,-0.06523103266954422,0.3141420781612396,0.7930288910865784,-0.11001673340797424,0.23237478733062744,0.8565280437469482,-0.1169140487909317,0.28272745013237,0.8664222955703735,-0.097394660115242,0.32678160071372986,0.8403713703155518,-0.08292325586080551,1.812370771148981,1.0834023566015418,0.8963407109968003,0.7437051771121844,0.6227821861438417,1.0661327345362677,0.2572980940842505,0.5380698480898756,thumbs_up
0.5234741568565369,0.8347902297973633,-4.3759928303188644e-07,0.48350584506988525,0.6707243323326111,0.008912610821425915,0.4106539189815521,0.49770450592041016,-0.008295511826872826,0.3784395158290863,0.35733142495155334,-0.027569817379117012,0.39177149534225464,0.24198463559150696,-0.048653241246938705,0.34142005443573,0.4765367805957794,-0.05782774090766907,0.19902554154396057,0.5483273863792419,-0.08470619469881058,0.232261061668396,0.588797926902771,-0.0904633104801178,0.2762529253959656,0.5752334594726562,-0.09280791133642197,0.3287607431411743,0.573396623134613,-0.07986190915107727,0.1818878948688507,0.6546845436096191,-0.10131723433732986,0.23024001717567444,0.6821572780609131,-0.08933058381080627,0.284702867269516,0.6645694971084595,-0.08280074596405029,0.3216443359851837,0.6837887167930603,-0.09861981123685837,0.19864153861999512,0.7625787258148193,-0.11158548295497894,0.24795466661453247,0.7799535989761353,-0.08461496978998184,0.29650846123695374,0.7550035715103149,-0.07079581171274185,0.31931209564208984,0.7950193881988525,-0.11654292792081833,0.23652908205986023,0.856273889541626,-0.12426945567131042,0.28695443272590637,0.8661561012268066,-0.10365095734596252,0.33028626441955566,0.8406639695167542,-0.08829008787870407,1.8153439522131696,1.1033567873156434,0.9079650590618246,0.7472924226038201,0.6331833722126469,1.0592074785472805,0.26905426761447776,0.5422783873455829,thumbs_up
0.5256089568138123,0.8406249284744263,-4.383310283628816e-07,0.4858804941177368,0.6750827431678772,0.007991708815097809,0.41244766116142273,0.4978809356689453,-0.009788453578948975,0.38165438175201416,0.3551449775695801,-0.02966109663248062,0.39514079689979553,0.23770928382873535,-0.051542799919843674,0.34444838762283325,0.4799293875694275,-0.057544223964214325,0.20365510880947113,0.5482536554336548,-0.08432984352111816,0.23427248001098633,0.5899415016174316,-0.09107179194688797,0.2755861282348633,0.5773361325263977,-0.09462854266166687,0.3316260278224945,0.5763070583343506,-0.07949461787939072,0.1855817437171936,0.6554418206214905,-0.1008862629532814,0.23256313800811768,0.6825944185256958,-0.08992210775613785,0.2855018377304077,0.6646230816841125,-0.08438748121261597,0.32476359605789185,0.6862087249755859,-0.0983358696103096,0.19897331297397614,0.7617568373680115,-0.11182554811239243,0.2481996715068817,0.7779985666275024,-0.08556768298149109,0.29682591557502747,0.7529691457748413,-0.0721885934472084,0.322810560464859,0.7963643074035645,-0.11640399694442749,0.23834578692913055,0.8564826250076294,-0.12489523738622665,0.2878977954387665,0.8639792203903198,-0.1049550473690033,0.3313327133655548,0.8373382091522217,-0.09012646973133087,1.8348822047143327,1.1122042880010292,0.9172150295695939,0.7570913455701509,0.6348919944183782,1.0748797927711442,0.26216110735707,0.5299482818685678,thumbs_up
0.5257779955863953,0.8305315971374512,-4.4659179820882855e-07,0.4885267913341522,0.6693483591079712,0.0047044046223163605,0.41637343168258667,0.49536895751953125,-0.014083532616496086,0.3871675431728363,0.353478342294693,-0.03481949493288994,0.40047991275787354,0.23737630248069763,-0.05694610998034477,0.34847378730773926,0.4725436866283417,-0.0586693249642849,0.2015886753797531,0.546313464641571,-0.0908520370721817,0.23580031096935272,0.5864013433456421,-0.10009173303842545,0.28185567259788513,0.5722886919975281,-0.10343988239765167,0.33642545342445374,0.5698084831237793,-0.07897074520587921,0.18711309134960175,0.6568642258644104,-0.10524365305900574,0.23705710470676422,0.6819834113121033,-0.09469995647668839,0.2918393909931183,0.6609606146812439,-0.0882158949971199,0.3288291394710541,0.680655837059021,-0.09720230847597122,0.20403063297271729,0.761360228061676,-0.11476864665746689,0.25442761182785034,0.7777793407440186,-0.08845309168100357,0.3039833903312683,0.751405656337738,-0.07369327545166016,0.32533836364746094,0.7920787930488586,-0.11502280831336975,0.24103251099586487,0.856307327747345,-0.12545150518417358,0.2929573059082031,0.8647053241729736,-0.1059654951095581,0.3382270634174347,0.8380656242370605,-0.0905706137418747,1.8353768416797072,1.1151957480679533,0.9105805102881915,0.7437425991447666,0.6281884094293253,1.0800693677895512,0.27284860045579823,0.5518799701838185,thumbs_up
0.5283468961715698,0.8368211388587952,-4.459485296592902e-07,0.487251877784729,0.6695898771286011,0.008197850547730923,0.4149819314479828,0.49253374338150024,-0.009435887448489666,0.3862595558166504,0.35069960355758667,-0.029069840908050537,0.40126940608024597,0.23546192049980164,-0.05084311217069626,0.34961602091789246,0.4788815379142761,-0.05957118049263954,0.2084353268146515,0.5466516017913818,-0.0868692472577095,0.2406110018491745,0.5876821875572205,-0.09330540895462036,0.28346195816993713,0.5756029486656189,-0.0960410013794899,0.3365393877029419,0.5757025480270386,-0.08135345578193665,0.19051145017147064,0.6546076536178589,-0.10228875279426575,0.23817706108093262,0.6814079880714417,-0.09062650799751282,0.2910696864128113,0.664333164691925,-0.08481063693761826,0.32963699102401733,0.6857051849365234,-0.09988876432180405,0.20370909571647644,0.7604472637176514,-0.11276432871818542,0.25332504510879517,0.7770422697067261,-0.08610206097364426,0.3021699786186218,0.7534831762313843,-0.07262034714221954,0.3273760974407196,0.7968317270278931,-0.11754313856363297,0.2396554946899414,0.8538895845413208,-0.12544597685337067,0.28819191455841064,0.8619570136070251,-0.10497510433197021,0.33132404088974,0.8375428915023804,-0.08981119841337204,1.8462249043977699,1.1097369341938064,0.9141069479523317,0.7536018444388911,0.6481836408489117,1.0860255055643868,0.2687023455999505,0.532537136548832,thumbs_up
0.529852032661438,0.8354838490486145,-4.034076823700161e-07,0.4883475601673126,0.6678830981254578,0.0078057111240923405,0.4156336486339569,0.4897086024284363,-0.010399523191154003,0.38952821493148804,0.3474399149417877,-0.03090192936360836,0.40394866466522217,0.23193374276161194,-0.05310611426830292,0.34814387559890747,0.4709394872188568,-0.057243168354034424,0.2059069573879242,0.5437167882919312,-0.08691565692424774,0.2397216260433197,0.5834983587265015,-0.09581674635410309,0.28387147188186646,0.5677481889724731,-0.09994854778051376,0.33636975288391113,0.571537971496582,-0.07965124398469925,0.1887224316596985,0.6538507342338562,-0.10309179872274399,0.2375529706478119,0.6792159080505371,-0.09215816110372543,0.29272258281707764,0.6592110991477966,-0.08614904433488846,0.3308548927307129,0.6848013997077942,-0.09937427192926407,0.2034415602684021,0.7599456906318665,-0.1147906631231308,0.25308048725128174,0.7761765718460083,-0.08800151944160461,0.3033900558948517,0.7505475282669067,-0.07343237847089767,0.33066263794898987,0.797210156917572,-0.11838176101446152,0.244808167219162,0.8550572395324707,-0.1274329423904419,0.29432201385498047,0.8626441955566406,-0.10669931769371033,0.33914268016815186,0.8354884386062622,-0.09073258191347122,1.8372575323354834,1.1194867264324881,0.9137600785685155,0.7504529452872276,0.6270195780523407,1.0679292781458787,0.2758760032618303,0.5413708211074592,thumbs_up
0.5316981673240662,0.8354634046554565,-4.2009418166344403e-07,0.4912951588630676,0.6679593324661255,0.005775522440671921,0.41883569955825806,0.4898054599761963,-0.013495426625013351,0.3900264799594879,0.3457532525062561,-0.0341755673289299,0.40495213866233826,0.2279025912284851,-0.05685557797551155,0.35429254174232483,0.47363245487213135,-0.061793822795152664,0.2088882327079773,0.5481299757957458,-0.09051962941884995,0.2458878755569458,0.5864337682723999,-0.09807568043470383,0.2912199795246124,0.569956362247467,-0.10112061351537704,0.3421190083026886,0.5733258724212646,-0.08193669468164444,0.19198445975780487,0.6578415632247925,-0.10451634228229523,0.24345272779464722,0.6803604364395142,-0.09332357347011566,0.2981504201889038,0.6598367094993591,-0.08721383661031723,0.33531978726387024,0.6857834458351135,-0.09899848699569702,0.20503376424312592,0.7615479230880737,-0.11305984109640121,0.25616908073425293,0.7759220004081726,-0.08681237697601318,0.3065231740474701,0.7507838606834412,-0.0728737935423851,0.3325311839580536,0.7987231016159058,-0.11526737362146378,0.24339911341667175,0.8582330942153931,-0.12350214272737503,0.2939516305923462,0.8644614219665527,-0.10330052673816681,0.3392755687236786,0.838596761226654,-0.08779191970825195,1.867538705970303,1.115363823479427,0.9137884804002748,0.7532194908759661,0.6338410441447485,1.0882514453377403,0.27332163353535627,0.5496502986754688,thumbs_up
0.5330076217651367,0.8357921242713928,-4.247655454037158e-07,0.49237239360809326,0.666365385055542,0.0095574501901865,0.4221130311489105,0.4870663285255432,-0.008223322220146656,0.39581605792045593,0.3448149859905243,-0.028317956253886223,0.4088115990161896,0.2311091423034668,-0.050974614918231964,0.35724836587905884,0.4742364287376404,-0.06003958359360695,0.2178584486246109,0.5304821729660034,-0.08684055507183075,0.23976337909698486,0.5746022462844849,-0.09350806474685669,0.2757120728492737,0.5710940361022949,-0.09677104651927948,0.34386828541755676,0.5718410015106201,-0.08349814265966415,0.19397805631160736,0.6437836289405823,-0.1050204336643219,0.23897334933280945,0.6728865504264832,-0.09411558508872986,0.2923341989517212,0.6591009497642517,-0.08877069503068924,0.33721962571144104,0.6833792328834534,-0.10330140590667725,0.20732943713665009,0.7573257684707642,-0.1166854277253151,0.2569918632507324,0.7731842398643494,-0.09007492661476135,0.30736204981803894,0.7509286403656006,-0.07665669173002243,0.3364493250846863,0.7953984141349792,-0.12200063467025757,0.245123952627182,0.8546952605247498,-0.1305849701166153,0.29389435052871704,0.8616352081298828,-0.10956339538097382,0.33893021941185,0.8359836339950562,-0.0941692665219307,1.8474000153626982,1.138181398224254,0.9290174564807333,0.754491705459261,0.6433830132848748,1.0974847646761579,0.2681878079414804,0.5457937292884457,thumbs_up
0.532701849937439,0.8343692421913147,-3.9505599147560133e-07,0.4899349808692932,0.6668580770492554,0.0069567542523145676,0.4197969138622284,0.4872981905937195,-0.012336486019194126,0.39331793785095215,0.34468716382980347,-0.03338324651122093,0.4058956801891327,0.22725284099578857,-0.05681304261088371,0.3541651964187622,0.475044846534729,-0.06294296681880951,0.21368515491485596,0.5452643632888794,-0.0907934233546257,0.24657200276851654,0.5804021954536438,-0.09745614230632782,0.28898000717163086,0.5650457739830017,-0.10043315589427948,0.34403619170188904,0.5754538178443909,-0.0847349762916565,0.19500724971294403,0.6531484723091125,-0.10611366480588913,0.24340906739234924,0.6758577823638916,-0.09468044340610504,0.29741179943084717,0.6592369079589844,-0.08947338908910751,0.3398060202598572,0.687961995601654,-0.10323946177959442,0.2080584168434143,0.7605889439582825,-0.11727668344974518,0.2582551836967468,0.7748687863349915,-0.09098509699106216,0.3093514144420624,0.7518526315689087,-0.07767758518457413,0.33934885263442993,0.8009645342826843,-0.12076602131128311,0.24660401046276093,0.8585644960403442,-0.12970231473445892,0.2942335307598114,0.8642440438270569,-0.1095789447426796,0.3387274742126465,0.8385956287384033,-0.09477942436933517,1.8794582985556283,1.137240088178976,0.9253927474833301,0.7557972121008961,0.6516174412078134,1.086685635659689,0.2872859367359694,0.5556533274550967,thumbs_up
0.532941997051239,0.8368901014328003,-4.1471881218058115e-07,0.4926634132862091,0.6689478158950806,0.007227245718240738,0.42157742381095886,0.4907539486885071,-0.011966060847043991,0.3941209316253662,0.3484088182449341,-0.03300274908542633,0.40938663482666016,0.23284563422203064,-0.056238237768411636,0.3570047914981842,0.47438889741897583,-0.06113416701555252,0.21395130455493927,0.5426775813102722,-0.09279999881982803,0.24911388754844666,0.5790970921516418,-0.10400568693876266,0.29514843225479126,0.5646461844444275,-0.10932610183954239,0.3465825915336609,0.5759039521217346,-0.08316078037023544,0.19577109813690186,0.6539533734321594,-0.10728609561920166,0.24653740227222443,0.6764171719551086,-0.09765850752592087,0.30241191387176514,0.658966600894928,-0.09260781854391098,0.34171295166015625,0.6885929107666016,-0.10217349976301193,0.2104487121105194,0.7618209719657898,-0.11848308891057968,0.2610580623149872,0.7762066125869751,-0.09248412400484085,0.312193363904953,0.7534973621368408,-0.07799211144447327,0.34114494919776917,0.8020787239074707,-0.120158351957798,0.24714088439941406,0.8579465746879578,-0.12966789305210114,0.29622402787208557,0.8647212982177734,-0.10836566239595413,0.3417399525642395,0.8410788774490356,-0.09176479279994965,1.8687301945995172,1.1398827536226894,0.922355082707747,0.7501643709580917,0.6402761880169882,1.071260190406811,0.28996531293751404,0.5623668934590235,thumbs_up
0.5344703793525696,0.8365687131881714,-4.2447962300684594e-07,0.492847740650177,0.6679426431655884,0.008981534279882908,0.4210599660873413,0.4890260696411133,-0.009819370694458485,0.39158111810684204,0.34754520654678345,-0.03024918958544731,0.4069514572620392,0.23209768533706665,-0.05301382765173912,0.35825616121292114,0.4739321172237396,-0.06665505468845367,0.2133783996105194,0.5418684482574463,-0.09306240826845169,0.246408611536026,0.5822980999946594,-0.0969390869140625,0.28985995054244995,0.5687189698219299,-0.0981217697262764,0.34728100895881653,0.5742409229278564,-0.08933328092098236,0.19514481723308563,0.6511883735656738,-0.11018230766057968,0.24461042881011963,0.6772717237472534,-0.09606585651636124,0.2995472848415375,0.6605353951454163,-0.08883067220449448,0.34153610467910767,0.6871418356895447,-0.10800556093454361,0.20905046164989471,0.7605577111244202,-0.12002696096897125,0.2596014142036438,0.7764764428138733,-0.091194748878479,0.3100198209285736,0.7528124451637268,-0.07682009786367416,0.33956214785575867,0.8001652956008911,-0.12557312846183777,0.24628278613090515,0.8570525646209717,-0.13285686075687408,0.29472485184669495,0.8639289736747742,-0.11136163771152496,0.3387906849384308,0.838670551776886,-0.0959058552980423,1.8540926986318698,1.1236565601420718,0.9171223791856417,0.7522989482148725,0.6516608920976116,1.0742414971845737,0.2774725382766958,0.5458518517838338,thumbs_up
0.5319882035255432,0.8422349095344543,-4.3712879005397554e-07,0.4920552968978882,0.67561936378479,0.006983735598623753,0.42265957593917847,0.4933795928955078,-0.012377739883959293,0.3961917459964752,0.3490679860115051,-0.033393170684576035,0.4107646942138672,0.23310965299606323,-0.05666913092136383,0.36033064126968384,0.47567394375801086,-0.06358522921800613,0.21696411073207855,0.5409334301948547,-0.09355248510837555,0.2453804463148117,0.5808625221252441,-0.10202274471521378,0.28702428936958313,0.5696548223495483,-0.1062173917889595,0.3485012948513031,0.5728074908256531,-0.08615098148584366,0.19460301101207733,0.6527017951011658,-0.1102893278002739,0.2414877712726593,0.6795687675476074,-0.09965328127145767,0.2964196503162384,0.6621230840682983,-0.09420211613178253,0.34238675236701965,0.6835998892784119,-0.10553549230098724,0.20830954611301422,0.7619568109512329,-0.12135099619626999,0.2571185231208801,0.7776123881340027,-0.09465864300727844,0.30775412917137146,0.752526581287384,-0.08063129335641861,0.34111452102661133,0.7954241037368774,-0.12409891188144684,0.2501192092895508,0.8614758849143982,-0.134238600730896,0.2986718714237213,0.8684768676757812,-0.1143355518579483,0.3432878255844116,0.8404523730278015,-0.0994548574090004,1.8496819973129355,1.1316715773017156,0.9228021454024364,0.7551673495811133,0.6326622048102194,1.0735939536764123,0.27795701900024744,0.5470894309078973,thumbs_up
0.5318454504013062,0.8354306221008301,-4.391416439375462e-07,0.49373793601989746,0.6688791513442993,0.004746139980852604,0.4252336323261261,0.49168115854263306,-0.013162489980459213,0.3954566717147827,0.3519640564918518,-0.032404620200395584,0.40565016865730286,0.2378779947757721,-0.0533219575881958,0.35944700241088867,0.47357338666915894,-0.060604024678468704,0.21487224102020264,0.5357217192649841,-0.08884205669164658,0.24414679408073425,0.5795444846153259,-0.0951690822839737,0.2872665822505951,0.5737897157669067,-0.09742336720228195,0.34573543071746826,0.5722739100456238,-0.08103850483894348,0.1953025609254837,0.6505671143531799,-0.10440655797719955,0.24455516040325165,0.6786467432975769,-0.09340552240610123,0.2999514937400818,0.6629195809364319,-0.08759167045354843,0.33767569065093994,0.6847789287567139,-0.09870270639657974,0.20674973726272583,0.7587695121765137,-0.11533667892217636,0.25768396258354187,0.7771009206771851,-0.08909276127815247,0.308707058429718,0.7554517388343811,-0.07497037202119827,0.334032267332077,0.7978141903877258,-0.11555612832307816,0.24231526255607605,0.85769122838974,-0.12706054747104645,0.2918810248374939,0.8674778938293457,-0.10757500678300858,0.337102472782135,0.8431764841079712,-0.09244092553853989,1.8446118587898623,1.1168013827477024,0.908697216261231,0.7480432900736562,0.6490404238322592,1.0798329551769723,0.27249396783592705,0.5539630515525752,thumbs_up
0.5367468595504761,0.8399302959442139,-4.789829972651205e-07,0.49569636583328247,0.6748950481414795,0.00823237281292677,0.42418521642684937,0.494439959526062,-0.010778163559734821,0.395864874124527,0.35140717029571533,-0.03190946951508522,0.40925467014312744,0.23514008522033691,-0.055473871529102325,0.36381930112838745,0.47348761558532715,-0.06532894819974899,0.2214290201663971,0.5351276993751526,-0.0935230627655983,0.2453427016735077,0.5781835913658142,-0.09883536398410797,0.2825494408607483,0.5732842683792114,-0.10099533945322037,0.35199907422065735,0.5684382319450378,-0.08925040066242218,0.19904378056526184,0.6483339667320251,-0.11199434846639633,0.24322496354579926,0.6763563752174377,-0.09985584765672684,0.29535165429115295,0.6609941720962524,-0.09420856833457947,0.34504127502441406,0.6796094179153442,-0.10971923917531967,0.21151848137378693,0.7599689960479736,-0.12450779229402542,0.26014626026153564,0.7762459516525269,-0.096825510263443,0.3097253143787384,0.7520030736923218,-0.08306034654378891,0.34201952815055847,0.7936933040618896,-0.12918570637702942,0.24557676911354065,0.8564866781234741,-0.13917919993400574,0.2932327389717102,0.8634649515151978,-0.11852363497018814,0.33823806047439575,0.8359391093254089,-0.10359574109315872,1.8235721168151846,1.1225008382974473,0.9253663857231298,0.7558953148395741,0.6580909343830608,1.069522607233144,0.26123429192917286,0.5300261706041018,thumbs_up
0.5334949493408203,0.839282751083374,-4.2342966821706796e-07,0.494656503200531,0.6696552038192749,0.006658783182501793,0.4254254102706909,0.4929380714893341,-0.01121571660041809,0.39551880955696106,0.35226505994796753,-0.03081684187054634,0.4051840007305145,0.23673734068870544,-0.05234295874834061,0.3568725287914276,0.47284936904907227,-0.05904723331332207,0.21310380101203918,0.5386304259300232,-0.08692742884159088,0.2439141571521759,0.5807455778121948,-0.09358701854944229,0.2876722812652588,0.5726953744888306,-0.09625303745269775,0.34298551082611084,0.5718770623207092,-0.08056381344795227,0.19237840175628662,0.6483163833618164,-0.10299543291330338,0.2408497929573059,0.6766424775123596,-0.0920252725481987,0.2963142693042755,0.6621482372283936,-0.08645147830247879,0.335927814245224,0.6846907734870911,-0.09908217191696167,0.20592737197875977,0.7578741908073425,-0.11453375965356827,0.2562165856361389,0.7756574153900146,-0.08824943751096725,0.3076297342777252,0.7539797425270081,-0.074458546936512,0.3337302803993225,0.7976962327957153,-0.11669716238975525,0.24367451667785645,0.8574891686439514,-0.12734799087047577,0.29356274008750916,0.8656584620475769,-0.1076226457953453,0.3392105996608734,0.8397551774978638,-0.09246686100959778,1.8288425908944634,1.109781252456731,0.9122130627521583,0.7473537919588243,0.6364573235541122,1.0607746941338605,0.26740756888669054,0.5407554417738016,thumbs_up
0.5337998867034912,0.8362234830856323,-4.013878367459256e-07,0.49037736654281616,0.6673938632011414,0.007649519015103579,0.41817420721054077,0.4887009859085083,-0.011989563703536987,0.38971447944641113,0.3460257053375244,-0.033753909170627594,0.4073624312877655,0.23032456636428833,-0.05707266554236412,0.34955155849456787,0.47387033700942993,-0.06259341537952423,0.20494087040424347,0.5495858788490295,-0.09413116425275803,0.24551740288734436,0.5847911834716797,-0.1026948019862175,0.29374784231185913,0.5676862001419067,-0.10615047812461853,0.33997398614883423,0.5745074152946472,-0.0861535519361496,0.18987616896629333,0.6543331146240234,-0.11116945743560791,0.24143864214420319,0.6764308214187622,-0.10054339468479156,0.29691579937934875,0.6593804359436035,-0.09456716477870941,0.3361112177371979,0.6877291202545166,-0.10654307901859283,0.20859524607658386,0.7643446922302246,-0.12288518249988556,0.2587948739528656,0.777762234210968,-0.09541995078325272,0.30901190638542175,0.75337815284729,-0.08021016418933868,0.3364585340023041,0.8014993667602539,-0.1261022984981537,0.24609094858169556,0.8610852956771851,-0.13559682667255402,0.2961418032646179,0.8655997514724731,-0.11381912231445312,0.3411557078361511,0.8387769460678101,-0.09694681316614151,1.845107937237557,1.114665838800849,0.9213167902171059,0.7499427530800529,0.640225107229674,1.066695570097197,0.274512547782097,0.5485255043499909,thumbs_up
0.5352336168289185,0.8398456573486328,-4.4127060050414e-07,0.49352574348449707,0.673835813999176,0.005954754538834095,0.42030251026153564,0.49146565794944763,-0.012644571252167225,0.39389199018478394,0.3467501997947693,-0.03323860093951225,0.40739932656288147,0.22984129190444946,-0.05519171804189682,0.35452064871788025,0.47024571895599365,-0.058253560215234756,0.21132750809192657,0.5428203344345093,-0.08885949105024338,0.2446897029876709,0.5827455520629883,-0.09789668023586273,0.2876955568790436,0.5649508833885193,-0.10235779732465744,0.3430973291397095,0.5685911774635315,-0.08041700720787048,0.19174732267856598,0.6521725058555603,-0.10523013025522232,0.24097716808319092,0.6788997650146484,-0.09470725059509277,0.2948058545589447,0.6584637761116028,-0.08904213458299637,0.3370387554168701,0.680443286895752,-0.10022038221359253,0.20583945512771606,0.7608667016029358,-0.11632957309484482,0.25696635246276855,0.777984619140625,-0.0891386941075325,0.30614173412323,0.7509839534759521,-0.07455188035964966,0.33554908633232117,0.7934386730194092,-0.11958125978708267,0.24427062273025513,0.856378436088562,-0.12935850024223328,0.29385530948638916,0.8645703792572021,-0.10888522863388062,0.3379882872104645,0.8369659185409546,-0.0933617651462555,1.829523645958274,1.122291775636549,0.9183068944844636,0.7508306007553496,0.6381428488958508,1.0495949227308132,0.2769703906024917,0.5371427575064778,thumbs_up
0.5340255498886108,0.8384788036346436,-4.1578141463105567e-07,0.49244225025177,0.6699057221412659,0.006010162178426981,0.4198158383369446,0.48632121086120605,-0.013696912676095963,0.39211684465408325,0.3427341878414154,-0.034832339733839035,0.4074508249759674,0.22648286819458008,-0.05760158970952034,0.35626572370529175,0.4689709544181824,-0.06600059568881989,0.2075059562921524,0.5450588464736938,-0.09694451838731766,0.24609237909317017,0.5820144414901733,-0.1047661229968071,0.2931630611419678,0.5654420852661133,-0.10790525376796722,0.34513819217681885,0.5711547136306763,-0.08833809196949005,0.18894825875759125,0.6515114307403564,-0.11329994350671768,0.24172548949718475,0.6746045351028442,-0.10145370662212372,0.2983090579509735,0.65732741355896,-0.09486514329910278,0.34005847573280334,0.6854696869850159,-0.10754702240228653,0.20461420714855194,0.7595224976539612,-0.12364572286605835,0.255978524684906,0.7739259004592896,-0.09511993080377579,0.30755478143692017,0.7510761022567749,-0.07953432202339172,0.3394114673137665,0.7995543479919434,-0.12603670358657837,0.24557259678840637,0.856697678565979,-0.13588909804821014,0.2955302894115448,0.8616982102394104,-0.11441197991371155,0.3407677412033081,0.8355449438095093,-0.09799598157405853,1.851126904726329,1.1200794307107766,0.9204164874957472,0.7534569921840558,0.6391765094365064,1.0654582026783086,0.2741561960242229,0.5404518694401933,thumbs_up
0.5325294137001038,0.8346447348594666,-4.245713114414684e-07,0.4923025667667389,0.6649134159088135,0.008083654567599297,0.42132553458213806,0.48416030406951904,-0.010439814999699593,0.3928922116756439,0.34176957607269287,-0.03074384294450283,0.4072525203227997,0.22740572690963745,-0.05333394929766655,0.3564283847808838,0.46922749280929565,-0.06574703752994537,0.2085072100162506,0.5329681634902954,-0.09528528898954391,0.24166710674762726,0.5734046697616577,-0.10201183706521988,0.28795263171195984,0.5632766485214233,-0.10422520339488983,0.3449641466140747,0.572927713394165,-0.08828943222761154,0.19041374325752258,0.6467324495315552,-0.11213240772485733,0.24078914523124695,0.6725029945373535,-0.0998983159661293,0.2980692386627197,0.657873272895813,-0.09305628389120102,0.33910682797431946,0.6879759430885315,-0.10715465247631073,0.20631879568099976,0.7595932483673096,-0.12241514027118683,0.2570232152938843,0.7751895785331726,-0.0940919741988182,0.308965802192688,0.7544478178024292,-0.07867350429296494,0.33748823404312134,0.8028484582901001,-0.12488457560539246,0.2424883097410202,0.8552806973457336,-0.13385605812072754,0.29230475425720215,0.8625918030738831,-0.11134635657072067,0.3384847044944763,0.8394765853881836,-0.09422096610069275,1.8639240890683104,1.1378419825163764,0.9225759646279493,0.7493933586379938,0.6462436430692593,1.07838132927691,0.286902502808969,0.5572448153566624,thumbs_up
0.5309160351753235,0.8343152403831482,-4.1839641085061885e-07,0.4876001179218292,0.664226233959198,0.0074957371689379215,0.41815319657325745,0.48263004422187805,-0.013396307826042175,0.3923513889312744,0.3370905816555023,-0.03571665659546852,0.4042374789714813,0.2189611792564392,-0.06111652031540871,0.35566574335098267,0.4712916910648346,-0.07446129620075226,0.21293839812278748,0.5344098806381226,-0.09872563928365707,0.23598968982696533,0.5778077244758606,-0.09897807985544205,0.27274978160858154,0.5734761953353882,-0.09819190204143524,0.34494736790657043,0.5733258724212646,-0.09760569781064987,0.1919158399105072,0.6480205059051514,-0.11670609563589096,0.23514845967292786,0.6762949228286743,-0.10104400664567947,0.2877257466316223,0.663512647151947,-0.09408219158649445,0.3393751084804535,0.6881110668182373,-0.11624198406934738,0.2061133086681366,0.7625985741615295,-0.12655009329319,0.253385990858078,0.7781485319137573,-0.09672611951828003,0.3032797574996948,0.7560721635818481,-0.0832308754324913,0.3377428352832794,0.8028090000152588,-0.13384497165679932,0.24312375485897064,0.8594222664833069,-0.14067305624485016,0.2894178330898285,0.8664374351501465,-0.11845345050096512,0.3332788348197937,0.8415358662605286,-0.10354679822921753,1.8842306654343655,1.1340356578438746,0.9304840521886912,0.7602643371705431,0.6663703676215801,1.1340989301714535,0.2727313575718993,0.5492557477158176,thumbs_up
0.5304983854293823,0.8403526544570923,-3.801424099947326e-07,0.4905315935611725,0.6719391942024231,0.00418089609593153,0.4203870892524719,0.49266594648361206,-0.01561262458562851,0.39287397265434265,0.34822413325309753,-0.03598855808377266,0.40569210052490234,0.23009541630744934,-0.058835722506046295,0.3610093891620636,0.4791710078716278,-0.06967279314994812,0.2196420133113861,0.5294444561004639,-0.09737559407949448,0.24224123358726501,0.5683497190475464,-0.10309390723705292,0.27901971340179443,0.5656828880310059,-0.10514851659536362,0.34577053785324097,0.579144299030304,-0.08949217200279236,0.19490276277065277,0.644766092300415,-0.1107531487941742,0.2377123236656189,0.672088086605072,-0.09918898344039917,0.29011738300323486,0.6631127595901489,-0.09363146126270294,0.3358117640018463,0.6920099258422852,-0.10572841763496399,0.208997905254364,0.764245867729187,-0.11802208423614502,0.25478366017341614,0.777970552444458,-0.09224903583526611,0.30385759472846985,0.7587226629257202,-0.07968222349882126,0.3300623893737793,0.8054885864257812,-0.12115875631570816,0.24172121286392212,0.862932562828064,-0.12759901583194733,0.2874588370323181,0.8700395822525024,-0.10681217163801193,0.3306763768196106,0.8467682003974915,-0.0921756699681282,1.8833295958638103,1.1648166620962492,0.942149444640149,0.7637621221718149,0.6626845605043413,1.0886969934018407,0.297203046381275,0.5661666417049263,thumbs_up
0.5310257077217102,0.8382456302642822,-4.037557914671197e-07,0.4889029264450073,0.6689861416816711,0.007269240915775299,0.4159698188304901,0.48741415143013,-0.012325523421168327,0.38722705841064453,0.34459760785102844,-0.033492740243673325,0.4045228064060211,0.22983437776565552,-0.056309908628463745,0.3531361520290375,0.47101980447769165,-0.06639547646045685,0.2056378424167633,0.5405510663986206,-0.09665468335151672,0.2411152422428131,0.5789971351623535,-0.10301902890205383,0.2865167558193207,0.563993513584137,-0.10521122068166733,0.3424810469150543,0.5739750862121582,-0.08951588720083237,0.18674534559249878,0.6515951752662659,-0.11482691764831543,0.23773883283138275,0.6752903461456299,-0.10225677490234375,0.29419785737991333,0.6579813957214355,-0.09492024034261703,0.3366691768169403,0.6883978843688965,-0.1092192605137825,0.2028898447751999,0.7640321850776672,-0.12549884617328644,0.25420016050338745,0.779005229473114,-0.09635235369205475,0.3055192530155182,0.7548815011978149,-0.08033983409404755,0.33498501777648926,0.802640438079834,-0.1280108094215393,0.24007883667945862,0.8604876399040222,-0.1376693695783615,0.29070934653282166,0.8672173619270325,-0.11540230363607407,0.33662357926368713,0.8409333825111389,-0.09847787022590637,1.852906919045339,1.1349271826789946,0.9276800307423958,0.7527503782931754,0.647178852030743,1.0623306809494686,0.2816944556473079,0.557800998910679,thumbs_up
0.5283222794532776,0.8416370153427124,-4.2881347894763167e-07,0.48802053928375244,0.6724483370780945,0.005171549506485462,0.4182271361351013,0.48873841762542725,-0.015233580023050308,0.3926601707935333,0.34227898716926575,-0.03713070601224899,0.40606504678726196,0.22370916604995728,-0.06095922365784645,0.35688525438308716,0.47213441133499146,-0.06608135253190994,0.21309688687324524,0.5340379476547241,-0.09541292488574982,0.23928144574165344,0.5761010646820068,-0.1021498292684555,0.2784019708633423,0.5663177371025085,-0.10539334267377853,0.3439219295978546,0.5712212324142456,-0.08797723799943924,0.19012156128883362,0.650087833404541,-0.11280632764101028,0.23591341078281403,0.6773649454116821,-0.10165442526340485,0.2900567650794983,0.6590756773948669,-0.09601335227489471,0.3357153832912445,0.6836108565330505,-0.10681471973657608,0.20178796350955963,0.7624484300613403,-0.1229945495724678,0.2508329153060913,0.7770090103149414,-0.096532441675663,0.3013715147972107,0.7498654723167419,-0.08296192437410355,0.331984281539917,0.796186089515686,-0.124992236495018,0.24140393733978271,0.8603407740592957,-0.13551820814609528,0.29018378257751465,0.8670628070831299,-0.11627650260925293,0.3355564475059509,0.8381466269493103,-0.10209348052740097,1.867234957875863,1.140324746513738,0.9298482006728889,0.7626475408266371,0.643686448434456,1.086709615830738,0.27722127864336965,0.5454366555007935,thumbs_up
0.5288591384887695,0.8372565507888794,-4.1472196699032793e-07,0.4870587885379791,0.6686332821846008,0.00516477320343256,0.41644415259361267,0.4885917901992798,-0.015230103395879269,0.386486291885376,0.3474101126194,-0.0365472175180912,0.4008327126502991,0.23050260543823242,-0.05978875607252121,0.3532094359397888,0.47231176495552063,-0.07043038308620453,0.20537321269512177,0.5392898917198181,-0.09895794093608856,0.23840463161468506,0.5785086750984192,-0.10302034765481949,0.2832120954990387,0.5683817863464355,-0.10360492765903473,0.3426947593688965,0.5759267807006836,-0.09220001101493835,0.1876143366098404,0.6535723209381104,-0.11519446969032288,0.23712679743766785,0.6787600517272949,-0.10143837332725525,0.2924365997314453,0.6637892723083496,-0.09431380778551102,0.3376186192035675,0.6913170218467712,-0.11040288954973221,0.20374776422977448,0.7643227577209473,-0.12584884464740753,0.252714604139328,0.7793476581573486,-0.09706326574087143,0.303461492061615,0.7579638361930847,-0.08187644183635712,0.3358273506164551,0.8067014217376709,-0.1276073008775711,0.23938241600990295,0.8619771003723145,-0.13756901025772095,0.2879846692085266,0.8687340617179871,-0.11576227843761444,0.33342891931533813,0.8448785543441772,-0.09940877556800842,1.8661088973169953,1.1341891589905149,0.9226716618738648,0.7565716508725098,0.6571707188835851,1.079664975949585,0.2884629235909228,0.5563700357634943,thumbs_up
0.5311239361763,0.8419627547264099,-4.3592160636762856e-07,0.4865293502807617,0.6699900031089783,0.009193903766572475,0.415138304233551,0.4869135022163391,-0.01201936136931181,0.3876146078109741,0.3410552442073822,-0.03493077680468559,0.4034997522830963,0.22287145256996155,-0.060407668352127075,0.3561494052410126,0.4744071364402771,-0.07368548214435577,0.21054653823375702,0.5345981121063232,-0.10076537728309631,0.23600885272026062,0.5745745301246643,-0.10366053134202957,0.2741653621196747,0.5680127739906311,-0.10447211563587189,0.34532052278518677,0.5734201669692993,-0.09869743138551712,0.18744397163391113,0.6486427783966064,-0.12010292708873749,0.23224839568138123,0.6750330328941345,-0.10558338463306427,0.2858150899410248,0.6604657173156738,-0.09887846559286118,0.3401073217391968,0.6867391467094421,-0.11924964934587479,0.20177258551120758,0.7638987898826599,-0.13183307647705078,0.2508276402950287,0.777942955493927,-0.10192257910966873,0.3020699918270111,0.7540510892868042,-0.08761922270059586,0.33983394503593445,0.80171138048172,-0.13862048089504242,0.24120590090751648,0.8635005950927734,-0.14702074229717255,0.28937724232673645,0.8680960536003113,-0.12471026927232742,0.33501991629600525,0.8399463891983032,-0.10923027247190475,1.8613471090155904,1.1427983142822529,0.9402799937514689,0.7636669833425456,0.6580244314082522,1.0881093404577329,0.2736425998103458,0.5463689402662512,thumbs_up
0.5318137407302856,0.8403885364532471,-4.726593658688216e-07,0.48934924602508545,0.6731467843055725,0.007909725420176983,0.4183153808116913,0.4917188882827759,-0.012233307585120201,0.38851895928382874,0.35095199942588806,-0.03428903967142105,0.3987577259540558,0.23385196924209595,-0.05932587385177612,0.3598337173461914,0.4720888137817383,-0.07035224139690399,0.2186705470085144,0.5252884030342102,-0.09859200567007065,0.23501992225646973,0.5700541734695435,-0.10292340815067291,0.26843327283859253,0.5712143182754517,-0.10459728538990021,0.34902361035346985,0.5714160203933716,-0.09516465663909912,0.19030849635601044,0.6418439149856567,-0.11926544457674026,0.23241640627384186,0.6737087368965149,-0.10662250965833664,0.28588372468948364,0.6641477346420288,-0.10036531090736389,0.344168096780777,0.6862672567367554,-0.11605709046125412,0.2006055861711502,0.7619311809539795,-0.13277439773082733,0.24951818585395813,0.7791955471038818,-0.10438332706689835,0.30216050148010254,0.7573248744010925,-0.08991464227437973,0.3442292809486389,0.8029736280441284,-0.13558527827262878,0.23943111300468445,0.8647232055664062,-0.14786313474178314,0.28639867901802063,0.8707077503204346,-0.1269620954990387,0.33338308334350586,0.8430188298225403,-0.11180419474840164,1.8409255899305608,1.1534832339015642,0.9407624986329619,0.7680220780031709,0.6722134520602407,1.0756634873648767,0.2793386029459907,0.5472238335797812,thumbs_up
0.5295041799545288,0.8413580656051636,-4.3664411464305886e-07,0.48751300573349,0.6719709038734436,0.007056019734591246,0.41678351163864136,0.490965336561203,-0.01280624233186245,0.385686993598938,0.34746164083480835,-0.0336899608373642,0.3986312747001648,0.23029860854148865,-0.056937068700790405,0.35410577058792114,0.47423624992370605,-0.07075677812099457,0.20745745301246643,0.5393233299255371,-0.09791375696659088,0.23480325937271118,0.5810557007789612,-0.1019507348537445,0.2757107615470886,0.5756657123565674,-0.10312441736459732,0.34119150042533875,0.5737196207046509,-0.09359259158372879,0.18374478816986084,0.6542015075683594,-0.11492420732975006,0.22960948944091797,0.6808870434761047,-0.1015629917383194,0.28476864099502563,0.665441632270813,-0.09524863213300705,0.3341754674911499,0.6870604157447815,-0.11242172867059708,0.1994698941707611,0.7671844959259033,-0.12538516521453857,0.2469082772731781,0.7810828685760498,-0.09733925759792328,0.2974604368209839,0.7555110454559326,-0.08385255187749863,0.33142492175102234,0.8013795018196106,-0.13023625314235687,0.23704420030117035,0.8656609058380127,-0.13902747631072998,0.28496459126472473,0.8728155493736267,-0.1178818866610527,0.3302551805973053,0.8458657264709473,-0.10272015631198883,1.843594671578392,1.1212059118554074,0.9286706441222836,0.7675097802407574,0.6587342193419587,1.0855451463890868,0.26610629292712984,0.5471079990469127,thumbs_up
0.5323629379272461,0.837965726852417,-4.5595973574563686e-07,0.4894266724586487,0.6720322370529175,0.006406209897249937,0.41523492336273193,0.4919114112854004,-0.013537165708839893,0.3862364590167999,0.3485041558742523,-0.03496740758419037,0.40069663524627686,0.23224550485610962,-0.05831654742360115,0.35422009229660034,0.47413092851638794,-0.07035719603300095,0.20417656004428864,0.5369327068328857,-0.10065115243196487,0.23356488347053528,0.5804365873336792,-0.10582419484853745,0.27758264541625977,0.5739901065826416,-0.10719442367553711,0.3432021141052246,0.5736571550369263,-0.09356404095888138,0.18381085991859436,0.6532578468322754,-0.11857469379901886,0.23185643553733826,0.6809927821159363,-0.1053471639752388,0.287960410118103,0.665529191493988,-0.09826362133026123,0.33732107281684875,0.6872439980506897,-0.11329778283834457,0.2020561546087265,0.7664745450019836,-0.13010931015014648,0.2523380219936371,0.7825002074241638,-0.10094493627548218,0.30361342430114746,0.7585456371307373,-0.08553926646709442,0.33527615666389465,0.8029111623764038,-0.1320442110300064,0.2379891276359558,0.8626997470855713,-0.14363646507263184,0.2886034846305847,0.8704537153244019,-0.12176112830638885,0.33524778485298157,0.8450585603713989,-0.10530316829681396,1.8407975567302195,1.1300574567677024,0.9308540197366609,0.759285648485347,0.6610759537876837,1.0836538626950514,0.2736567059188111,0.5492983050630417,thumbs_up
0.5289973020553589,0.8411749005317688,-4.0107482845996856e-07,0.48611289262771606,0.6723045706748962,0.005095155909657478,0.4144502282142639,0.4887405037879944,-0.016448531299829483,0.3876941204071045,0.34165531396865845,-0.03932003676891327,0.39892327785491943,0.22147059440612793,-0.06466246396303177,0.3502642512321472,0.4759516716003418,-0.07014909386634827,0.20647834241390228,0.54013991355896,-0.09903942793607712,0.23340260982513428,0.5812444686889648,-0.10452466458082199,0.273356556892395,0.5734122395515442,-0.10649479925632477,0.3390864133834839,0.5795342922210693,-0.09264396131038666,0.18506698310375214,0.6527203321456909,-0.11596968024969101,0.23039212822914124,0.6795048713684082,-0.10372843593358994,0.2843889892101288,0.6655426621437073,-0.09773635119199753,0.33345311880111694,0.6957322955131531,-0.1116325855255127,0.1989835500717163,0.7657245397567749,-0.1278025507926941,0.24759721755981445,0.7812854647636414,-0.10021091997623444,0.2990281581878662,0.758953869342804,-0.08583121746778488,0.33184385299682617,0.8112536668777466,-0.12956786155700684,0.23586206138134003,0.8635594844818115,-0.1404356211423874,0.2840348184108734,0.8704572916030884,-0.11907118558883667,0.3302278220653534,0.8456770777702332,-0.10313691198825836,1.8925941578760024,1.1454092150584616,0.9413733750134226,0.7697290272466272,0.6659874698571939,1.1180262705738322,0.27712718431992966,0.5529209032480246,thumbs_up
0.526811957359314,0.8404052257537842,-4.05406353820581e-07,0.4843931794166565,0.670515239238739,0.005066766869276762,0.41294604539871216,0.48880237340927124,-0.01627563312649727,0.3860834240913391,0.3435900807380676,-0.03879848122596741,0.40220215916633606,0.22445380687713623,-0.06329373270273209,0.3532378673553467,0.47304296493530273,-0.07009167224168777,0.2011122852563858,0.5355991125106812,-0.1025819405913353,0.23316526412963867,0.5754349231719971,-0.1114063411951065,0.2799050509929657,0.5670092701911926,-0.11460921913385391,0.34190016984939575,0.5779274702072144,-0.09147392958402634,0.18323743343353271,0.6540285348892212,-0.11738274246454239,0.23340857028961182,0.678108274936676,-0.10574966669082642,0.2912267744541168,0.6617162227630615,-0.09928563237190247,0.33494654297828674,0.6937012672424316,-0.10957701504230499,0.1997022181749344,0.7672134637832642,-0.1261603981256485,0.24902653694152832,0.7808504104614258,-0.09783458709716797,0.30121171474456787,0.7588554620742798,-0.08218435943126678,0.3318485915660858,0.8090757131576538,-0.12686172127723694,0.2372414618730545,0.8655267953872681,-0.13592614233493805,0.28604552149772644,0.8720084428787231,-0.11357101052999496,0.3322104513645172,0.8479131460189819,-0.09666211903095245,1.891901108409835,1.155620405647093,0.9342845114981433,0.7595490073196954,0.6512401470105149,1.1002998744548567,0.2893655861506722,0.571133031179807,thumbs_up
0.5239461064338684,0.8361037969589233,-4.227399301726109e-07,0.4810023307800293,0.6684971451759338,0.006807180121541023,0.4082258939743042,0.4865064024925232,-0.015300671570003033,0.37969329953193665,0.3422626554965973,-0.038700323551893234,0.39689910411834717,0.22392991185188293,-0.06376250833272934,0.3452373743057251,0.4714464843273163,-0.0731465294957161,0.19601817429065704,0.5445424914360046,-0.10392596572637558,0.23418229818344116,0.5811833739280701,-0.10881685465574265,0.2811979353427887,0.5661038756370544,-0.10962465405464172,0.3363204896450043,0.5772390365600586,-0.09637902677059174,0.17932836711406708,0.657554030418396,-0.12160210311412811,0.2315908670425415,0.6795864701271057,-0.10732825100421906,0.2885114550590515,0.6627979278564453,-0.09944995492696762,0.3320014178752899,0.6936405301094055,-0.11585334688425064,0.19720980525016785,0.7674261331558228,-0.13191260397434235,0.24830803275108337,0.782149076461792,-0.10185913741588593,0.3003759980201721,0.7590548396110535,-0.08578973263502121,0.33098849654197693,0.8089444041252136,-0.1342393457889557,0.23458826541900635,0.8634988069534302,-0.1436145156621933,0.2849637269973755,0.8711140751838684,-0.12070523947477341,0.33103644847869873,0.847886860370636,-0.10369434952735901,1.8820602445439407,1.135798058821208,0.924753393098338,0.7533349589374697,0.6568285724561453,1.0903924231728317,0.291992144095289,0.5688715948964782,thumbs_up
0.5258725881576538,0.8420379757881165,-4.111780356197414e-07,0.4839732050895691,0.672538161277771,0.0027948254719376564,0.41123390197753906,0.48740115761756897,-0.019281767308712006,0.3857082426548004,0.33928075432777405,-0.04216402396559715,0.3982660174369812,0.2182208001613617,-0.0673927515745163,0.34814801812171936,0.4737681448459625,-0.07219333201646805,0.20540064573287964,0.5384408831596375,-0.10255009680986404,0.22994640469551086,0.5788566470146179,-0.10920938849449158,0.266666978597641,0.5691449046134949,-0.11218351125717163,0.3371434807777405,0.5757689476013184,-0.09397658705711365,0.18260501325130463,0.6555950045585632,-0.11854127794504166,0.22819830477237701,0.6823410987854004,-0.10652626305818558,0.281146377325058,0.6646503806114197,-0.10059186816215515,0.33210963010787964,0.6910908818244934,-0.11267992854118347,0.19822539389133453,0.7703675031661987,-0.1295098513364792,0.2470622956752777,0.7851638793945312,-0.10195349156856537,0.2970676124095917,0.7587547898292542,-0.0876258909702301,0.3314700126647949,0.8063613772392273,-0.13072915375232697,0.23613241314888,0.8677336573600769,-0.1421540230512619,0.28374356031417847,0.8744217157363892,-0.12154972553253174,0.32877206802368164,0.84678715467453,-0.10625125467777252,1.885248960639028,1.1563628001623985,0.9379346060178182,0.7619357364049228,0.6594344167877717,1.1113636817351507,0.28645644848412444,0.5545572500322433,thumbs_up
0.5250189900398254,0.839205801486969,-3.7973845223859826e-07,0.4828212261199951,0.6701136827468872,0.0029499444644898176,0.40793877840042114,0.4881669878959656,-0.017962384968996048,0.3779796361923218,0.3445400595664978,-0.03961292654275894,0.3963911533355713,0.22705906629562378,-0.06297050416469574,0.34596535563468933,0.47566819190979004,-0.07168281823396683,0.19425280392169952,0.5453022122383118,-0.10450368374586105,0.23297469317913055,0.5828397274017334,-0.1131347045302391,0.28237468004226685,0.5695540904998779,-0.11615093052387238,0.33549267053604126,0.5837925672531128,-0.09227310866117477,0.17970143258571625,0.6586954593658447,-0.11775240302085876,0.23150648176670074,0.6802390217781067,-0.10538303107023239,0.2889106869697571,0.6642903089523315,-0.09860807657241821,0.3300500810146332,0.7011691331863403,-0.10983260720968246,0.19844834506511688,0.7686704397201538,-0.12757451832294464,0.24818624556064606,0.7818046808242798,-0.09906551986932755,0.30007511377334595,0.7612558007240295,-0.08291099965572357,0.3271770477294922,0.817417323589325,-0.12665416300296783,0.2340465784072876,0.8651612401008606,-0.13719476759433746,0.283457487821579,0.8710599541664124,-0.11485689133405685,0.3295325040817261,0.8490511178970337,-0.09753036499023438,1.89837107942931,1.150155686699623,0.9359203926032127,0.7612234538040482,0.6603541228038244,1.1017756456718504,0.2916004712114325,0.5712441612608384,thumbs_up
0.5247746109962463,0.8434374928474426,-4.336744723332231e-07,0.4830073118209839,0.6722193956375122,0.0062690177001059055,0.4083818197250366,0.4882543683052063,-0.015128945000469685,0.3812144994735718,0.3420180082321167,-0.03833182156085968,0.3969169855117798,0.2221432626247406,-0.06375172734260559,0.34587571024894714,0.47446417808532715,-0.07181800156831741,0.19721604883670807,0.5388826727867126,-0.1039402186870575,0.22780455648899078,0.5787357687950134,-0.11133304238319397,0.2721059322357178,0.5676465034484863,-0.11428547650575638,0.3353477716445923,0.5789557695388794,-0.09562138468027115,0.17890594899654388,0.6563392281532288,-0.12178947031497955,0.22726929187774658,0.6814413070678711,-0.10951593518257141,0.28233611583709717,0.6655043959617615,-0.10327403992414474,0.329961359500885,0.695378303527832,-0.1161186695098877,0.193254292011261,0.7687250375747681,-0.13377460837364197,0.244517982006073,0.7829139232635498,-0.10529869049787521,0.29636743664741516,0.7602877616882324,-0.0901707336306572,0.3290726840496063,0.8113728761672974,-0.13563953340053558,0.23079663515090942,0.86576247215271,-0.1469549685716629,0.2802128791809082,0.8712703585624695,-0.12541557848453522,0.3262266516685486,0.8459898829460144,-0.10947228968143463,1.880099618723626,1.1534206069174207,0.9377222068443188,0.7645843069609887,0.6686918425037024,1.0935831432379632,0.29198009471121716,0.5480929115092117,thumbs_up
0.5231210589408875,0.8410296440124512,-4.637676056518103e-07,0.4803895950317383,0.6720107793807983,0.006325079593807459,0.40895938873291016,0.489663302898407,-0.013903303071856499,0.37968379259109497,0.344946026802063,-0.035339295864105225,0.39245763421058655,0.22548940777778625,-0.0589836947619915,0.3445284068584442,0.47351014614105225,-0.07209677249193192,0.19749803841114044,0.5402206182479858,-0.09855375438928604,0.22618933022022247,0.5820993781089783,-0.09986750036478043,0.2678311765193939,0.5749468803405762,-0.09921737760305405,0.33466580510139465,0.5750060081481934,-0.09468986093997955,0.17876999080181122,0.6546470522880554,-0.11683964729309082,0.22681185603141785,0.6825596690177917,-0.10189187526702881,0.2817177474498749,0.6682252883911133,-0.09443408995866776,0.32969778776168823,0.6901559233665466,-0.11340463906526566,0.19300314784049988,0.767532229423523,-0.1279429942369461,0.24405315518379211,0.7837083339691162,-0.09860581904649734,0.29572293162345886,0.7608412504196167,-0.08393596112728119,0.3283317983150482,0.8065392971038818,-0.1310809850692749,0.2314065396785736,0.8667100667953491,-0.14154250919818878,0.28062906861305237,0.8734845519065857,-0.12063683569431305,0.3259398341178894,0.8476673364639282,-0.10554105788469315,1.8616794239730874,1.1248178380063993,0.9176694467723973,0.7520606435942767,0.6590797456509818,1.0992806172173444,0.27814886255303567,0.5453665416994956,thumbs_up
0.5225191712379456,0.8397641181945801,-4.1582777043913666e-07,0.4783346652984619,0.6692206263542175,0.004564177710562944,0.4068620502948761,0.48601603507995605,-0.01803913712501526,0.37964928150177,0.34027618169784546,-0.04136645793914795,0.39383038878440857,0.2205437421798706,-0.06703953444957733,0.3470122516155243,0.4755452871322632,-0.07667049020528793,0.19972480833530426,0.5372821092605591,-0.10598871111869812,0.2262844294309616,0.5773748755455017,-0.11077722907066345,0.2675517201423645,0.5721992254257202,-0.11249087005853653,0.3370627760887146,0.5783012509346008,-0.09963195770978928,0.17679660022258759,0.6544724702835083,-0.12333748489618301,0.22203028202056885,0.6802656054496765,-0.11042089760303497,0.27767279744148254,0.6662821769714355,-0.10449425876140594,0.332770973443985,0.693183183670044,-0.11866667121648788,0.19387759268283844,0.7693510055541992,-0.13446630537509918,0.24157707393169403,0.7822698354721069,-0.10600114613771439,0.2928811013698578,0.7582463026046753,-0.09173978865146637,0.3322899043560028,0.8082736730575562,-0.13669492304325104,0.23257207870483398,0.868094801902771,-0.1477169692516327,0.2804511487483978,0.8734663724899292,-0.12609648704528809,0.32652100920677185,0.8465546369552612,-0.11052702367305756,1.8946201290507068,1.1508826903800538,0.9465718798947003,0.7756528206315948,0.6706200231294982,1.1212784045022552,0.28289388297389706,0.5566860188393443,thumbs_up
0.524186372756958,0.8385206460952759,-4.4615433125727577e-07,0.4809226095676422,0.672104001045227,0.0052258772775530815,0.40764302015304565,0.49156224727630615,-0.014891345985233784,0.3779354989528656,0.3481811583042145,-0.03639310598373413,0.3902137577533722,0.22876784205436707,-0.059979915618896484,0.3446677327156067,0.47526490688323975,-0.06857988983392715,0.19826655089855194,0.5381899476051331,-0.09747758507728577,0.22587893903255463,0.579918622970581,-0.10248518735170364,0.2678729295730591,0.5724823474884033,-0.10426189005374908,0.3345271050930023,0.5757059454917908,-0.09123749285936356,0.17863911390304565,0.6530619859695435,-0.11453013122081757,0.22563466429710388,0.6813762187957764,-0.10167011618614197,0.2801225185394287,0.6669220328330994,-0.09550672024488449,0.32991358637809753,0.6900666952133179,-0.11066774278879166,0.19420820474624634,0.7669100761413574,-0.12671513855457306,0.24403813481330872,0.7846403121948242,-0.09815962612628937,0.2946558892726898,0.7619195580482483,-0.08356499671936035,0.32930588722229004,0.8061572313308716,-0.12921737134456635,0.2307424545288086,0.8668363690376282,-0.14057740569114685,0.279549777507782,0.8745099902153015,-0.11937300115823746,0.32493916153907776,0.8484722375869751,-0.10383504629135132,1.8627010803126622,1.1400446964018573,0.9303959681555481,0.7603143544302475,0.6679537750127132,1.0915219952064557,0.2840283350151316,0.5559406993547548,thumbs_up
0.5216193199157715,0.8405884504318237,-3.9491501979682653e-07,0.4793696999549866,0.6711089015007019,0.005004459992051125,0.40639394521713257,0.4857189953327179,-0.01742538809776306,0.3800266683101654,0.33772802352905273,-0.041134063154459,0.39293330907821655,0.2168654203414917,-0.06759116798639297,0.3435758054256439,0.4749893546104431,-0.07462912797927856,0.19908948242664337,0.5387277603149414,-0.10438431054353714,0.22524262964725494,0.5791411399841309,-0.11000337451696396,0.2653001546859741,0.570957601070404,-0.11219214648008347,0.3334035575389862,0.5787470936775208,-0.09794001281261444,0.177229642868042,0.6546444892883301,-0.12214349210262299,0.22224196791648865,0.6805208325386047,-0.1093318983912468,0.27714261412620544,0.6651330590248108,-0.10296794772148132,0.32930615544319153,0.6952866315841675,-0.11753514409065247,0.19187940657138824,0.7679810523986816,-0.1340227723121643,0.24015095829963684,0.7811038494110107,-0.10550594329833984,0.2923588752746582,0.7565227746963501,-0.09057151526212692,0.3292885720729828,0.8114181756973267,-0.13607065379619598,0.2304389476776123,0.8661245703697205,-0.14667919278144836,0.2783066928386688,0.8703833818435669,-0.12449038028717041,0.3252377510070801,0.842982292175293,-0.10819054394960403,1.9003223721653724,1.1529788880596787,0.9437272164470352,0.7727939471739543,0.6653251227397492,1.1246572833043706,0.28296772157537387,0.5468948412894417,thumbs_up
0.5233279466629028,0.8354002237319946,-3.791294886923424e-07,0.4788929224014282,0.6654004454612732,0.0038522370159626007,0.4057343304157257,0.48728203773498535,-0.018172916024923325,0.3787821829319,0.34389418363571167,-0.041193973273038864,0.3940492868423462,0.22434771060943604,-0.06656546890735626,0.34204724431037903,0.47669416666030884,-0.07581000030040741,0.1943078488111496,0.5408397912979126,-0.10589268058538437,0.2275770604610443,0.5784075260162354,-0.11080675572156906,0.27411410212516785,0.5696358680725098,-0.11172370612621307,0.33219605684280396,0.5841887593269348,-0.09764020889997482,0.17803356051445007,0.6538214087486267,-0.12124624103307724,0.22669169306755066,0.6778483986854553,-0.10776221752166748,0.28305739164352417,0.6657822728157043,-0.10091972351074219,0.3281714618206024,0.7030134797096252,-0.11572925001382828,0.19553658366203308,0.768485963344574,-0.13199539482593536,0.24486178159713745,0.780789852142334,-0.10340230166912079,0.2971268892288208,0.7608245611190796,-0.08814298361539841,0.32757145166397095,0.8219625353813171,-0.13272835314273834,0.2295956164598465,0.8652524948120117,-0.14340630173683167,0.2776485085487366,0.8693158030509949,-0.12056156992912292,0.32434192299842834,0.847672164440155,-0.10329171270132065,1.9010007137946012,1.1533377300945924,0.9410704045184386,0.7686248963624819,0.6795528869085109,1.114676595549945,0.2940682198880433,0.5645400855459544,thumbs_up
0.5266379117965698,0.8451926708221436,-4.5282030214366387e-07,0.4844733774662018,0.6725683212280273,0.010056313127279282,0.4081646800041199,0.491525799036026,-0.009443460963666439,0.3775327205657959,0.3468211591243744,-0.031083401292562485,0.39324432611465454,0.22817441821098328,-0.055103424936532974,0.3440571129322052,0.4751383662223816,-0.0683000460267067,0.19529509544372559,0.5463337898254395,-0.0960703119635582,0.22991789877414703,0.5862754583358765,-0.10017894208431244,0.2762858271598816,0.5746868848800659,-0.10112735629081726,0.3330908715724945,0.5792797803878784,-0.0925738587975502,0.17809490859508514,0.6578406095504761,-0.11392627656459808,0.22724974155426025,0.6812984943389893,-0.09989944845438004,0.28306740522384644,0.6657590866088867,-0.09305762499570847,0.3280589282512665,0.6966543793678284,-0.1126926988363266,0.19301454722881317,0.7687184810638428,-0.1260920763015747,0.24455052614212036,0.7825881838798523,-0.0965980589389801,0.29690733551979065,0.761167585849762,-0.08159741014242172,0.32790857553482056,0.8149040937423706,-0.1314651221036911,0.2310841828584671,0.8650166988372803,-0.14012181758880615,0.2810426950454712,0.8706955313682556,-0.11714960634708405,0.32721543312072754,0.8476830720901489,-0.10034901648759842,1.8546172529464418,1.1186099818225381,0.9263715301580778,0.7547125145687341,0.6534334122183407,1.078817954299917,0.2683270422996966,0.5483193172152,thumbs_up
0.5241117477416992,0.8437165021896362,-4.108914026801358e-07,0.48087310791015625,0.6705238819122314,0.004808940924704075,0.4097539782524109,0.48831355571746826,-0.015917591750621796,0.38393187522888184,0.3420836627483368,-0.037819404155015945,0.3984676003456116,0.222418874502182,-0.061894625425338745,0.34256619215011597,0.47263532876968384,-0.06820248812437057,0.1973729431629181,0.5402893424034119,-0.09524182975292206,0.22519183158874512,0.5835179090499878,-0.0996556207537651,0.26677367091178894,0.5756680965423584,-0.1011747345328331,0.3305692970752716,0.5772939324378967,-0.08976341038942337,0.1772470623254776,0.6594527363777161,-0.11186206340789795,0.2241932898759842,0.686444878578186,-0.09948007762432098,0.27926144003868103,0.6706610321998596,-0.09366173297166824,0.3248594403266907,0.695412278175354,-0.1077624037861824,0.19046777486801147,0.7730298638343811,-0.12303363531827927,0.24106308817863464,0.7884247303009033,-0.0959068238735199,0.29355233907699585,0.7660495042800903,-0.08202838897705078,0.32409077882766724,0.8133631944656372,-0.12480948865413666,0.230563685297966,0.8715731501579285,-0.1355520635843277,0.2798650562763214,0.8787426948547363,-0.114850714802742,0.3263920247554779,0.8538282513618469,-0.09921090304851532,1.8659725529705318,1.1283013500076706,0.9203200713601345,0.7522194277455869,0.6487955659358288,1.1105193943049083,0.2815686623815602,0.5543662709435181,thumbs_up
0.5263272523880005,0.8447380065917969,-3.8754822639930353e-07,0.48284846544265747,0.6737128496170044,0.003328390186652541,0.40848249197006226,0.49207496643066406,-0.01910611055791378,0.38016754388809204,0.34623754024505615,-0.04224332049489021,0.3976793587207794,0.22650617361068726,-0.06722638756036758,0.34117692708969116,0.47930580377578735,-0.07396143674850464,0.19442638754844666,0.5537056922912598,-0.10423168540000916,0.23104561865329742,0.590707540512085,-0.10941972583532333,0.27704259753227234,0.5764036774635315,-0.1107894703745842,0.3316686451435089,0.5872710943222046,-0.09589368849992752,0.17821210622787476,0.6692991852760315,-0.12010616064071655,0.2274484932422638,0.6897793412208557,-0.1070004478096962,0.2826455533504486,0.6723821759223938,-0.1004001647233963,0.32730504870414734,0.7066582441329956,-0.11438531428575516,0.19714702665805817,0.7836899757385254,-0.1306905448436737,0.24565580487251282,0.796118974685669,-0.1021205335855484,0.2956749498844147,0.7718973159790039,-0.08705481886863708,0.3257126808166504,0.8258044719696045,-0.132040336728096,0.22998109459877014,0.8795490264892578,-0.1418883502483368,0.27911216020584106,0.8869170546531677,-0.11901931464672089,0.32511720061302185,0.8639429211616516,-0.10190209001302719,1.8859937275211172,1.136416522429176,0.9352361579388138,0.7634618304016952,0.6722549639334412,1.1067650634126465,0.28719080266569713,0.5827419240975101,thumbs_up
0.5297607779502869,0.8504964113235474,-4.729340616904665e-07,0.48792099952697754,0.6794934868812561,0.0069946604780852795,0.4094450771808624,0.4965397119522095,-0.01320884469896555,0.380652517080307,0.35065001249313354,-0.03564153611660004,0.39653098583221436,0.23084208369255066,-0.06042977795004845,0.34786418080329895,0.48031002283096313,-0.06778066605329514,0.19816376268863678,0.5458661317825317,-0.09959011524915695,0.2254306674003601,0.5909218788146973,-0.10721570253372192,0.26763930916786194,0.584402322769165,-0.11014918982982635,0.33794891834259033,0.5853453874588013,-0.09209077060222626,0.17862409353256226,0.6668402552604675,-0.11838322877883911,0.22666022181510925,0.6930624842643738,-0.10672193765640259,0.28282660245895386,0.6758251786231995,-0.10048417001962662,0.33368024230003357,0.7042368650436401,-0.11321810632944107,0.19349396228790283,0.7812922596931458,-0.13235259056091309,0.2457696497440338,0.7964079976081848,-0.10421250015497208,0.2988745868206024,0.7721951603889465,-0.08858022838830948,0.3338952660560608,0.8238792419433594,-0.13318151235580444,0.2309451401233673,0.8791441917419434,-0.14643539488315582,0.28052446246147156,0.8860628008842468,-0.12490376085042953,0.328436940908432,0.8613237738609314,-0.10824596136808395,1.87279275492773,1.145455616636365,0.9375052359593204,0.762999272442918,0.6731086604285479,1.1165519297897717,0.27407986736176215,0.5623509764928322,thumbs_up
0.5309534072875977,0.8500229716300964,-3.675658888369071e-07,0.48453813791275024,0.6778448224067688,0.00218567275442183,0.40732330083847046,0.49333953857421875,-0.021906308829784393,0.38021981716156006,0.34477201104164124,-0.04597502946853638,0.39879125356674194,0.22307825088500977,-0.07178667932748795,0.3439754545688629,0.4801563024520874,-0.08330874145030975,0.1939440667629242,0.5557980537414551,-0.11413056403398514,0.2302197515964508,0.5926464796066284,-0.11745577305555344,0.27470850944519043,0.5782970786094666,-0.11747141182422638,0.33339813351631165,0.5915669202804565,-0.10513808578252792,0.17687663435935974,0.6723983883857727,-0.13150590658187866,0.22820504009723663,0.6930506825447083,-0.11694344878196716,0.2859363257884979,0.6761523485183716,-0.10874044895172119,0.32830169796943665,0.7139869332313538,-0.1228991225361824,0.1956796646118164,0.789972722530365,-0.14020058512687683,0.2462695986032486,0.8016993403434753,-0.11012923717498779,0.2991175949573517,0.7777460217475891,-0.09375407546758652,0.32695919275283813,0.8345258831977844,-0.13981151580810547,0.2339743673801422,0.8881926536560059,-0.15042908489704132,0.2835482954978943,0.8934354782104492,-0.12752817571163177,0.3298327624797821,0.8682469725608826,-0.11014088243246078,1.8858415178339898,1.1452253225985376,0.9345762070026329,0.7614079929432505,0.6728296593798335,1.108663553611024,0.2892341608989848,0.5763747866691901,thumbs_up
0.5337026119232178,0.8565436601638794,-4.608330641531211e-07,0.49043989181518555,0.6826030611991882,0.008171973749995232,0.4123624265193939,0.49888816475868225,-0.012828411534428596,0.3835458755493164,0.3514431416988373,-0.035637326538562775,0.4018421173095703,0.23077955842018127,-0.06035707890987396,0.34992408752441406,0.4834975004196167,-0.07137870788574219,0.19537927210330963,0.5506325364112854,-0.10301995277404785,0.23067303001880646,0.5935244560241699,-0.10948029905557632,0.27838683128356934,0.5823864340782166,-0.11130230873823166,0.34016743302345276,0.591650664806366,-0.09550212323665619,0.17799082398414612,0.6728910207748413,-0.12157989293336868,0.22983932495117188,0.6965102553367615,-0.10831332951784134,0.28905022144317627,0.6785212755203247,-0.1007079929113388,0.33507317304611206,0.7114737629890442,-0.11589010804891586,0.19515889883041382,0.7873194813728333,-0.1337376981973648,0.24879390001296997,0.8007045984268188,-0.10410130769014359,0.3030740022659302,0.777256190776825,-0.08744052052497864,0.33389386534690857,0.8313770294189453,-0.13490398228168488,0.23302066326141357,0.8832897543907166,-0.14631688594818115,0.2851931154727936,0.8906964063644409,-0.12289654463529587,0.3339700400829315,0.868147075176239,-0.10471934080123901,1.879967710946105,1.143803459593797,0.9332899235045167,0.7582491855330245,0.6609044861285839,1.1007864600293846,0.2847776391591303,0.5704599509727089,thumbs_up
0.5372090339660645,0.8586441278457642,-4.768765506923955e-07,0.4938293695449829,0.6868382692337036,0.0062141721136868,0.4138628840446472,0.4996477961540222,-0.01524688582867384,0.3820476233959198,0.3492403030395508,-0.03791756182909012,0.4002070128917694,0.2282753586769104,-0.06239503622055054,0.3516191244125366,0.4796326160430908,-0.07536034286022186,0.1952792853116989,0.5540105104446411,-0.10855910181999207,0.23103147745132446,0.5970380306243896,-0.11397332698106766,0.27948880195617676,0.585324227809906,-0.11484360694885254,0.34271761775016785,0.5881942510604858,-0.09945069253444672,0.1774779111146927,0.6703997254371643,-0.12786389887332916,0.2299528867006302,0.696765661239624,-0.1135571077466011,0.28999611735343933,0.6807469725608826,-0.10502641648054123,0.3379516303539276,0.709181547164917,-0.12002602964639664,0.1988183557987213,0.7880384922027588,-0.1396830677986145,0.25233593583106995,0.8032546043395996,-0.1089828759431839,0.3062967360019684,0.7801896333694458,-0.0917312279343605,0.3362797200679779,0.8292504549026489,-0.13949695229530334,0.23723499476909637,0.8850373029708862,-0.1520809829235077,0.28968462347984314,0.8937159776687622,-0.12936687469482422,0.3371535539627075,0.8696854114532471,-0.11197606474161148,1.8642131727780076,1.1299447446967892,0.926699315019429,0.7494800274671408,0.6602227800167796,1.0945925297931434,0.2775778388589931,0.5605007798328093,thumbs_up
0.539310097694397,0.8592246770858765,-4.828622763852763e-07,0.49809741973876953,0.6867957711219788,0.005433355458080769,0.4206562638282776,0.5001296997070312,-0.01536544132977724,0.3912021219730377,0.35086140036582947,-0.037488654255867004,0.40715256333351135,0.2291187345981598,-0.061426956206560135,0.35775020718574524,0.48158329725265503,-0.07203004509210587,0.20313742756843567,0.5418883562088013,-0.10410114377737045,0.23248758912086487,0.5854721069335938,-0.1104302704334259,0.2780003547668457,0.5816173553466797,-0.11224675178527832,0.34534603357315063,0.5864207744598389,-0.09519050270318985,0.17944563925266266,0.663870632648468,-0.12200694531202316,0.22989076375961304,0.6902931928634644,-0.10924841463565826,0.2890997529029846,0.6758851408958435,-0.10207263380289078,0.33851882815361023,0.7052509188652039,-0.11507008969783783,0.19756853580474854,0.7816785573959351,-0.13436922430992126,0.25157082080841064,0.7951455116271973,-0.10582072287797928,0.30633866786956787,0.772072434425354,-0.09004691243171692,0.33666276931762695,0.8246800303459167,-0.13389550149440765,0.2380218505859375,0.8826587200164795,-0.1471313238143921,0.2908116281032562,0.8895468711853027,-0.12585215270519257,0.33904939889907837,0.8652396202087402,-0.1095256507396698,1.8584333048679131,1.1420214185919153,0.9383655138124137,0.7601565092300315,0.6561263425582284,1.088606537364046,0.27431595723577884,0.563138061079598,thumbs_up
0.5364004373550415,0.8493965268135071,-4.4710137103720626e-07,0.492900550365448,0.6810289621353149,0.0027164064813405275,0.41610467433929443,0.4928940534591675,-0.021366247907280922,0.38987743854522705,0.34166669845581055,-0.04601551219820976,0.40795397758483887,0.2199641764163971,-0.07197345048189163,0.35481420159339905,0.4727265238761902,-0.08285058289766312,0.19548186659812927,0.5438852310180664,-0.11874378472566605,0.23389700055122375,0.5833961963653564,-0.12433481961488724,0.283953458070755,0.5700356364250183,-0.1246383935213089,0.3471311926841736,0.5816059112548828,-0.10569024831056595,0.17951808869838715,0.6632857918739319,-0.13723744451999664,0.23361872136592865,0.687151312828064,-0.12277401238679886,0.294343501329422,0.6698562502861023,-0.1133754700422287,0.342781126499176,0.7023639678955078,-0.125132218003273,0.2021271288394928,0.7798432111740112,-0.1471913605928421,0.2550179064273834,0.7943413853645325,-0.11615932732820511,0.3096836805343628,0.7700738906860352,-0.09775110334157944,0.3411354720592499,0.8226153254508972,-0.1436116099357605,0.23991495370864868,0.877452552318573,-0.15693289041519165,0.29256150126457214,0.8856227397918701,-0.13341720402240753,0.3415747582912445,0.8625196218490601,-0.11487188190221786,1.8762104919445077,1.151165373773516,0.9345705398213207,0.7526674789898554,0.6575480341890653,1.0887067335229441,0.2931178164115158,0.5757696680003714,thumbs_up
0.5395609736442566,0.8435121774673462,-4.7638533828830987e-07,0.4949878752231598,0.6746041178703308,0.005285883322358131,0.4175824224948883,0.48679518699645996,-0.01688290946185589,0.39251649379730225,0.3366762399673462,-0.040933478623628616,0.4084813594818115,0.21475592255592346,-0.06765824556350708,0.35935553908348083,0.4744592308998108,-0.0765923410654068,0.2069595754146576,0.5359330773353577,-0.10995493084192276,0.23335358500480652,0.580856442451477,-0.11669561266899109,0.2766789495944977,0.5780360102653503,-0.11886853724718094,0.3521965742111206,0.5796792507171631,-0.10134437680244446,0.18762192130088806,0.6604771614074707,-0.12953750789165497,0.23421835899353027,0.6846534609794617,-0.11777537316083908,0.2908737063407898,0.66832035779953,-0.11177513003349304,0.3497094213962555,0.6996906995773315,-0.12267588824033737,0.20512087643146515,0.7809843420982361,-0.14335939288139343,0.2546619772911072,0.7926929593086243,-0.11567695438861847,0.3072073757648468,0.7665112614631653,-0.10075479745864868,0.350241094827652,0.8192269802093506,-0.14277340471744537,0.24391339719295502,0.8795626759529114,-0.15705178678035736,0.29263678193092346,0.8847149610519409,-0.13610999286174774,0.340625524520874,0.8575401306152344,-0.12035203725099564,1.9045714046301234,1.1562115658852072,0.9557390309263527,0.78062526021748,0.6869207309928965,1.1496210423295685,0.2703331922509697,0.5775367528025306,thumbs_up
0.5359048843383789,0.8459963798522949,-4.577690049245575e-07,0.4917450547218323,0.6737784147262573,0.006009101867675781,0.41954901814460754,0.488253116607666,-0.016737719997763634,0.3953394293785095,0.339406818151474,-0.040698133409023285,0.41354143619537354,0.2176620066165924,-0.06700574606657028,0.3620370328426361,0.46886569261550903,-0.08002308011054993,0.20711775124073029,0.5337194800376892,-0.10989245772361755,0.23720204830169678,0.5778504014015198,-0.11246458441019058,0.28231772780418396,0.5704964995384216,-0.11241106688976288,0.35221603512763977,0.5734509825706482,-0.10401568561792374,0.1859108954668045,0.6533232927322388,-0.12947656214237213,0.23478707671165466,0.6805734038352966,-0.11412777006626129,0.293493390083313,0.6651363968849182,-0.10604561865329742,0.3470061421394348,0.6927995681762695,-0.12386949360370636,0.202553391456604,0.7711243033409119,-0.13995486497879028,0.2533137798309326,0.7858569622039795,-0.10943712294101715,0.30732667446136475,0.7613727450370789,-0.09386691451072693,0.3456839621067047,0.8127220273017883,-0.14266210794448853,0.24369686841964722,0.8726240396499634,-0.15361133217811584,0.291957825422287,0.8782949447631836,-0.1317693591117859,0.3390195965766907,0.8515471816062927,-0.11596554517745972,1.8670423805634895,1.134061664385302,0.929694188060976,0.757652901731862,0.6630195140541761,1.0999010370289808,0.27705258781656705,0.557372045041399,thumbs_up
0.5398043394088745,0.8433666229248047,-4.411916734170518e-07,0.49576336145401,0.6717655062675476,0.00387605931609869,0.41959571838378906,0.483734130859375,-0.01842954196035862,0.3932971656322479,0.3370227515697479,-0.04142697900533676,0.41222432255744934,0.21980047225952148,-0.06574306637048721,0.3606511354446411,0.46924811601638794,-0.07988332957029343,0.2040744423866272,0.5429154634475708,-0.11437643319368362,0.24458040297031403,0.5805638432502747,-0.12051544338464737,0.29525694251060486,0.5668879747390747,-0.12171005457639694,0.35213491320610046,0.5779987573623657,-0.10328910499811172,0.18653959035873413,0.6575563549995422,-0.13317175209522247,0.24106135964393616,0.6787634491920471,-0.11975879222154617,0.30061614513397217,0.6621100306510925,-0.11182848364114761,0.3479541540145874,0.6977578997612,-0.12316276878118515,0.20633579790592194,0.7726632356643677,-0.14450667798519135,0.2591102719306946,0.7841501235961914,-0.11448433250188828,0.312819242477417,0.7606040835380554,-0.09726382791996002,0.3469334840774536,0.8162530064582825,-0.14199687540531158,0.2451595664024353,0.8684390783309937,-0.15604983270168304,0.29650309681892395,0.8734897375106812,-0.1337418407201767,0.3443865478038788,0.8489968180656433,-0.11629985272884369,1.8762242678420986,1.13962938238872,0.939083490544941,0.7636783836050306,0.6670045441770575,1.0864308424866667,0.2811486595644372,0.5629703601522037,thumbs_up
0.5363044142723083,0.8423569202423096,-4.483127042931301e-07,0.49491357803344727,0.6707552671432495,0.003692175028845668,0.4225815534591675,0.4840083122253418,-0.018418991938233376,0.3977898955345154,0.3364761173725128,-0.04128255322575569,0.4143061339855194,0.21750903129577637,-0.06655881553888321,0.3682669699192047,0.4679456353187561,-0.07949183881282806,0.214681938290596,0.5280436873435974,-0.11168062686920166,0.24080994725227356,0.5688412189483643,-0.11726773530244827,0.28323331475257874,0.5625368356704712,-0.11874459683895111,0.35901641845703125,0.5726313591003418,-0.10179626196622849,0.19205234944820404,0.6480275392532349,-0.12943826615810394,0.23879659175872803,0.6729202270507812,-0.116834856569767,0.2964366674423218,0.6571769118309021,-0.10993574559688568,0.35380423069000244,0.6901291608810425,-0.12028957903385162,0.2090487778186798,0.7659001350402832,-0.1395030915737152,0.2581865191459656,0.7781249284744263,-0.11102611571550369,0.3115198612213135,0.7528705596923828,-0.09537570923566818,0.35196372866630554,0.808405339717865,-0.13772299885749817,0.2477843463420868,0.8659965991973877,-0.15034788846969604,0.2957914471626282,0.87031090259552,-0.12900319695472717,0.343794584274292,0.8433787822723389,-0.11287809908390045,1.8913362954126196,1.1686652724256792,0.9524605331147505,0.7683999038454561,0.6593794438148775,1.1013760937156831,0.2835361891818215,0.5677485323440131,thumbs_up
0.5362237095832825,0.8384892344474792,-4.1760239355426165e-07,0.4936261773109436,0.6684210300445557,0.0015228454722091556,0.42230939865112305,0.4826720356941223,-0.021105168387293816,0.3972926437854767,0.33813920617103577,-0.043585821986198425,0.41336458921432495,0.22048214077949524,-0.06836581230163574,0.3667466342449188,0.46983736753463745,-0.08349623531103134,0.2162042111158371,0.5281870365142822,-0.11383955925703049,0.2456977665424347,0.5680943727493286,-0.11708458513021469,0.2899172008037567,0.5645312070846558,-0.11713472753763199,0.3567086458206177,0.5753654837608337,-0.10472530126571655,0.19433251023292542,0.6455501914024353,-0.13007405400276184,0.24338428676128387,0.6704615354537964,-0.11598030477762222,0.3002834916114807,0.6592831611633301,-0.10880590975284576,0.35229501128196716,0.6943813562393188,-0.12198536843061447,0.2097480148077011,0.7659408450126648,-0.1399400681257248,0.2588365077972412,0.7778109312057495,-0.11155825853347778,0.311730295419693,0.7562488317489624,-0.09666997939348221,0.35116082429885864,0.8129547238349915,-0.1381794512271881,0.24771994352340698,0.8673682808876038,-0.15065480768680573,0.294390469789505,0.870900571346283,-0.12960536777973175,0.34094929695129395,0.8465372323989868,-0.11405014246702194,1.8902301985431595,1.1529147407144447,0.9413242155883266,0.7691179765894416,0.6748637212312929,1.099797271946052,0.2853558577952143,0.571694670492361,thumbs_up
0.5357722640037537,0.8382047414779663,-4.2944998313032556e-07,0.49263232946395874,0.6656455397605896,0.0054266564548015594,0.4237627387046814,0.48195385932922363,-0.018282903358340263,0.40053924918174744,0.33593040704727173,-0.04256843030452728,0.41581255197525024,0.21761071681976318,-0.06967996805906296,0.3714000880718231,0.47126394510269165,-0.0869438424706459,0.22018325328826904,0.5217421054840088,-0.1164875254034996,0.2405088245868683,0.564030110836029,-0.11819828301668167,0.27774205803871155,0.5645508766174316,-0.11750245094299316,0.361243337392807,0.5748750567436218,-0.11062465608119965,0.19401878118515015,0.6460910439491272,-0.13571278750896454,0.23942917585372925,0.6733038425445557,-0.1198308914899826,0.29613256454467773,0.6607618927955627,-0.11185692995786667,0.35562053322792053,0.6922236084938049,-0.12958501279354095,0.20993003249168396,0.7661477327346802,-0.14512622356414795,0.25863921642303467,0.7782250642776489,-0.11426076292991638,0.3115834593772888,0.754828929901123,-0.09895207732915878,0.35410064458847046,0.8094152212142944,-0.1472654938697815,0.24856406450271606,0.8635511994361877,-0.15780290961265564,0.29568538069725037,0.8674988150596619,-0.13506004214286804,0.34263792634010315,0.8414884805679321,-0.11923228949308395,1.8997969917444417,1.1772227167707234,0.9514447570300743,0.7733213462345128,0.6781600445467045,1.124665583073605,0.2931220089340703,0.5579490520516707,thumbs_up
0.5386625528335571,0.8379406929016113,-4.574876868446154e-07,0.49583420157432556,0.6691099405288696,0.0038621127605438232,0.42186009883880615,0.4825010895729065,-0.017781972885131836,0.39566314220428467,0.33819815516471863,-0.04018309712409973,0.41284435987472534,0.22198936343193054,-0.06487102061510086,0.37021562457084656,0.46506035327911377,-0.0792485922574997,0.21795950829982758,0.5245413184165955,-0.11041557043790817,0.2444624900817871,0.5682687759399414,-0.11471063643693924,0.28592637181282043,0.5633434653282166,-0.11576337367296219,0.361728310585022,0.5703020095825195,-0.10267094522714615,0.1947534829378128,0.6428463459014893,-0.12979654967784882,0.24317428469657898,0.6700987815856934,-0.11599236726760864,0.2996293902397156,0.6571798920631409,-0.10870833694934845,0.35792824625968933,0.6887996196746826,-0.12242360413074493,0.21131254732608795,0.7625770568847656,-0.14206959307193756,0.26180675625801086,0.7770266532897949,-0.1129557266831398,0.3142804503440857,0.7546241879463196,-0.0973050519824028,0.3575153648853302,0.8066679835319519,-0.14102032780647278,0.2498011291027069,0.8604122400283813,-0.15486039221286774,0.2976849377155304,0.8661349415779114,-0.13366566598415375,0.3448037803173065,0.841428816318512,-0.11795933544635773,1.8761464784235564,1.1599397730360859,0.9463509415506275,0.7669956212980636,0.6737208853233831,1.0916056710904478,0.28229030121329285,0.5638206393475033,thumbs_up
0.5350521802902222,0.8359361886978149,-4.5002542492511566e-07,0.49340254068374634,0.663395881652832,0.0035638774279505014,0.42428651452064514,0.48141005635261536,-0.017887573689222336,0.3977946937084198,0.3378813862800598,-0.039910364896059036,0.4124681353569031,0.2201184630393982,-0.06375238299369812,0.368657648563385,0.4662354588508606,-0.07589026540517807,0.21607808768749237,0.5261210203170776,-0.10768250375986099,0.24557769298553467,0.5664311647415161,-0.11291441321372986,0.2907049059867859,0.5612749457359314,-0.11377178132534027,0.35760512948036194,0.5693350434303284,-0.09739533811807632,0.19384168088436127,0.646263837814331,-0.12312699109315872,0.24216672778129578,0.6727476716041565,-0.10972967743873596,0.2993849813938141,0.6577532291412354,-0.10295142233371735,0.3513222634792328,0.6857115030288696,-0.11555703729391098,0.20982570946216583,0.7601274847984314,-0.1335347592830658,0.25870442390441895,0.774454653263092,-0.10516177117824554,0.3110921382904053,0.7518270611763,-0.09013653546571732,0.34863969683647156,0.8025625944137573,-0.13279759883880615,0.24765998125076294,0.861117959022522,-0.14488014578819275,0.2946246862411499,0.8670570254325867,-0.12443826347589493,0.340771347284317,0.8420587778091431,-0.10923068225383759,1.8854344684437259,1.1496200606520697,0.9346665072963837,0.7637300403622661,0.666089074377831,1.0924098120636978,0.2911835232225779,0.5646177341889929,thumbs_up
0.5377856492996216,0.8353817462921143,-4.579571566409868e-07,0.494351327419281,0.6639410257339478,0.006870301440358162,0.42298567295074463,0.48073410987854004,-0.013321583159267902,0.3954980671405792,0.3369315266609192,-0.03448551148176193,0.41186124086380005,0.2204190194606781,-0.057888541370630264,0.36888182163238525,0.4635140001773834,-0.07517966628074646,0.21752795577049255,0.5186238288879395,-0.10141850262880325,0.24060404300689697,0.5623953938484192,-0.10244730859994888,0.2785108685493469,0.5610535740852356,-0.10178812593221664,0.35912564396858215,0.5642755627632141,-0.09826601296663284,0.19388063251972198,0.640784502029419,-0.12046849727630615,0.2395629584789276,0.6685646772384644,-0.10527326166629791,0.2939537763595581,0.6557560563087463,-0.09783421456813812,0.3536527454853058,0.6797851324081421,-0.11709882318973541,0.2108641117811203,0.7597497701644897,-0.13106638193130493,0.2591080367565155,0.7740705013275146,-0.10169994831085205,0.309979647397995,0.7514437437057495,-0.08733544498682022,0.3517683744430542,0.7961915731430054,-0.13476893305778503,0.24835523962974548,0.8572379350662231,-0.14446690678596497,0.29547983407974243,0.864165186882019,-0.12301985919475555,0.3409111499786377,0.8388121128082275,-0.10795772075653076,1.8583044650335236,1.1524672784213728,0.9381990675546764,0.7605793938650269,0.6619690476433782,1.0860907604561882,0.2830990834194875,0.5578976976373103,thumbs_up
0.5354461669921875,0.8340145349502563,-4.632592549569381e-07,0.4937788248062134,0.6637830138206482,0.0009291163878515363,0.4218628704547882,0.47755923867225647,-0.022054659202694893,0.3972814083099365,0.3331986367702484,-0.04521464928984642,0.41148075461387634,0.2153979241847992,-0.07045061141252518,0.36948102712631226,0.4617845416069031,-0.08401557058095932,0.21737085282802582,0.5180472135543823,-0.11696677654981613,0.2442009150981903,0.5598981380462646,-0.12141834199428558,0.2873659133911133,0.5571696162223816,-0.12218637019395828,0.3598586916923523,0.5670546293258667,-0.10621709376573563,0.1938723474740982,0.6388041377067566,-0.13484375178813934,0.24286770820617676,0.6664435267448425,-0.1214582622051239,0.30000367760658264,0.6536750793457031,-0.11445990949869156,0.35542288422584534,0.6867049336433411,-0.12490525841712952,0.20762896537780762,0.7589555382728577,-0.14692266285419464,0.25834205746650696,0.7731247544288635,-0.11821257323026657,0.31172889471054077,0.7507713437080383,-0.10246338695287704,0.355077862739563,0.8061968088150024,-0.1424880176782608,0.2468000054359436,0.859991729259491,-0.15897734463214874,0.295096218585968,0.8649331331253052,-0.13850721716880798,0.34319618344306946,0.8402776122093201,-0.12289076298475266,1.8853467901720826,1.1620912070376397,0.9440858676218504,0.7714520933870725,0.6778815149612586,1.090731110042052,0.28995980443224556,0.5693778306098396,thumbs_up
0.5350457429885864,0.8330252170562744,-4.650744642731297e-07,0.4905009865760803,0.6639917492866516,0.005356626585125923,0.42075908184051514,0.4804750680923462,-0.016926191747188568,0.39349430799484253,0.3378264904022217,-0.039842285215854645,0.40805888175964355,0.22096362709999084,-0.06503526121377945,0.3657624125480652,0.4638214111328125,-0.0808941125869751,0.21495158970355988,0.522179901599884,-0.1110830008983612,0.24115301668643951,0.5647975206375122,-0.11387430131435394,0.28189072012901306,0.5623360872268677,-0.11375343054533005,0.35680297017097473,0.5666226148605347,-0.10484413057565689,0.191561758518219,0.6438649892807007,-0.130733922123909,0.2411140501499176,0.671104907989502,-0.11611714959144592,0.2985512614250183,0.6574888825416565,-0.10854993015527725,0.35329416394233704,0.684990644454956,-0.12456054985523224,0.2088674157857895,0.7653937339782715,-0.14200913906097412,0.25858059525489807,0.7793890833854675,-0.11211545020341873,0.31065791845321655,0.7555647492408752,-0.0967465490102768,0.3537732660770416,0.8041262030601501,-0.14299072325229645,0.24751797318458557,0.8642032146453857,-0.1551108956336975,0.2951006293296814,0.8694905042648315,-0.13304170966148376,0.3415716886520386,0.8439157605171204,-0.11703399568796158,1.8635454334809693,1.1495678948375205,0.9307435302343808,0.7600997117190618,0.6712625798142747,1.088789400022952,0.2868555661164231,0.5678799867027496,thumbs_up
0.534104585647583,0.8331533074378967,-4.6926484742471075e-07,0.4897378981113434,0.6627140641212463,0.004490973893553019,0.41757261753082275,0.4766179621219635,-0.01783965528011322,0.3939008116722107,0.33089980483055115,-0.041006240993738174,0.41276925802230835,0.2145787477493286,-0.06579643487930298,0.36140576004981995,0.463029682636261,-0.08131508529186249,0.20632222294807434,0.536772608757019,-0.11380927264690399,0.24566391110420227,0.5759502649307251,-0.11760647594928741,0.29508647322654724,0.5614188313484192,-0.11786986887454987,0.3555540442466736,0.5669076442718506,-0.1048169806599617,0.19148312509059906,0.6543785929679871,-0.13191375136375427,0.2442898154258728,0.6762622594833374,-0.11680643260478973,0.3011264204978943,0.6560170650482178,-0.10900264978408813,0.3541967570781708,0.6847956776618958,-0.12459637969732285,0.21274906396865845,0.7690225839614868,-0.1428905874490738,0.26285719871520996,0.7805319428443909,-0.11261674016714096,0.3137456178665161,0.7524641156196594,-0.09677545726299286,0.3551904857158661,0.802747368812561,-0.14339132606983185,0.25108540058135986,0.8636696338653564,-0.1556166410446167,0.29998093843460083,0.8669425249099731,-0.13385125994682312,0.34664490818977356,0.8389840126037598,-0.11778955161571503,1.8791415831320482,1.1284808383217684,0.9259811633512581,0.7526178529452346,0.6566486616235149,1.096864026539359,0.2822764250469696,0.5596287873657619,thumbs_up
0.5336554646492004,0.8379801511764526,-4.455548605619697e-07,0.4936330318450928,0.66888827085495,0.002641845028847456,0.4229210317134857,0.48578643798828125,-0.018910126760601997,0.39727795124053955,0.34097257256507874,-0.04072929546236992,0.40738922357559204,0.2233794927597046,-0.06551609933376312,0.375686913728714,0.4675810933113098,-0.07769723981618881,0.23118065297603607,0.5084837675094604,-0.10672460496425629,0.23805996775627136,0.5537383556365967,-0.11116144806146622,0.2632579803466797,0.562679648399353,-0.11279541254043579,0.36306655406951904,0.5689072608947754,-0.09893548488616943,0.19864226877689362,0.6387073397636414,-0.12384332716464996,0.24070605635643005,0.6693494915962219,-0.11096692830324173,0.2933741509914398,0.659794807434082,-0.10482863336801529,0.35491442680358887,0.6858989596366882,-0.11645541340112686,0.2078617364168167,0.7608500123023987,-0.1346178948879242,0.25623729825019836,0.7770524621009827,-0.1066795065999031,0.3074643313884735,0.7567335963249207,-0.0923888087272644,0.35127079486846924,0.8036820292472839,-0.1328258514404297,0.24551723897457123,0.8618088960647583,-0.14693427085876465,0.29188597202301025,0.8697314858436584,-0.1267586350440979,0.3378417193889618,0.8457050323486328,-0.11208713799715042,1.8910262451650193,1.205121470174058,0.9501664834313246,0.77183829296778,0.6767269898931894,1.114095935645208,0.30572228873880836,0.573415860676709,thumbs_up
0.5350639820098877,0.8329620361328125,-4.448556580882723e-07,0.49397143721580505,0.6628797650337219,0.00440968107432127,0.422206312417984,0.4791812300682068,-0.016420597210526466,0.39318621158599854,0.33704641461372375,-0.03744020685553551,0.4084498882293701,0.22194433212280273,-0.06094204634428024,0.3681373596191406,0.466135174036026,-0.081001877784729,0.21849732100963593,0.5195949077606201,-0.11006182432174683,0.24366438388824463,0.5613197684288025,-0.11301494389772415,0.2843497395515442,0.5613819360733032,-0.11311502754688263,0.35662925243377686,0.5701313018798828,-0.1030738353729248,0.19373849034309387,0.6402273774147034,-0.1267125904560089,0.24014249444007874,0.6661449670791626,-0.11213338375091553,0.2963044345378876,0.6550686359405518,-0.10517708212137222,0.3509852886199951,0.6877083778381348,-0.12089573591947556,0.20887675881385803,0.7629103064537048,-0.13636833429336548,0.25616374611854553,0.7750155925750732,-0.10750861465930939,0.30809369683265686,0.7526343464851379,-0.09335488080978394,0.3492469787597656,0.8046820163726807,-0.13757239282131195,0.24490290880203247,0.8631584644317627,-0.14808134734630585,0.2915792763233185,0.8675376772880554,-0.12670302391052246,0.338371217250824,0.8421897292137146,-0.11171077936887741,1.8772499245303533,1.1573500883797605,0.9454882603790904,0.7731883236945367,0.6778513626376527,1.0933491036017888,0.2837860766805987,0.5745902515509715,thumbs_up
0.5374032258987427,0.8399286270141602,-4.987580837223504e-07,0.4968802332878113,0.6694045662879944,0.00779570359736681,0.42510756850242615,0.4855213761329651,-0.01106236968189478,0.39887383580207825,0.3395519554615021,-0.031737688928842545,0.4110196828842163,0.22231504321098328,-0.05515090376138687,0.3710678815841675,0.4639897048473358,-0.06792441010475159,0.2250855565071106,0.5099354982376099,-0.09719353169202805,0.23843857645988464,0.5565794706344604,-0.10317190736532211,0.27051782608032227,0.5624811053276062,-0.10570236295461655,0.35962414741516113,0.5616300106048584,-0.09193035960197449,0.19334276020526886,0.6369003057479858,-0.11588719487190247,0.23569351434707642,0.6682479977607727,-0.10382876545190811,0.2892836630344391,0.6568238735198975,-0.09814056754112244,0.35332491993904114,0.6767292022705078,-0.11250081658363342,0.20755551755428314,0.7578340768814087,-0.12914878129959106,0.25623777508735657,0.7737890481948853,-0.1016983613371849,0.3076055645942688,0.7510040998458862,-0.08784189820289612,0.3522096276283264,0.7943341732025146,-0.13186554610729218,0.24689090251922607,0.859228789806366,-0.1442258358001709,0.29487574100494385,0.8661999702453613,-0.12400748580694199,0.3416237533092499,0.8389245271682739,-0.1093892753124237,1.8460677218968122,1.1646126900621179,0.9440322328274875,0.7631201000273877,0.6542391231608534,1.0837311099523372,0.2814750885238426,0.5537064797603549,thumbs_up
0.5346867442131042,0.8355302810668945,-4.4117763309259317e-07,0.49183401465415955,0.663009762763977,0.0017843734240159392,0.42053431272506714,0.47686684131622314,-0.020789682865142822,0.3940393328666687,0.33237409591674805,-0.04344971477985382,0.4104871153831482,0.21405631303787231,-0.06822161376476288,0.36680537462234497,0.46310096979141235,-0.08326322585344315,0.21498040854930878,0.5235422849655151,-0.11375560611486435,0.24395620822906494,0.5658631324768066,-0.11654466390609741,0.2881065011024475,0.5625594258308411,-0.1165490373969078,0.3563268184661865,0.568749725818634,-0.10513559728860855,0.1933525949716568,0.6422863602638245,-0.13107937574386597,0.24139028787612915,0.6685266494750977,-0.11691701412200928,0.29830095171928406,0.6549894213676453,-0.11005868017673492,0.3518871068954468,0.6881727576255798,-0.12310729175806046,0.2086559683084488,0.7610001564025879,-0.1417563408613205,0.2571958005428314,0.774189293384552,-0.11288076639175415,0.30986499786376953,0.7506473660469055,-0.09803245961666107,0.35133251547813416,0.8062111139297485,-0.1401016116142273,0.24833950400352478,0.8621792793273926,-0.15370190143585205,0.2951805591583252,0.86604243516922,-0.13325977325439453,0.34187784790992737,0.8393774032592773,-0.11826329678297043,1.887571191613195,1.14266768720668,0.9391689276368232,0.7685577574792837,0.6698980624627906,1.1031075944298214,0.2760378278386493,0.5615856365406939,thumbs_up
0.5339735150337219,0.8336794376373291,-4.4924905751031474e-07,0.49261659383773804,0.6646610498428345,0.0009207325056195259,0.42190316319465637,0.4802674651145935,-0.022243602201342583,0.3980524241924286,0.3349842131137848,-0.045391280204057693,0.4105786383152008,0.21692395210266113,-0.07102269679307938,0.37419870495796204,0.46522659063339233,-0.08310282230377197,0.22321203351020813,0.5098497867584229,-0.11587755382061005,0.24020075798034668,0.5537639260292053,-0.12213122844696045,0.2760140895843506,0.558043897151947,-0.12402063608169556,0.36230167746543884,0.5683270692825317,-0.10397279262542725,0.19512556493282318,0.6369127631187439,-0.13148516416549683,0.2418232262134552,0.6651204228401184,-0.11866077780723572,0.29844191670417786,0.654582142829895,-0.11214067786931992,0.3554888069629669,0.6855576038360596,-0.12124577909708023,0.2078259140253067,0.7574853897094727,-0.14073143899440765,0.2577087879180908,0.7706360816955566,-0.11229415237903595,0.3112918734550476,0.7497829794883728,-0.09716197103261948,0.35315242409706116,0.8029525876045227,-0.1375226378440857,0.2452317625284195,0.8591710329055786,-0.1510680764913559,0.29211702942848206,0.8629919290542603,-0.13020212948322296,0.33945125341415405,0.837539792060852,-0.11493644118309021,1.9025002682751413,1.194339114940125,0.9510694845777967,0.7725511409035277,0.6791969911101601,1.1136284818164006,0.3000197619730082,0.5636135293236773,thumbs_up
0.5358380079269409,0.8273775577545166,-4.1579841081329505e-07,0.4908016324043274,0.6579216718673706,0.00146055209916085,0.4160025119781494,0.47186481952667236,-0.0218617245554924,0.39178532361984253,0.3285018801689148,-0.045464567840099335,0.41179436445236206,0.21246278285980225,-0.07063157856464386,0.36291879415512085,0.461014986038208,-0.08431870490312576,0.20789912343025208,0.5286462306976318,-0.11816326528787613,0.24376487731933594,0.5677512288093567,-0.12287388741970062,0.29056793451309204,0.5570833683013916,-0.12368345260620117,0.35551825165748596,0.5701038837432861,-0.10713294893503189,0.19100874662399292,0.6498088836669922,-0.13663826882839203,0.24536103010177612,0.6695243716239929,-0.12242570519447327,0.3024236559867859,0.6513713002204895,-0.11489696055650711,0.35323643684387207,0.6905261278152466,-0.1265268474817276,0.20939087867736816,0.7658843994140625,-0.14852851629257202,0.2624366879463196,0.7761933207511902,-0.11868741363286972,0.31478846073150635,0.7511261105537415,-0.10213587433099747,0.3541965186595917,0.8084908127784729,-0.14499090611934662,0.24868282675743103,0.8615615367889404,-0.1603337824344635,0.2981349229812622,0.8656766414642334,-0.13906702399253845,0.34471485018730164,0.8410388827323914,-0.12287367880344391,1.901754957689002,1.160983857164463,0.9462740935264485,0.7687102484490532,0.6857409880243809,1.1121124923906422,0.2875104326142015,0.5859191721498741,thumbs_up
0.5335578322410583,0.8341062068939209,-4.363145649222133e-07,0.49018996953964233,0.6628418564796448,0.00266232225112617,0.41936248540878296,0.4760398864746094,-0.02124856226146221,0.3979102075099945,0.32683223485946655,-0.045677550137043,0.411141961812973,0.20497870445251465,-0.07313314825296402,0.3712981045246124,0.4663131833076477,-0.08324531465768814,0.2254342883825302,0.5119616389274597,-0.11506525427103043,0.23901954293251038,0.5556992888450623,-0.12069667130708694,0.2703911066055298,0.5603392124176025,-0.1228797435760498,0.3616064488887787,0.5685443878173828,-0.10599301755428314,0.1976950764656067,0.6381195187568665,-0.1328340321779251,0.24025343358516693,0.6666919589042664,-0.12044277787208557,0.29352742433547974,0.6563719511032104,-0.1147242859005928,0.3567948341369629,0.6863209009170532,-0.12493763864040375,0.21029715240001678,0.763780415058136,-0.1434631049633026,0.2586212158203125,0.7767647504806519,-0.11524555087089539,0.31060683727264404,0.7536831498146057,-0.10092530399560928,0.35639968514442444,0.8033826947212219,-0.14283251762390137,0.24895530939102173,0.8627078533172607,-0.1560511440038681,0.2939143478870392,0.8674427270889282,-0.13538946211338043,0.3394135534763336,0.8403038382530212,-0.12079702317714691,1.9333929211749492,1.1962354652597016,0.958914386894079,0.772073618658573,0.685560640236907,1.1552164999686205,0.2970632158769523,0.5684512576040989,thumbs_up
0.534984827041626,0.8306407332420349,-3.9777458482603834e-07,0.49140265583992004,0.6585385203361511,0.0028681601397693157,0.42052823305130005,0.4751318693161011,-0.02116948924958706,0.3941497504711151,0.33215880393981934,-0.04505026713013649,0.40948066115379333,0.21456360816955566,-0.07190939784049988,0.3690429627895355,0.4629068076610565,-0.08771344274282455,0.21947455406188965,0.5195626616477966,-0.1171359047293663,0.24006080627441406,0.5585814118385315,-0.1195605993270874,0.2736667990684509,0.5571195483207703,-0.11959785223007202,0.3592924177646637,0.5705763101577759,-0.11047282069921494,0.19421371817588806,0.6450187563896179,-0.1359996497631073,0.24258628487586975,0.6684359908103943,-0.12111520022153854,0.2986598014831543,0.6545131206512451,-0.11400589346885681,0.3544463813304901,0.6916653513908386,-0.1285962015390396,0.2083643674850464,0.7642583847045898,-0.14631950855255127,0.25848379731178284,0.7750855684280396,-0.11627901345491409,0.3111895024776459,0.7523314356803894,-0.10104160010814667,0.3529728353023529,0.8119059801101685,-0.14542818069458008,0.2469407171010971,0.8635033965110779,-0.15851512551307678,0.29529181122779846,0.8661626577377319,-0.1365574151277542,0.3426675498485565,0.8408223986625671,-0.1206854060292244,1.9019577754068608,1.1924020202343044,0.9497879767137851,0.7746102479819381,0.6830745348887318,1.1167465408657704,0.30266603480972465,0.5757082517296473,thumbs_up
0.5366785526275635,0.8336608409881592,-4.3980801933685143e-07,0.4928303062915802,0.6655786633491516,0.0006146106170490384,0.4180663228034973,0.47666341066360474,-0.023084493353962898,0.39505600929260254,0.33029887080192566,-0.04693583399057388,0.4124915599822998,0.21263247728347778,-0.07280623912811279,0.3676348626613617,0.4648313522338867,-0.08569227159023285,0.21457144618034363,0.5264691710472107,-0.12193162739276886,0.24636106193065643,0.5668098330497742,-0.12966254353523254,0.2920452952384949,0.5570884346961975,-0.13244089484214783,0.3607178032398224,0.5717665553092957,-0.10818706452846527,0.1951342225074768,0.6483253836631775,-0.1388416737318039,0.24565821886062622,0.6719712018966675,-0.1261197328567505,0.3024693429470062,0.6550573706626892,-0.11924685537815094,0.3585008382797241,0.6912315487861633,-0.12749236822128296,0.2130126804113388,0.7682520747184753,-0.15000192821025848,0.26310908794403076,0.7787121534347534,-0.12136369943618774,0.3150513172149658,0.7521804571151733,-0.10525906085968018,0.3592607080936432,0.8089422583580017,-0.14581894874572754,0.2504124939441681,0.8652642369270325,-0.1605786383152008,0.29808032512664795,0.868401050567627,-0.13909493386745453,0.34527096152305603,0.8415074348449707,-0.12278792262077332,1.9112395662423136,1.1760538008110462,0.9526666702523636,0.7750813996057875,0.6821808698991375,1.108522068121438,0.29801047301012434,0.573624241624924,thumbs_up
0.5359932780265808,0.8340486884117126,-4.696234725543036e-07,0.4923049807548523,0.6671692132949829,0.0017068181186914444,0.4186791777610779,0.4808269739151001,-0.022893723100423813,0.3937665522098541,0.3364451229572296,-0.04737592861056328,0.40962186455726624,0.21693867444992065,-0.07461785525083542,0.3733469545841217,0.46445828676223755,-0.09068944305181503,0.22013187408447266,0.5222447514533997,-0.1238730400800705,0.24084873497486115,0.5669084191322327,-0.1276104748249054,0.2775683104991913,0.5647498965263367,-0.12821051478385925,0.3671819269657135,0.5710041522979736,-0.11402388662099838,0.19514520466327667,0.6486058831214905,-0.14333069324493408,0.24311646819114685,0.6771342158317566,-0.12839801609516144,0.3000735640525818,0.662149965763092,-0.12060081958770752,0.3652535080909729,0.6919774413108826,-0.13328738510608673,0.21202518045902252,0.7710326910018921,-0.1555127650499344,0.2620362341403961,0.7851815819740295,-0.1255599707365036,0.31514132022857666,0.7601333856582642,-0.10927316546440125,0.36589479446411133,0.8120775818824768,-0.15114885568618774,0.2521759271621704,0.8682995438575745,-0.16759523749351501,0.29884740710258484,0.8744709491729736,-0.14622996747493744,0.34661629796028137,0.8499782085418701,-0.13030768930912018,1.9065626427280835,1.1861698875222204,0.9492982319893069,0.7732224742047875,0.6925943305496337,1.1297630181095333,0.3013357881694234,0.5823566058862369,thumbs_up
0.5394913554191589,0.8348984718322754,-4.427767521519854e-07,0.4977973699569702,0.6639480590820312,0.0009033691021613777,0.42509058117866516,0.47831761837005615,-0.021941887214779854,0.39958691596984863,0.33243802189826965,-0.04434247687458992,0.41183361411094666,0.21518519520759583,-0.06918643414974213,0.37411078810691833,0.4720911383628845,-0.08724670112133026,0.22252753376960754,0.5251138806343079,-0.1189575046300888,0.2472207248210907,0.5663880109786987,-0.12302067875862122,0.28690075874328613,0.5654603838920593,-0.12385272979736328,0.36337706446647644,0.5780841112136841,-0.10836512595415115,0.197589710354805,0.6541098356246948,-0.13407805562019348,0.24620147049427032,0.67901211977005,-0.11929439753293991,0.3022441267967224,0.6638026237487793,-0.1125246211886406,0.35884934663772583,0.6974451541900635,-0.12569913268089294,0.21306510269641876,0.7754698395729065,-0.1443597674369812,0.2625645697116852,0.7871341109275818,-0.1152767762541771,0.31445521116256714,0.7614210844039917,-0.10065507888793945,0.35873889923095703,0.8156515955924988,-0.1419830024242401,0.2519683539867401,0.8733814358711243,-0.15562626719474792,0.30011895298957825,0.8775367140769958,-0.1344948709011078,0.34762731194496155,0.8514339327812195,-0.11939854919910431,1.9304315545433135,1.1814245607673188,0.9505220548292126,0.7801786528119246,0.6872126892411279,1.1400216450210785,0.30381962875014407,0.585848015211082,thumbs_up
0.5407108664512634,0.8340444564819336,-4.5542154225586273e-07,0.5000391602516174,0.6646748781204224,0.0022816092241555452,0.42518115043640137,0.4808695912361145,-0.020562266930937767,0.3989810049533844,0.33757519721984863,-0.04332421347498894,0.41325509548187256,0.221292644739151,-0.06918969005346298,0.382023423910141,0.46702834963798523,-0.08902012556791306,0.23075233399868011,0.5130147337913513,-0.12114202976226807,0.24412956833839417,0.5582761168479919,-0.12487395107746124,0.275776743888855,0.5633353590965271,-0.12531980872154236,0.370384156703949,0.5728394389152527,-0.11098060756921768,0.19960494339466095,0.6425142288208008,-0.1384752094745636,0.24399131536483765,0.672331690788269,-0.12334593385457993,0.299151748418808,0.6620082855224609,-0.11531601846218109,0.36361071467399597,0.6926580667495728,-0.12874099612236023,0.21322838962078094,0.7674015164375305,-0.14771562814712524,0.26287099719047546,0.7807356715202332,-0.11787374317646027,0.31566324830055237,0.7585416436195374,-0.1022811233997345,0.36131003499031067,0.8115622997283936,-0.14527994394302368,0.25259026885032654,0.8677207231521606,-0.1590411216020584,0.29966622591018677,0.8725475668907166,-0.13779646158218384,0.34634897112846375,0.8473170399665833,-0.12255316227674484,1.9023955273643074,1.205377397257717,0.9613190714696904,0.7809020821108725,0.695350197534599,1.1265674691120298,0.3078494854634117,0.5781437909355349,thumbs_up
0.5466803312301636,0.8385129570960999,-4.7201129405038955e-07,0.5047626495361328,0.6701418161392212,4.508142592385411e-05,0.4294218122959137,0.4792320132255554,-0.022959008812904358,0.40550851821899414,0.3311520516872406,-0.04579159989953041,0.41849058866500854,0.21479973196983337,-0.07107890397310257,0.38428616523742676,0.4688338041305542,-0.08753810077905655,0.22683803737163544,0.5240136981010437,-0.12304875999689102,0.25229430198669434,0.5652212500572205,-0.13026493787765503,0.29433614015579224,0.5641955137252808,-0.13261015713214874,0.37429651618003845,0.5728085041046143,-0.10913996398448944,0.20091257989406586,0.6532188653945923,-0.1376591920852661,0.25083523988723755,0.6772578954696655,-0.12460440397262573,0.3086263835430145,0.6611229181289673,-0.11847128719091415,0.3704601526260376,0.6920331716537476,-0.12746433913707733,0.2167179137468338,0.773902952671051,-0.14869360625743866,0.266373872756958,0.7853084802627563,-0.12036095559597015,0.31942808628082275,0.7597347497940063,-0.10542190819978714,0.370571494102478,0.8119401335716248,-0.1448678970336914,0.2585940659046173,0.8753262758255005,-0.16005085408687592,0.30567434430122375,0.8782897591590881,-0.13968481123447418,0.3539113998413086,0.8506826758384705,-0.1247747540473938,1.9125341507207423,1.1809356721688915,0.9541519101667086,0.7838987629828206,0.6864086684106927,1.1219876515541585,0.2954900333545406,0.58207152571835,thumbs_up
0.5453929901123047,0.832233190536499,-5.00655573887343e-07,0.5022346377372742,0.6636126041412354,0.003187880851328373,0.4303698241710663,0.4784303307533264,-0.020457662642002106,0.4043937623500824,0.3350294232368469,-0.044061630964279175,0.42130255699157715,0.21737328171730042,-0.06993739306926727,0.3825851082801819,0.46212801337242126,-0.0928334891796112,0.22289025783538818,0.5194812417030334,-0.12550395727157593,0.2512896656990051,0.5623400211334229,-0.1275106817483902,0.2948604226112366,0.5597232580184937,-0.12685026228427887,0.37748315930366516,0.5665645003318787,-0.11617998033761978,0.20152093470096588,0.6514385342597961,-0.14493347704410553,0.252419114112854,0.6747666001319885,-0.12882161140441895,0.3109295666217804,0.6568019390106201,-0.12070192396640778,0.37639838457107544,0.6859146356582642,-0.1350739300251007,0.22246871888637543,0.7732009887695312,-0.15422232449054718,0.27168726921081543,0.7834645509719849,-0.12284567952156067,0.32414984703063965,0.7549676895141602,-0.10683488100767136,0.3782804310321808,0.8055799603462219,-0.1527835875749588,0.26373952627182007,0.8720613718032837,-0.16653558611869812,0.3110557198524475,0.8736481666564941,-0.14483509957790375,0.3589485287666321,0.8441566228866577,-0.12937213480472565,1.8836173076052969,1.1678286514775875,0.9452659259839631,0.7686457502700591,0.6782044240129591,1.1023504945669258,0.2942415895578499,0.5778036705435033,thumbs_up
0.5472005605697632,0.8334914445877075,-4.782585847351584e-07,0.5056918859481812,0.6630710959434509,0.0019654068164527416,0.4311980605125427,0.4750540256500244,-0.02232309617102146,0.407569944858551,0.3291897177696228,-0.04696737229824066,0.4238303005695343,0.2109961211681366,-0.07435306161642075,0.3887752294540405,0.46358439326286316,-0.09194864332675934,0.2321266233921051,0.5164077281951904,-0.1281270533800125,0.25686100125312805,0.5581393837928772,-0.1335713118314743,0.29769596457481384,0.5565202832221985,-0.13472995162010193,0.38020381331443787,0.5715840458869934,-0.11572670191526413,0.20612962543964386,0.6483705639839172,-0.14709433913230896,0.2562672197818756,0.6709320545196533,-0.1329670250415802,0.3137032091617584,0.6531645059585571,-0.12583574652671814,0.37698355317115784,0.694033145904541,-0.13567806780338287,0.21870940923690796,0.7700480222702026,-0.16004252433776855,0.2705266773700714,0.7809309959411621,-0.13038577139377594,0.32535409927368164,0.7537726759910583,-0.11410881578922272,0.37822309136390686,0.8152929544448853,-0.15421165525913239,0.26120859384536743,0.8726702928543091,-0.1723349392414093,0.30958452820777893,0.8746823668479919,-0.15180988609790802,0.3604715168476105,0.847205400466919,-0.13632763922214508,1.9275688247575964,1.1958033590223702,0.9676064557890715,0.7901016498163256,0.6987074813081795,1.1245128343732316,0.2967445946597473,0.6029780762897556,thumbs_up
0.5465278625488281,0.8343230485916138,-4.541877558494889e-07,0.5073791742324829,0.6657865047454834,-1.0984912478306796e-05,0.4344019293785095,0.4776816964149475,-0.025186989456415176,0.4130231738090515,0.3301565945148468,-0.04993438720703125,0.4275466203689575,0.21079868078231812,-0.07810726016759872,0.39882388710975647,0.4706796705722809,-0.09695468097925186,0.24025380611419678,0.5086562037467957,-0.13289718329906464,0.2563364803791046,0.5509151220321655,-0.13906705379486084,0.2929545044898987,0.5571658611297607,-0.14069773256778717,0.38670614361763,0.5768216252326965,-0.11851576715707779,0.20882639288902283,0.6443973779678345,-0.1481325626373291,0.25453686714172363,0.6683433651924133,-0.1338040977716446,0.3127049505710602,0.6557441353797913,-0.12712928652763367,0.38062790036201477,0.6974979639053345,-0.13604198396205902,0.22014831006526947,0.7666356563568115,-0.1579994410276413,0.2691636085510254,0.7766886949539185,-0.12869958579540253,0.3248750567436218,0.7531290054321289,-0.11337268352508545,0.37974417209625244,0.8170055150985718,-0.1522296965122223,0.26182273030281067,0.869986355304718,-0.16851261258125305,0.307958722114563,0.8711163997650146,-0.14784125983715057,0.35864999890327454,0.8447201251983643,-0.13305625319480896,1.96535955782067,1.2326859606082843,0.9849132121144558,0.8047191488842113,0.7081862767715497,1.157997720085241,0.31174975489507856,0.597913069721796,thumbs_up
0.5514537692070007,0.8309354782104492,-4.84855320337374e-07,0.5083364248275757,0.6607584357261658,0.0026388405822217464,0.4355355203151703,0.4741881489753723,-0.02075132541358471,0.40965473651885986,0.33133837580680847,-0.044100623577833176,0.42787471413612366,0.2150270640850067,-0.06965359300374985,0.3887818455696106,0.46277937293052673,-0.09061945229768753,0.22846373915672302,0.5222729444503784,-0.12444253265857697,0.26125219464302063,0.5629299283027649,-0.127894788980484,0.3078273832798004,0.5582186579704285,-0.12793830037117004,0.3816903233528137,0.5694409608840942,-0.11409297585487366,0.2067665159702301,0.647468626499176,-0.14253994822502136,0.2601833939552307,0.6702850461006165,-0.126963809132576,0.319515198469162,0.6548701524734497,-0.11928923428058624,0.38008633255958557,0.6899788975715637,-0.13345064222812653,0.22596125304698944,0.7687033414840698,-0.15386812388896942,0.2784796953201294,0.779634952545166,-0.12329749763011932,0.3330584168434143,0.7543176412582397,-0.10742295533418655,0.3821931481361389,0.8106100559234619,-0.1516248881816864,0.26867225766181946,0.8716048002243042,-0.16696113348007202,0.31835439801216125,0.8732962608337402,-0.14602887630462646,0.36816123127937317,0.845974862575531,-0.13076211512088776,1.9037781948717738,1.1669741764817319,0.9478662525766849,0.7685781497497868,0.679711114470768,1.1091449086793719,0.2944043970793689,0.5949968092395154,thumbs_up
0.5537866353988647,0.8357408046722412,-4.935417905471695e-07,0.5113520622253418,0.6684675812721252,0.00026176474057137966,0.43519827723503113,0.48059290647506714,-0.024573704227805138,0.41273534297943115,0.33362337946891785,-0.04961323365569115,0.43136364221572876,0.21490955352783203,-0.07680929452180862,0.39466652274131775,0.4635728895664215,-0.09144420176744461,0.23252128064632416,0.5169203281402588,-0.13044746220111847,0.262288361787796,0.5594131350517273,-0.13823442161083221,0.310175359249115,0.5558377504348755,-0.1405038833618164,0.38822102546691895,0.5704083442687988,-0.11444596201181412,0.2107924520969391,0.6469171047210693,-0.14824911952018738,0.262190043926239,0.6707152128219604,-0.1348865032196045,0.32184916734695435,0.653841495513916,-0.12775856256484985,0.3854025602340698,0.6912243366241455,-0.1342954784631729,0.22743923962116241,0.7674896121025085,-0.15980935096740723,0.2791164815425873,0.7787794470787048,-0.1302187591791153,0.33408311009407043,0.7528405785560608,-0.11350435018539429,0.3862745463848114,0.8107858896255493,-0.15304236114025116,0.2698078155517578,0.8683698177337646,-0.17112712562084198,0.3183880150318146,0.8710829019546509,-0.1506710797548294,0.3685065805912018,0.843697726726532,-0.1351497769355774,1.9140115008892222,1.1914057455412932,0.964629509838983,0.7831523177251927,0.6890341460525388,1.1031611957444918,0.29881655388106604,0.5874620959117371,thumbs_up
0.5533978939056396,0.8350058197975159,-4.633658079455927e-07,0.5101301074028015,0.6641364097595215,0.0018507132772356272,0.4380785822868347,0.47857820987701416,-0.022402474656701088,0.4112923741340637,0.33475032448768616,-0.046870797872543335,0.42969757318496704,0.21521064639091492,-0.07299674302339554,0.387908399105072,0.46241775155067444,-0.08872687816619873,0.22531427443027496,0.5259817838668823,-0.12370340526103973,0.2630850076675415,0.5641722083091736,-0.12807753682136536,0.3140060305595398,0.5554723143577576,-0.12818023562431335,0.38064152002334595,0.5698250532150269,-0.11178499460220337,0.20781365036964417,0.6498711109161377,-0.14101862907409668,0.2614467740058899,0.6689006686210632,-0.12617498636245728,0.32041436433792114,0.6503381729125977,-0.11870786547660828,0.37839674949645996,0.690507173538208,-0.13110314309597015,0.22681781649589539,0.7669366598129272,-0.15234896540641785,0.2782128155231476,0.7761324048042297,-0.12193554639816284,0.33255162835121155,0.7497189044952393,-0.10551083832979202,0.3794059157371521,0.8105168342590332,-0.14939840137958527,0.2685779631137848,0.8683297634124756,-0.16428467631340027,0.3170451819896698,0.8693600296974182,-0.1429869383573532,0.36637070775032043,0.8426194787025452,-0.1270313262939453,1.8954777552743638,1.1610686030616366,0.9537179142731834,0.7721988078987961,0.6739625189050744,1.0832772583045174,0.2846782250872939,0.5895161609718917,thumbs_up
0.5550966858863831,0.8329445123672485,-5.284326221044466e-07,0.512070894241333,0.664641797542572,0.0038283132016658783,0.43671590089797974,0.4777131676673889,-0.01861758343875408,0.4123069643974304,0.3332527279853821,-0.04199608787894249,0.434942364692688,0.21704021096229553,-0.06721608340740204,0.3929924964904785,0.46462482213974,-0.08518514037132263,0.23115713894367218,0.5202416777610779,-0.1225808635354042,0.2646290063858032,0.5615037679672241,-0.12959274649620056,0.3145027458667755,0.557448148727417,-0.13108696043491364,0.3877827525138855,0.5690436363220215,-0.1088825911283493,0.21208490431308746,0.6484471559524536,-0.1404976099729538,0.2647116780281067,0.6703535914421082,-0.12677115201950073,0.3237074613571167,0.6520205736160278,-0.11929016560316086,0.3867790400981903,0.6876528859138489,-0.12918172776699066,0.23201075196266174,0.7666381001472473,-0.1522243171930313,0.2831135094165802,0.7767294645309448,-0.12252011895179749,0.3370080888271332,0.7490153312683105,-0.1058427095413208,0.3889751434326172,0.8067694306373596,-0.14827197790145874,0.2722514271736145,0.8660368323326111,-0.16365282237529755,0.32064783573150635,0.8669856190681458,-0.14248831570148468,0.3705551028251648,0.8390312194824219,-0.12660443782806396,1.9072474536344204,1.174213740257685,0.9580723897495221,0.7752634756336078,0.6765756373556171,1.1081706777938758,0.2893603622390697,0.5830431953024867,thumbs_up
0.553834855556488,0.8293693661689758,-5.063565140517312e-07,0.5111305713653564,0.6615251898765564,0.0031755089294165373,0.4395976662635803,0.47638341784477234,-0.020971566438674927,0.41465386748313904,0.3324998915195465,-0.04543069377541542,0.4286370873451233,0.21344316005706787,-0.07266237586736679,0.39695531129837036,0.46406644582748413,-0.09306691586971283,0.23852473497390747,0.5149634480476379,-0.12568256258964539,0.25876638293266296,0.5569348335266113,-0.12776891887187958,0.2969822287559509,0.5594610571861267,-0.1270793378353119,0.3915301561355591,0.5667273998260498,-0.11658447235822678,0.21480661630630493,0.6493350863456726,-0.14498597383499146,0.2624790668487549,0.671550989151001,-0.12943734228610992,0.3195742964744568,0.6530197858810425,-0.12235992401838303,0.38968223333358765,0.6849648952484131,-0.13569369912147522,0.23136328160762787,0.7675889134407043,-0.15664973855018616,0.28105780482292175,0.7771492004394531,-0.12666679918766022,0.33485162258148193,0.7486014366149902,-0.11157872527837753,0.3907952308654785,0.8039214015007019,-0.15338680148124695,0.27375197410583496,0.8642336130142212,-0.16979645192623138,0.32147982716560364,0.8665027618408203,-0.14939998090267181,0.37172988057136536,0.839194118976593,-0.13480867445468903,1.9171550408830977,1.192838631592632,0.9627310861919487,0.7838880347404714,0.6871801792123936,1.1338432479646947,0.2919888033864437,0.5870543294113235,thumbs_up
0.5547447204589844,0.8261972069740295,-4.447480250746594e-07,0.5121999979019165,0.6588857173919678,0.001131440862081945,0.43890807032585144,0.47742950916290283,-0.022219836711883545,0.4114095866680145,0.3367321193218231,-0.04573100060224533,0.4302566647529602,0.21965646743774414,-0.07051662355661392,0.38698092103004456,0.46409133076667786,-0.08535464107990265,0.22795191407203674,0.5323883295059204,-0.12182977050542831,0.2694290578365326,0.5679869055747986,-0.12792569398880005,0.3219680190086365,0.5543404817581177,-0.12894190847873688,0.37961655855178833,0.5725129842758179,-0.10791494697332382,0.21246570348739624,0.653296172618866,-0.13818231225013733,0.26762300729751587,0.6709935665130615,-0.1239321380853653,0.3267521262168884,0.6515219211578369,-0.11641250550746918,0.37772566080093384,0.6935651302337646,-0.127252459526062,0.23006218671798706,0.7680808305740356,-0.1504320353269577,0.28144562244415283,0.7782529592514038,-0.12039334326982498,0.33525773882865906,0.7522110342979431,-0.10345229506492615,0.3795067071914673,0.8131238222122192,-0.14564363658428192,0.271001935005188,0.868547797203064,-0.16237594187259674,0.3201155960559845,0.8710507750511169,-0.1414279341697693,0.36944466829299927,0.846307635307312,-0.12508028745651245,1.9080658543268345,1.164756178491437,0.9488773070491634,0.7766979809271596,0.6872711268896702,1.0917901312435074,0.3003692582556147,0.6111262081612873,thumbs_up
0.5507588386535645,0.827826201915741,-4.849040351473377e-07,0.5082798004150391,0.6595667004585266,0.004862173926085234,0.4368027150630951,0.47686105966567993,-0.018896548077464104,0.4135251045227051,0.33374735713005066,-0.04274604097008705,0.4315268397331238,0.21820801496505737,-0.06923426687717438,0.394072026014328,0.4637134075164795,-0.0919327661395073,0.23530757427215576,0.5191466808319092,-0.12318968027830124,0.2613668143749237,0.5615699887275696,-0.12510868906974792,0.3040444552898407,0.5603694319725037,-0.12434988468885422,0.3868478238582611,0.5676844120025635,-0.11497880518436432,0.2133980542421341,0.6473808884620667,-0.1413416713476181,0.26305079460144043,0.6699740290641785,-0.12486787140369415,0.32169774174690247,0.6536797285079956,-0.1167389303445816,0.38349342346191406,0.6860628724098206,-0.13312625885009766,0.2332308143377304,0.7671149373054504,-0.1497466117143631,0.2827213406562805,0.7761362195014954,-0.11857756227254868,0.33511388301849365,0.7495732307434082,-0.10310781002044678,0.3831416070461273,0.8047094345092773,-0.14988279342651367,0.2729399800300598,0.8627920150756836,-0.161699116230011,0.32073187828063965,0.8641237616539001,-0.1394166648387909,0.3682543933391571,0.837123453617096,-0.12383139878511429,1.9039662245711673,1.1713852743536999,0.9459342007893743,0.7661686128179248,0.6724497103093279,1.1249117465763445,0.2902184102063299,0.5769403503146888,thumbs_up
0.5522647500038147,0.8281938433647156,-4.295778808227624e-07,0.5089865922927856,0.6591700315475464,0.001054619555361569,0.43649277091026306,0.47541797161102295,-0.022390078753232956,0.413150817155838,0.3325403332710266,-0.04609851911664009,0.43203866481781006,0.21793246269226074,-0.0716523751616478,0.38722631335258484,0.4645082354545593,-0.08782798051834106,0.23183530569076538,0.5324787497520447,-0.12339223176240921,0.27000465989112854,0.5674211382865906,-0.12846314907073975,0.3188569247722626,0.5523977279663086,-0.129494309425354,0.3812803328037262,0.5720779895782471,-0.11107823252677917,0.21400122344493866,0.6533175110816956,-0.1417822539806366,0.2675587236881256,0.6711293458938599,-0.12774066627025604,0.32477885484695435,0.6498231887817383,-0.12049364298582077,0.3809225857257843,0.6925960779190063,-0.13092368841171265,0.23143577575683594,0.7704405784606934,-0.1544911116361618,0.2822229266166687,0.7796661257743835,-0.12490803003311157,0.3345843553543091,0.7504135966300964,-0.10847093164920807,0.384409099817276,0.8115512728691101,-0.14978285133838654,0.2735304832458496,0.8715351223945618,-0.16701391339302063,0.32121598720550537,0.8727244138717651,-0.14665202796459198,0.36964547634124756,0.8444197177886963,-0.1310521811246872,1.912540213669858,1.1724157904351349,0.9566736040625216,0.7799891296300568,0.6884026480747577,1.0929673632888983,0.2994163638966369,0.6108741366543287,thumbs_up
0.5510216355323792,0.8356271982192993,-4.298119620216312e-07,0.5103484392166138,0.665164053440094,0.0013252462958917022,0.4401821494102478,0.48001739382743835,-0.023025134578347206,0.4173204004764557,0.33578214049339294,-0.04646434262394905,0.4346614480018616,0.2211267054080963,-0.07238689810037613,0.3987528383731842,0.4658395051956177,-0.09534591436386108,0.241810142993927,0.5209987759590149,-0.12714195251464844,0.2678035497665405,0.5597659945487976,-0.12949061393737793,0.308098167181015,0.5564798712730408,-0.12920181453227997,0.38774561882019043,0.5721747875213623,-0.11679646372795105,0.21649856865406036,0.6476616859436035,-0.14388546347618103,0.26509252190589905,0.6699330806732178,-0.12790583074092865,0.32291358709335327,0.6545970439910889,-0.1200207844376564,0.38150572776794434,0.6912695169448853,-0.13359618186950684,0.23313391208648682,0.7684981822967529,-0.15140590071678162,0.2815156579017639,0.7786970734596252,-0.12076542526483536,0.33394959568977356,0.7537015676498413,-0.10536286979913712,0.3793817162513733,0.8093253374099731,-0.1493566632270813,0.2747514843940735,0.8674915432929993,-0.16218619048595428,0.32265856862068176,0.8699684143066406,-0.14067193865776062,0.36986684799194336,0.8429473638534546,-0.12550391256809235,1.9008243166494567,1.183356734809159,0.9509514641494798,0.7693328159235461,0.6657264425527356,1.0956867982208274,0.3008651264692711,0.5862889142460228,thumbs_up
0.5565029382705688,0.8276108503341675,-4.865712526225252e-07,0.513390839099884,0.6620133519172668,0.004193147644400597,0.44009676575660706,0.4793128967285156,-0.018438750877976418,0.413857102394104,0.3391037583351135,-0.041581012308597565,0.4337764382362366,0.2259136438369751,-0.06707408279180527,0.39518725872039795,0.46749788522720337,-0.08724299818277359,0.23975802958011627,0.5246495008468628,-0.12070370465517044,0.26799923181533813,0.5643821954727173,-0.12419746071100235,0.31081855297088623,0.5611699223518372,-0.12437374144792557,0.3901459574699402,0.5710399746894836,-0.11172742396593094,0.21629947423934937,0.6513779163360596,-0.14090044796466827,0.26790374517440796,0.6723048090934753,-0.12613171339035034,0.32578110694885254,0.6547719836235046,-0.11871685832738876,0.3903510272502899,0.6889625191688538,-0.13211026787757874,0.23504552245140076,0.7705138325691223,-0.15349812805652618,0.28678375482559204,0.7794921398162842,-0.12329846620559692,0.3399404287338257,0.7517448663711548,-0.10734911262989044,0.3946904242038727,0.8073968887329102,-0.15114256739616394,0.2779915928840637,0.8699386119842529,-0.16704107820987701,0.326974481344223,0.8710646629333496,-0.14601509273052216,0.37658464908599854,0.8426930904388428,-0.13065095245838165,1.8974850464622262,1.1769746599990516,0.9576479758055697,0.7781610952959711,0.6845587058236761,1.11090194318165,0.29168258869828684,0.5990755098771539,thumbs_up
0.552537739276886,0.8322192430496216,-4.5055114128444984e-07,0.5141787528991699,0.6661405563354492,-0.0006867972551845014,0.4425922632217407,0.4809189438819885,-0.025449136272072792,0.4201126992702484,0.3367893099784851,-0.04969870671629906,0.4348776936531067,0.2208135724067688,-0.07694774121046066,0.4046453535556793,0.46861618757247925,-0.09570664167404175,0.2480345219373703,0.5129944086074829,-0.13171477615833282,0.2664734721183777,0.5552834272384644,-0.13742706179618835,0.3034422993659973,0.5565941333770752,-0.13874344527721405,0.39434337615966797,0.5745756030082703,-0.11691935360431671,0.21943943202495575,0.6454856395721436,-0.14800478518009186,0.26633602380752563,0.6695516109466553,-0.1337592601776123,0.32385334372520447,0.6545407772064209,-0.12628494203090668,0.3891834020614624,0.6944095492362976,-0.13424848020076752,0.23257145285606384,0.7696864604949951,-0.15701305866241455,0.2813849449157715,0.7802516222000122,-0.12771475315093994,0.3353898823261261,0.7542701959609985,-0.1117975264787674,0.3884783685207367,0.8129609823226929,-0.15042003989219666,0.27302858233451843,0.870158314704895,-0.1667698472738266,0.3189905285835266,0.8723443150520325,-0.1462409943342209,0.3683936297893524,0.8451420068740845,-0.13114847242832184,1.9353738942948004,1.2233951208350657,0.97463745667239,0.7909009592644156,0.6985603026726833,1.1286117344120092,0.31103484522663183,0.604021862636255,thumbs_up
0.5579946041107178,0.8326628804206848,-4.3428212848084513e-07,0.5174267292022705,0.6630933284759521,0.0014145502354949713,0.4434131383895874,0.4775019586086273,-0.02171107567846775,0.4164714217185974,0.33554795384407043,-0.04438994452357292,0.43548426032066345,0.22068041563034058,-0.06943859159946442,0.3981037139892578,0.4665553867816925,-0.09018445760011673,0.2421000599861145,0.5228736996650696,-0.12461899220943451,0.2739967703819275,0.5591642260551453,-0.1293090581893921,0.3191232681274414,0.5533475279808044,-0.12964791059494019,0.3877513110637665,0.5744200348854065,-0.11216448247432709,0.21750500798225403,0.6448075771331787,-0.14091026782989502,0.26955562829971313,0.6654494404792786,-0.12619680166244507,0.32845842838287354,0.6508920192718506,-0.11833955347537994,0.38339969515800476,0.6949843764305115,-0.13011534512043,0.23248271644115448,0.7667464017868042,-0.1506100296974182,0.2834935188293457,0.7753825187683105,-0.12113665044307709,0.3381865322589874,0.7509778141975403,-0.10523094236850739,0.38379839062690735,0.8144391179084778,-0.1469680815935135,0.2745652198791504,0.8698047399520874,-0.16119948029518127,0.32256704568862915,0.8713304996490479,-0.14021627604961395,0.37159493565559387,0.8459998369216919,-0.12461742013692856,1.9086286279055813,1.1845035969884399,0.9598323221289037,0.7811835336415822,0.6826820934116244,1.0866743779646126,0.29980178761559917,0.6076183729843627,thumbs_up
0.5567994713783264,0.8308143019676208,-5.11222879140405e-07,0.5153740644454956,0.6646948456764221,0.0017599239945411682,0.44269847869873047,0.47950685024261475,-0.022992068901658058,0.4191264510154724,0.33566051721572876,-0.047487467527389526,0.4381594657897949,0.21955910325050354,-0.07429160177707672,0.40335869789123535,0.4653216600418091,-0.09700533747673035,0.23967358469963074,0.5215795040130615,-0.1329243928194046,0.268471896648407,0.5633159875869751,-0.1365792602300644,0.3143603205680847,0.5605958700180054,-0.13637693226337433,0.3984594941139221,0.5707628130912781,-0.11992515623569489,0.21856199204921722,0.65238356590271,-0.1513715535402298,0.27015119791030884,0.6741698980331421,-0.13549499213695526,0.3292933702468872,0.6560729742050171,-0.12729309499263763,0.3971698582172394,0.6899798512458801,-0.13864317536354065,0.2370324730873108,0.7702450156211853,-0.16126714646816254,0.28762808442115784,0.7806302309036255,-0.13008390367031097,0.34120577573776245,0.7541323304176331,-0.11336890608072281,0.39863070845603943,0.8092588186264038,-0.15605510771274567,0.27895036339759827,0.8685394525527954,-0.17298932373523712,0.32640647888183594,0.8703148365020752,-0.15218369662761688,0.37551403045654297,0.8428447842597961,-0.13692258298397064,1.9163108284089592,1.1851087259540372,0.9590812609482605,0.7803898523176853,0.6952286975528518,1.1248448774063706,0.29662071165566306,0.5887159049067247,thumbs_up
0.5590771436691284,0.8336964249610901,-4.618009938894829e-07,0.5157131552696228,0.6665171384811401,0.001084074261598289,0.44220101833343506,0.4801896810531616,-0.023218141868710518,0.41711127758026123,0.3378797471523285,-0.04747170954942703,0.43794262409210205,0.2207423448562622,-0.07328648120164871,0.39184409379959106,0.46434783935546875,-0.09067028760910034,0.2301410585641861,0.5350527763366699,-0.12700225412845612,0.27238553762435913,0.5719671249389648,-0.13103622198104858,0.32459235191345215,0.5559765696525574,-0.13079988956451416,0.3887767195701599,0.5727758407592773,-0.11402690410614014,0.21551300585269928,0.6552416682243347,-0.14529432356357574,0.2711232006549835,0.6740554571151733,-0.1296735554933548,0.32987481355667114,0.6528882384300232,-0.12128515541553497,0.3902786374092102,0.6937190890312195,-0.13384480774402618,0.23510423302650452,0.7712203860282898,-0.157789945602417,0.2868449091911316,0.7805044651031494,-0.12719666957855225,0.3411009609699249,0.751859188079834,-0.10990048944950104,0.39439794421195984,0.8130425810813904,-0.15248337388038635,0.27681219577789307,0.8690506219863892,-0.16974276304244995,0.3250634968280792,0.8707875609397888,-0.1487112045288086,0.3756250739097595,0.8441072106361389,-0.13236449658870697,1.8960567041009406,1.1642610396360062,0.9527882289281769,0.7759925930274124,0.6825349093245815,1.080569806366089,0.2939234269950299,0.5935315973238393,thumbs_up
0.5564336180686951,0.8379372358322144,-4.2612171569089696e-07,0.5143279433250427,0.6685016751289368,0.0004885035450570285,0.44200268387794495,0.4814084768295288,-0.02348981238901615,0.4192485809326172,0.33594974875450134,-0.047490619122982025,0.4407505393028259,0.22070378065109253,-0.07307449728250504,0.3941057324409485,0.4709187150001526,-0.08847734332084656,0.2315598875284195,0.5328765511512756,-0.12716321647167206,0.27192431688308716,0.5676447153091431,-0.1360277235507965,0.32482218742370605,0.5565212965011597,-0.13855494558811188,0.3859686851501465,0.5792179703712463,-0.11031480878591537,0.21525824069976807,0.6543768644332886,-0.14192377030849457,0.2699589133262634,0.672279417514801,-0.12880344688892365,0.32928547263145447,0.6548010110855103,-0.12163791805505753,0.38259783387184143,0.6981616020202637,-0.12895195186138153,0.23582714796066284,0.7717909812927246,-0.15115514397621155,0.2863233983516693,0.7799526453018188,-0.12151756137609482,0.3396703004837036,0.7544823884963989,-0.10476242005825043,0.3819934129714966,0.8157832622528076,-0.1468338668346405,0.274713933467865,0.8704285621643066,-0.16083061695098877,0.3233923316001892,0.8709537386894226,-0.13902458548545837,0.37168049812316895,0.8451845645904541,-0.12249875068664551,1.9223200982295436,1.1855839314867804,0.9611886793062048,0.7747625512782981,0.674382781715054,1.098411152816128,0.3035272832164421,0.5930643785238179,thumbs_up
